curva,sentido,Z,kappa,omega2,l1
1,1,20.0,0.7034701204002224,NaN,-0.01869361606624198
1,1,20.01412659412807,0.7028651276888662,NaN,-0.01866090579447944
1,1,20.03476279223489,0.7019833257714445,NaN,-0.01861316815118183
1,1,20.064132370713896,0.7007323644651731,NaN,-0.01854532087808966
1,1,20.105931439003783,0.6989600887274859,NaN,-0.018448948160361724
1,1,20.16542044274217,0.6964540387322264,NaN,-0.018312168244742466
1,1,20.236056004537765,0.6935029797174679,NaN,-0.01815033365518376
1,1,20.306692480944246,0.6905781968303571,NaN,-0.01798911492464004
1,1,20.377329856014928,0.6876793356360277,NaN,-0.01782850665663
1,1,20.447968114598307,0.6848060481104825,NaN,-0.017668503533097797
1,1,20.518607241872843,0.6819579925125956,NaN,-0.017509100313783874
1,1,20.58924722333812,0.6791348332410589,NaN,-0.01735029183460126
1,1,20.659888044806266,0.6763362406952781,NaN,-0.01719207300605398
1,1,20.730529692393674,0.6735618911400727,NaN,-0.01703443881169288
1,1,20.801172152512958,0.6708114665740799,NaN,-0.01687738430662262
1,1,20.871815411865178,0.6680846546017333,NaN,-0.016720904616038874
1,1,20.942459457432303,0.6653811483086948,NaN,-0.016564994933810556
1,1,21.013104276469907,0.6627006461406455,NaN,-0.01640965052109577
1,1,21.0837498565001,0.6600428517853151,NaN,-0.01625486670499704
1,1,21.154396185304655,0.6574074740576522,NaN,-0.016100638877248247
1,1,21.22504325091838,0.6547942267880493,NaN,-0.01594696249293659
1,1,21.295691041622646,0.6522028287135017,NaN,-0.01579383306925996
1,1,21.366339545939162,0.649633003371638,NaN,-0.015641246184313118
1,1,21.436988752623897,0.6470844789975039,NaN,-0.015489197475902862
1,1,21.507638650661203,0.6445569884230475,NaN,-0.01533768264039971
1,1,21.578289229258118,0.6420502689791941,NaN,-0.01518669743161228
1,1,21.64894047783882,0.6395640624004462,NaN,-0.015036237659691198
1,1,21.719592386039267,0.637098114731932,NaN,-0.01488629919006259
1,1,21.790244943701968,0.6346521762388286,NaN,-0.014736877942386602
1,1,21.86089814087094,0.6322260013180777,NaN,-0.01458796988953677
1,1,21.931551967786785,0.629819348412349,NaN,-0.014439571056615662
1,1,22.00220641488192,0.6274319799261445,NaN,-0.014291677519979298
1,1,22.072861472775944,0.6250636621440387,NaN,-0.01414428540630066
1,1,22.143517132271143,0.6227141651509305,NaN,-0.013997390891642633
1,1,22.21417338434811,0.6203832627542886,NaN,-0.013850990200560721
1,1,22.284830220161506,0.6180707324083183,NaN,-0.013705079605225608
1,1,22.35548763103593,0.6157763551399922,NaN,-0.013559655424564492
1,1,22.42614560846191,0.6134999154768978,NaN,-0.013414714023423431
1,1,22.496804144091993,0.6112412013768386,NaN,-0.013270251811750837
1,1,22.567463229736983,0.6090000041591561,NaN,-0.01312626524379859
1,1,22.638122857362234,0.6067761184377023,NaN,-0.012982750817338996
1,1,22.70878301908407,0.6045693420554298,NaN,-0.012839705072907354
1,1,22.779443707166315,0.6023794760205584,NaN,-0.012697124593052278
1,1,22.850104914016896,0.6002063244442496,NaN,-0.01255500600160972
1,1,22.920766632184545,0.5980496944797802,NaN,-0.0124133459629917
1,1,22.9914288543556,0.5959093962631418,NaN,-0.012272141181488928
1,1,23.062091573350887,0.5937852428550507,NaN,-0.012131388400593482
1,1,23.132754782122678,0.5916770501843138,NaN,-0.011991084402330848
1,1,23.20341847375174,0.5895846369925174,NaN,-0.011851226006611135
1,1,23.274082641444465,0.5875078247800084,NaN,-0.011711810070593007
1,1,23.34474727853007,0.5854464377531228,NaN,-0.01157283348806299
1,1,23.415412378457862,0.583400302772641,NaN,-0.011434293188823365
1,1,23.486077934794608,0.581369249303412,NaN,-0.011296186138103077
1,1,23.556743941221928,0.5793531093651506,NaN,-0.011158509335967626
1,1,23.627410391533793,0.5773517174843408,NaN,-0.011021259816755578
1,1,23.698077279634074,0.5753649106472413,NaN,-0.010884434648516864
1,1,23.76874459953415,0.5733925282539514,NaN,-0.01074803093247035
1,1,23.83941234535059,0.5714344120735104,NaN,-0.010612045802465525
1,1,23.91008051130288,0.5694904062000039,NaN,-0.010476476424462644
1,1,23.980749091711225,0.5675603570096553,NaN,-0.01034131999601879
1,1,24.05141808099439,0.5656441131188679,NaN,-0.01020657374578747
1,1,24.12208747366761,0.5637415253432029,NaN,-0.010072234933025899
1,1,24.19275726434053,0.561852446657255,NaN,-0.009938300847116138
1,1,24.263427447715237,0.5599767321554232,NaN,-0.00980476880709305
1,1,24.334098018584303,0.5581142390135245,NaN,-0.009671636161181336
1,1,24.40476897182889,0.5562648264512655,NaN,-0.009538900286346276
1,1,24.47544030241691,0.5544283556955107,NaN,-0.009406558587847537
1,1,24.54611200540122,0.5526046899443663,NaN,-0.00927460849880906
1,1,24.616784075917863,0.5507936943320181,NaN,-0.00914304747979025
1,1,24.68745650918436,0.5489952358943391,NaN,-0.009011873018369664
1,1,24.758129300498034,0.5472091835352364,NaN,-0.008881082628739073
1,1,24.82880244523438,0.5454354079937022,NaN,-0.008750673851298602
1,1,24.899475938845473,0.5436737818115773,NaN,-0.008620644252268626
1,1,24.970149776858417,0.541924179301992,NaN,-0.008490991423301057
1,1,25.040823954873822,0.5401864765184744,NaN,-0.008361712981104295
1,1,25.11149846856434,0.5384605512247084,NaN,-0.008232806567071663
1,1,25.1821733136732,0.5367462828649224,NaN,-0.008104269846918602
1,1,25.25284848601282,0.5350435525348992,NaN,-0.007976100510328092
1,1,25.32352398146341,0.5333522429535856,NaN,-0.00784829627059972
1,1,25.394199795971648,0.5316722384352949,NaN,-0.007720854864306757
1,1,25.46487592554935,0.5300034248624752,NaN,-0.007593774050961941
1,1,25.535552366272196,0.5283456896590456,NaN,-0.007467051612686515
1,1,25.606229114278484,0.5266989217642724,NaN,-0.007340685353886232
1,1,25.6769061657679,0.5250630116071848,NaN,-0.007214673100934481
1,1,25.747583517000322,0.5234378510815058,NaN,-0.007089012701861679
1,1,25.81826116429466,0.5218233335210924,NaN,-0.0069637020260471735
1,1,25.888939104027717,0.5202193536758742,NaN,-0.006838738963920198
1,1,25.959617332633062,0.5186258076882739,NaN,-0.006714121426666275
1,1,26.030295846599955,0.5170425930701029,NaN,-0.006589847345935838
1,1,26.100974642472284,0.5154696086799143,NaN,-0.006465914673559829
1,1,26.171653716847512,0.513906754700813,NaN,-0.006342321381276134
1,1,26.242333066375675,0.5123539326186992,NaN,-0.006219065460446684
1,1,26.31301268775838,0.5108110452009529,NaN,-0.006096144921797886
1,1,26.383692577747844,0.509277996475522,NaN,-0.005973557795149256
1,1,26.454372733145927,0.5077546917104409,NaN,-0.005851302129158034
1,1,26.52505315080322,0.5062410373937317,NaN,-0.005729375991062831
1,1,26.595733827618133,0.5047369412137092,NaN,-0.005607777466434254
1,1,26.666414760536004,0.503242312039666,NaN,-0.005486504658926757
1,1,26.73709594654823,0.5017570599029296,NaN,-0.005365555690041192
1,1,26.807777382691423,0.5002810959782856,NaN,-0.005244928698882004
1,1,26.87845906604658,0.49881433256576374,NaN,-0.005124621841929487
1,1,26.949140993738265,0.4973566830727637,NaN,-0.005004633292804414
1,1,27.01982316293381,0.4959080619965317,NaN,-0.004884961242049964
1,1,27.09050557084256,0.49446838490696554,NaN,-0.004765603896902816
1,1,27.16118821471508,0.4930375684297482,NaN,-0.004646559481081856
1,1,27.231871091842432,0.4916155302298022,NaN,-0.004527826234570549
1,1,27.302554199555445,0.4902021889950493,NaN,-0.004409402413406295
1,1,27.373237535223993,0.4887974644204848,NaN,-0.004291286289476483
1,1,27.4439210962563,0.48740127719254533,NaN,-0.004173476150312744
1,1,27.51460488009826,0.4860135489737674,NaN,-0.004055970298891591
1,1,27.58528888423277,0.48463420238773564,NaN,-0.00393876705343818
1,1,27.65597310617907,0.48326316100430516,NaN,-0.0038218647472340397
1,1,27.726657543492095,0.48190034932510434,NaN,-0.0037052617284241973
1,1,27.797342193761867,0.4805456927692976,NaN,-0.003588956359832196
1,1,27.868027054612867,0.479199117659614,NaN,-0.0034729470187759015
1,1,27.938712123703432,0.4778605512086318,NaN,-0.003357232096885876
1,1,28.00939739872517,0.47652992150531465,NaN,-0.003241809999929776
1,1,28.080082877402383,0.47520715750178477,NaN,-0.003126679147632948
1,1,28.1507685574915,0.4738921890003487,NaN,-0.003011837973509346
1,1,28.221454436780522,0.47258494664074874,NaN,-0.002897284924692982
1,1,28.292140513088484,0.47128536188764714,NaN,-0.002783018461766866
1,1,28.362826784264918,0.4699933670183378,NaN,-0.0026690370586034406
1,1,28.43351324818934,0.46870889511067004,NaN,-0.0025553392021999063
1,1,28.504199902770726,0.4674318800311984,NaN,-0.0024419233925205425
1,1,28.574886745947026,0.46616225642354037,NaN,-0.0023287881423416507
1,1,28.645573775684667,0.46489995969693304,NaN,-0.0022159319770946456
1,1,28.71626098997808,0.4636449260150045,NaN,-0.002103353434715391
1,1,28.786948386849215,0.4623970922847363,NaN,-0.0019910510654981145
1,1,28.8576359643471,0.4611563961456177,NaN,-0.001879023431942413
1,1,28.92832372054737,0.459922775958999,NaN,-0.0017672691086152645
1,1,28.99901165355183,0.458696170797624,NaN,-0.0016557866820037653
1,1,29.06969976148803,0.4574765204353452,NaN,-0.001544574750376733
1,1,29.14038804250883,0.45626376533702157,NaN,-0.0014336319236474826
1,1,29.211076494791985,0.4550578466485903,NaN,-0.0013229568232365901
1,1,29.281765116539727,0.45385870618730506,NaN,-0.001212548081937645
1,1,29.352453905978383,0.4526662864321506,NaN,-0.0011024043437868822
1,1,29.423142861357963,0.45148053051441656,NaN,-0.0009925242639338416
1,1,29.493831980951782,0.45030138220843274,NaN,-0.0008829065085082521
1,1,29.564521263056083,0.4491287859224658,NaN,-0.0007735497545026254
1,1,29.635210705989657,0.44796268668976846,NaN,-0.0006644526896403616
1,1,29.705900308093494,0.44680303015978096,NaN,-0.0005556140122586067
1,1,29.77659006773041,0.44564976258948164,NaN,-0.0004470324311831586
1,1,29.847279983284707,0.44450283083488323,NaN,-0.000338706665615196
1,1,29.91797005316182,0.4433621823426747,NaN,-0.00023063544501148586
1,1,29.988660275787993,0.44222776514199796,NaN,-0.00012281750896563776
1,1,30.059350649609936,0.4410995278363675,NaN,-1.5251607101633702e-5
1,1,30.069395046199315,0.44093971525367265,NaN,1.2037450106139325e-8
1,1,30.140085590613975,0.4398184738016858,NaN,0.00010729161012882488
1,1,30.210776283176713,0.43870330404240304,NaN,0.00021432179412490815
1,1,30.281467122184274,0.4375941563356045,NaN,0.00032110380872589495
1,1,30.352158106164765,0.43649098158072647,NaN,0.0004276388639493575
1,1,30.422849233665165,0.4353937312120897,NaN,0.0005339281603456425
1,1,30.493540503251015,0.43430235719160215,NaN,0.0006399728890996367
1,1,30.56423191350614,0.4332168120015882,NaN,0.0007457742321345037
1,1,30.63492346303237,0.4321370486377284,NaN,0.0008513333622114788
1,1,30.70561515044923,0.4310630206021177,NaN,0.0009566514430313366
1,1,30.776306974393712,0.42999468189643353,NaN,0.0010617296293283715
1,1,30.846998933519973,0.4289319870152195,NaN,0.0011665690669725656
1,1,30.91769102649908,0.427874890939274,NaN,0.0012711708930601556
1,1,30.98838325201876,0.4268233491291453,NaN,0.00137553623601009
1,1,31.05907560878313,0.4257773175187321,NaN,0.001479666215657982
1,1,31.129768095512457,0.42473675250898857,NaN,0.0015835619433423181
1,1,31.200460710942917,0.4237016109617247,NaN,0.001687224522001915
1,1,31.271153453826344,0.4226718501935141,NaN,0.0017906550462581869
1,1,31.341846322929996,0.42164742796968885,NaN,0.0018938546025073569
1,1,31.41253931703633,0.4206283024984361,NaN,0.0019968242690043686
1,1,31.483232434942767,0.4196144324249852,NaN,0.0020995651159502818
1,1,31.553925675461468,0.418605776825891,NaN,0.0022020782055729854
1,1,31.624619037419112,0.4176022952033976,NaN,0.002304364592215044
1,1,31.695312519656692,0.41660394747990137,NaN,0.002406425322411615
1,1,31.766006121029285,0.41561069399249434,NaN,0.0025082614349723614
1,1,31.83669984040586,0.41462249548759195,NaN,0.002609873961063089
1,1,31.907393676669056,0.4136393131156489,NaN,0.002711263924280817
1,1,31.978087628714995,0.4126611084259541,NaN,0.002812432340734375
1,1,32.04878169545308,0.4116878433615064,NaN,0.0029133802191204233
1,1,32.11947587580579,0.41071948025396804,NaN,0.003014108560796487
1,1,32.190170168708505,0.4097559818187012,NaN,0.0031146183598596486
1,1,32.26086457310931,0.40879731114987267,NaN,0.003214910603216173
1,1,32.33155908796881,0.40784343171564075,NaN,0.003314986270657093
1,1,32.402253712259956,0.4068943073534125,NaN,0.0034148463349281677
1,1,32.47294844496785,0.40594990226517075,NaN,0.0035144917618010058
1,1,32.54364328508958,0.40501018101287883,NaN,0.003613923510142919
1,1,32.61433823163405,0.4040751085139482,NaN,0.0037131425319852016
1,1,32.68503328362182,0.403144650036777,NaN,0.0038121497725939132
1,1,32.75572844008491,0.402218771196359,NaN,0.003910946170531726
1,1,32.826423700066655,0.40129743794995304,NaN,0.004009532657729513
1,1,32.89711906262156,0.40038061659282137,NaN,0.004107910159548714
1,1,32.96781452681511,0.3994682737540291,NaN,0.00420607959484761
1,1,33.03851009172363,0.39856037639231184,NaN,0.0043040418760408455
1,1,33.109205756434136,0.39765689179199465,NaN,0.004401797909170377
1,1,33.179901520044176,0.39675778755898417,NaN,0.004499348593960423
1,1,33.250597381661684,0.3958630316168082,NaN,0.004596694823881822
1,1,33.32129334040484,0.39497259220272135,NaN,0.004693837486211251
1,1,33.39198939540193,0.3940864378638679,NaN,0.004790777462093353
1,1,33.462685545791174,0.3932045374534965,NaN,0.004887515626598865
1,1,33.53338179072063,0.39232686012723433,NaN,0.004984052848779542
1,1,33.604078129348046,0.39145337533941355,NaN,0.005080389991731195
1,1,33.6747745608407,0.39058405283945197,NaN,0.005176527912648617
1,1,33.7454710843753,0.38971886266828887,NaN,0.005272467462880237
1,1,33.81616769913784,0.3888577751548673,NaN,0.005368209487985158
1,1,33.886864404323475,0.38800076091267155,NaN,0.005463754827786965
1,1,33.95756119913639,0.3871477908363174,NaN,0.005559104316428191
1,1,34.0282580827897,0.3862988360981761,NaN,0.005654258782426855
1,1,34.09895505450528,0.38545386814507393,NaN,0.00574921904872281
1,1,34.169652113513706,0.3846128586950106,NaN,0.005843985932736787
1,1,34.240349259054085,0.3837757797339439,NaN,0.005938560246415703
1,1,34.311046490373975,0.38294260351261183,NaN,0.006032942796291449
1,1,34.381743806729254,0.3821133025434022,NaN,0.006127134383522123
1,1,34.45244120738401,0.381287849597265,NaN,0.0062211358039480635
1,1,34.52313869161044,0.3804662177006728,NaN,0.006314947848139477
1,1,34.593836258688725,0.37964838013261976,NaN,0.006408571301443927
1,1,34.664533907906936,0.37883431042166316,NaN,0.006502006944035715
1,1,34.73523163856092,0.37802398234300877,NaN,0.00659525555096134
1,1,34.80592944995421,0.3772173699156358,NaN,0.00668831789219089
1,1,34.87662734139792,0.37641444739946334,NaN,0.006781194732655732
1,1,34.94732531221062,0.37561518929255405,NaN,0.006873886832304624
1,1,35.018023361718285,0.37481957032835944,NaN,0.006966394946141083
1,1,35.08872148925414,0.3740275654729998,NaN,0.0070587198242716975
1,1,35.159419694158615,0.37323914992258755,NaN,0.007150862211949799
1,1,35.23011797577922,0.37245429910058186,NaN,0.0072428228496175945
1,1,35.30081633347047,0.37167298865518084,NaN,0.007334602472951882
1,1,35.37151476659378,0.37089519445675706,NaN,0.007426201812904307
1,1,35.44221327451739,0.37012089259531283,NaN,0.007517621595745691
1,1,35.51291185661626,0.3693500593779892,NaN,0.007608862543104389
1,1,35.583610512271996,0.36858267132659095,NaN,0.007699925372011404
1,1,35.65430924087275,0.3678187051751618,NaN,0.007790810794939276
1,1,35.725008041813155,0.3670581378675784,NaN,0.007881519519840743
1,1,35.795706914494225,0.3663009465551866,NaN,0.007972052250191694
1,1,35.86640585832328,0.3655471085944653,NaN,0.008062409685028527
1,1,35.937104872713874,0.36479660154472365,NaN,0.008152592518985827
1,1,36.00780395708569,0.36404940316582696,NaN,0.008242601442339653
1,1,36.0785031108645,0.36330549141595747,NaN,0.008332437141039276
1,1,36.149202333482044,0.36256484444940107,NaN,0.00842210029674928
1,1,36.219901624375986,0.36182744061436345,NaN,0.008511591586885373
1,1,36.29060098298983,0.3610932584508211,NaN,0.008600911684649798
1,1,36.36130040877285,0.3603622766883937,NaN,0.00869006125907057
1,1,36.43199990118,0.3596344742442495,NaN,0.008779040975034874
1,1,36.50269945967186,0.35890983022103656,NaN,0.008867851493325044
1,1,36.57339908371457,0.35818832390484173,NaN,0.008956493470655302
1,1,36.64409877277974,0.35746993476317734,NaN,0.009044967559704326
1,1,36.7147985263444,0.3567546424429949,NaN,0.009133274409151404
1,1,36.78549834389092,0.3560424267687199,NaN,0.009221414663708932
1,1,36.85619822490696,0.35533326774032137,NaN,0.009309388964157533
1,1,36.92689816888538,0.3546271455313977,NaN,0.009397197947378172
1,1,36.9975981753242,0.35392404048729437,NaN,0.009484842246385489
1,1,37.06829824372652,0.3532239331232414,NaN,0.009572322490361468
1,1,37.13899837360046,0.3525268041225171,NaN,0.009659639304683637
1,1,37.20969856445911,0.351832634334636,NaN,0.009746793310963564
1,1,37.28039881582046,0.35114140477356115,NaN,0.009833785127070685
1,1,37.35109912720734,0.35045309661593527,NaN,0.009920615367170066
1,1,37.42179949814736,0.3497676911993388,NaN,0.010007284641749298
1,1,37.49249992817285,0.3490851700205682,NaN,0.010093793557652178
1,1,37.563200416820806,0.34840551473394105,NaN,0.010180142718102234
1,1,37.63390096363285,0.34772870714961296,NaN,0.010266332722741897
1,1,37.704601568155134,0.34705472923192726,NaN,0.010352364167654782
1,1,37.775302229938326,0.3463835630977774,NaN,0.010438237645398363
1,1,37.846002948537524,0.34571519101499504,NaN,0.010523953745032275
1,1,37.916703723512235,0.345049595400755,NaN,0.010609513052145914
1,1,37.98740455442629,0.34438675882000536,NaN,0.010694916148887373
1,1,38.05810544084782,0.34372666398391144,NaN,0.010780163613991756
1,1,38.12880638234917,0.3430692937483232,NaN,0.010865256022808384
1,1,38.19950737850689,0.34241463111226217,NaN,0.01095019394733003
1,1,38.27020842890166,0.3417626592164239,NaN,0.011034977956216177
1,1,38.34090953311825,0.34111336134170545,NaN,0.011119608614823487
1,1,38.411610690745455,0.34046672090774266,NaN,0.011204086485230663
1,1,38.48231190137607,0.33982272147147363,NaN,0.011288412126264913
1,1,38.55301316460684,0.33918134672571615,NaN,0.011372586093529424
1,1,38.62371448003839,0.3385425804977632,NaN,0.011456608939426974
1,1,38.6944158472752,0.3379064067479963,NaN,0.011540481213186668
1,1,38.765117265925575,0.33727280956851685,NaN,0.011624203460888063
1,1,38.835818735601556,0.33664177318179,NaN,0.01170777622548863
1,1,38.90652025591892,0.3360132819393153,NaN,0.011791200046845696
1,1,38.97722182649711,0.3353873203203007,NaN,0.01187447546174153
1,1,39.047923446959196,0.33476387293036175,NaN,0.011957603003908912
1,1,39.118625116931845,0.3341429245002344,NaN,0.012040583204055016
1,1,39.189326836045275,0.3335244598845036,NaN,0.012123416589882446
1,1,39.26002860393321,0.3329084640603461,NaN,0.012206103686116215
1,1,39.330730420232825,0.33229492212629025,NaN,0.012288645014524369
1,1,39.40143228458474,0.3316838193009894,NaN,0.012371041093945004
1,1,39.472134196632965,0.3310751409220136,NaN,0.012453292440300606
1,1,39.54283615602484,0.3304688724446492,NaN,0.012535399566631661
1,1,39.61353816241103,0.3298649994407199,NaN,0.012617362983109878
1,1,39.68424021544548,0.32926350759741985,NaN,0.012699183197067143
1,1,39.754942314785346,0.32866438271615633,NaN,0.012780860713011807
1,1,39.825644460091,0.3280676107114148,NaN,0.012862396032653017
1,1,39.89634665102598,0.3274731776096292,NaN,0.012943789654922586
1,1,39.96704888725694,0.32688106954807145,NaN,0.013025042075996474
1,1,40.037751168453624,0.32629127277374953,NaN,0.013106153789312569
1,1,40.10845349428885,0.32570377364232594,NaN,0.013187125285596804
1,1,40.17915586443845,0.3251185586170389,NaN,0.013267957052878532
1,1,40.24985827858123,0.3245356142676454,NaN,0.013348649576515104
1,1,40.32056073639897,0.3239549272693716,NaN,0.013429203339210605
1,1,40.39126323757636,0.3233764844018789,NaN,0.013509618821032729
1,1,40.461965781801,0.3228002725482374,NaN,0.01358989649943837
1,1,40.53266836876332,0.3222262786939167,NaN,0.013670036849290801
1,1,40.60337099815659,0.321654489925787,NaN,0.013750040342876899
1,1,40.67407366967688,0.321084893431128,NaN,0.013829907449929665
1,1,40.744776383023,0.32051747649665646,NaN,0.01390963863764498
1,1,40.815479137896524,0.31995222650755906,NaN,0.013989234370702805
1,1,40.88618193400171,0.319389130946538,NaN,0.014068695111284404
1,1,40.956884771045495,0.31882817739286995,NaN,0.0141480213190905
1,1,41.02758764873746,0.31826935352147573,NaN,0.01422721345135998
1,1,41.09829056678979,0.31771264710199487,NaN,0.01430627196288893
1,1,41.168993524917276,0.31715804599788056,NaN,0.014385197306049147
1,1,41.23969652283725,0.3166055381654965,NaN,0.014463989930803639
1,1,41.31039956026958,0.3160551116532264,NaN,0.014542650284726857
1,1,41.381102636936646,0.3155067546006012,NaN,0.014621178813017568
1,1,41.45180575256329,0.3149604552374218,NaN,0.01469957595852589
1,1,41.52250890687681,0.31441620188290703,NaN,0.014777842161758176
1,1,41.59321209960692,0.31387398294483804,NaN,0.014855977860904326
1,1,41.66391533048574,0.31333378691872393,NaN,0.014933983491847214
1,1,41.73461859924776,0.3127956023869679,NaN,0.015011859488185259
1,1,41.8053219056298,0.3122594180180501,NaN,0.01508960628124524
1,1,41.87602524937102,0.31172522256571156,NaN,0.015167224300099785
1,1,41.94672863021286,0.31119300486815593,NaN,0.015244713971584278
1,1,42.01743204789904,0.3106627538472556,NaN,0.015322075720312106
1,1,42.088135502175525,0.31013445850776716,NaN,0.0153993099686901
1,1,42.15883899279049,0.3096081079365544,NaN,0.015476417136936482
1,1,42.22954251949433,0.3090836913018239,NaN,0.015553397643094102
1,1,42.3002460820396,0.30856119785236635,NaN,0.015630251903047135
1,1,42.37094968018101,0.3080406169168067,NaN,0.015706980330537426
1,1,42.44165331367542,0.3075219379028622,NaN,0.015783583337177193
1,1,42.51235698228176,0.30700515029660935,NaN,0.015860061332467576
1,1,42.583060685761076,0.30649024366176314,NaN,0.015936414723808537
1,1,42.65376442387647,0.3059772076389537,NaN,0.016012643916519187
1,1,42.72446819639307,0.3054660319450218,NaN,0.016088749313850043
1,1,42.795172003078044,0.3049567063723174,NaN,0.01616473131699589
1,1,42.86587584370056,0.3044492207880052,NaN,0.016240590325113505
1,1,42.936579718031744,0.3039435651333787,NaN,0.01631632673533484
1,1,43.0072836258447,0.30343972942318415,NaN,0.01639194094277871
1,1,43.077987566914466,0.3029377037449482,NaN,0.01646743334056823
1,1,43.14869154101799,0.30243747825831624,NaN,0.01654280431984148
1,1,43.21939554793413,0.30193904319439263,NaN,0.016618054269770907
1,1,43.2900995874436,0.30144238885509683,NaN,0.016693183577570228
1,1,43.360803659329,0.30094750561251776,NaN,0.016768192628512132
1,1,43.43150776337475,0.3004543839082812,NaN,0.016843081805939297
1,1,43.50221189936711,0.29996301425291977,NaN,0.016917851491281694
1,1,43.57291606709412,0.2994733872252547,NaN,0.016992502064062803
1,1,43.643620266345614,0.29898549347177883,NaN,0.017067033901921047
1,1,43.71432449691319,0.298499323706049,NaN,0.01714144738061736
1,1,43.7850287585902,0.2980148687080864,NaN,0.01721574287404823
1,1,43.85573305117172,0.29753211932378126,NaN,0.017289920754261834
1,1,43.92643737445453,0.29705106646430296,NaN,0.017363981391464764
1,1,43.997141728237125,0.2965717011055193,NaN,0.017437925154042355
1,1,44.067846112319664,0.2960940142874218,NaN,0.017511752408562342
1,1,44.13855052650397,0.29561799711355286,NaN,0.017585463519796854
1,1,44.209254970593506,0.2951436407504446,NaN,0.01765905885072576
1,1,44.27995944439337,0.29467093642706116,NaN,0.01773253876255268
1,1,44.35066394771027,0.2941998754342449,NaN,0.01780590361471751
1,1,44.42136848035249,0.2937304491241739,NaN,0.01787915376490891
1,1,44.492073042129924,0.29326264890981923,NaN,0.017952289569071245
1,1,44.562777632854015,0.2927964662644096,NaN,0.01802531138142348
1,1,44.63348225233775,0.29233189272090704,NaN,0.0180982195544636
1,1,44.70418690039565,0.29186891987147956,NaN,0.01817101443898554
1,1,44.77489157684375,0.2914075393669852,NaN,0.018243696384088473
1,1,44.8455962814996,0.2909477429164597,NaN,0.018316265737185117
1,1,44.91630101418223,0.2904895222866093,NaN,0.01838872284402157
1,1,44.98700577471214,0.2900328693013093,NaN,0.018461068048676768
1,1,45.057710562911275,0.28957777584110767,NaN,0.01853330169358293
1,1,45.12841537860305,0.28912423384273406,NaN,0.018605424119531852
1,1,45.199120221612304,0.28867223529861447,NaN,0.018677435665686554
1,1,45.26982509176527,0.28822177225638723,NaN,0.01874933666959322
1,1,45.34052998888961,0.28777283681843147,NaN,0.018821127467189697
1,1,45.41123491281434,0.28732542114139165,NaN,0.018892808392817886
1,1,45.481939863369895,0.28687951743571494,NaN,0.018964379779233292
1,1,45.552644840388034,0.28643511796518756,NaN,0.019035841957614832
1,1,45.62334984370188,0.2859922150464777,NaN,0.019107195257577994
1,1,45.69405487314588,0.2855508010486861,NaN,0.019178440007180927
1,1,45.76475992855582,0.2851108683928958,NaN,0.019249576532936727
1,1,45.835465009768775,0.2846724095517312,NaN,0.019320605159823284
1,1,45.90617011662313,0.2842354170489199,NaN,0.019391526211294058
1,1,45.97687524895854,0.28379988345885565,NaN,0.019462340009286594
1,1,46.04758040661596,0.2833658014061749,NaN,0.01953304687423245
1,1,46.11828558943756,0.2829331635653264,NaN,0.01960364712506603
1,1,46.1889907972668,0.2825019626601528,NaN,0.019674141079239135
1,1,46.259696029948344,0.2820721914634754,NaN,0.01974452905272188
1,1,46.330401287328094,0.28164384279667815,NaN,0.019814811360019807
1,1,46.401106569253166,0.281216909529303,NaN,0.01988498831418145
1,1,46.471811875571866,0.28079138457864655,NaN,0.019955060226803573
1,1,46.542517206133695,0.2803672609093557,NaN,0.020025027408046125
1,1,46.613222560789325,0.27994453153303667,NaN,0.020094890166636417
1,1,46.68392793939061,0.2795231895078597,NaN,0.020164648809883112
1,1,46.75463334179053,0.2791032279381739,NaN,0.020234303643679494
1,1,46.82533876784324,0.27868463997412096,NaN,0.020303854972518423
1,1,46.89604421740402,0.2782674188112556,NaN,0.02037330309949735
1,1,46.96674969032926,0.2778515576901687,NaN,0.020442648326327043
1,1,47.037455186476464,0.2774370498961162,NaN,0.020511890953342715
1,1,47.10816070570426,0.2770238887586482,NaN,0.020581031279510095
1,1,47.178866247872335,0.27661206765124413,NaN,0.020650069602435275
1,1,47.24957181284148,0.27620157999095185,NaN,0.02071900621837504
1,1,47.32027740047355,0.27579241923802866,NaN,0.02078784142224037
1,1,47.390983010631466,0.27538457889558615,NaN,0.020856575507610248
1,1,47.46168864317919,0.27497805250924073,NaN,0.020925208766735884
1,1,47.53239429798173,0.274572833666764,NaN,0.020993741490551915
1,1,47.603099974905135,0.2741689159977407,NaN,0.02106217396868261
1,1,47.67380567381646,0.2737662931732243,NaN,0.021130506489450224
1,1,47.74451139458378,0.27336495890540397,NaN,0.02119873933988485
1,1,47.81521713707618,0.272964906947267,NaN,0.02126687280572931
1,1,47.88592290116373,0.2725661310922685,NaN,0.021334907171450215
1,1,47.95662868671749,0.2721686251740039,NaN,0.021402842720243953
1,1,48.02733449360949,0.2717723830658852,NaN,0.02147067973404411
1,1,48.09804032171273,0.27137739868081756,NaN,0.021538418493530942
1,1,48.16874617090117,0.2709836659708817,NaN,0.021606059278137746
1,1,48.23945204104973,0.2705911789270202,NaN,0.021673602366059544
1,1,48.31015793203425,0.2701999315787238,NaN,0.021741048034258595
1,1,48.38086384373151,0.26980991799372106,NaN,0.021808396558474108
1,1,48.45156977601922,0.2694211322776745,NaN,0.02187564821322939
1,1,48.522275728775995,0.2690335685738765,NaN,0.02194280327183694
1,1,48.592981701881364,0.2686472210629483,NaN,0.022009862006408837
1,1,48.663687695215756,0.2682620839625429,NaN,0.02207682468786276
1,1,48.734393708660484,0.2678781515270496,NaN,0.022143691585928424
1,1,48.80509974209775,0.2674954180473045,NaN,0.02221046296915466
1,1,48.87580579541063,0.2671138778502986,NaN,0.02227713910491791
1,1,48.94651186848306,0.26673352529889294,NaN,0.022343720259431155
1,1,49.01721796119984,0.2663543547915347,NaN,0.022410206697743906
1,1,49.08792407344662,0.26597636076197756,NaN,0.02247659868375733
1,1,49.1586302051099,0.2655995376790005,NaN,0.022542896480223576
1,1,49.229336356077006,0.2652238800461348,NaN,0.022609100348760708
1,1,49.3000425262361,0.26484938240139044,NaN,0.02267521054985143
1,1,49.37074871547616,0.26447603931698443,NaN,0.022741227342856968
1,1,49.44145492368698,0.2641038453990748,NaN,0.02280715098601832
1,1,49.51216115075917,0.2637327952874945,NaN,0.022872981736463793
1,1,49.58286739658412,0.2633628836554868,NaN,0.02293871985022046
1,1,49.653573661054025,0.2629941052094485,NaN,0.023004365582212485
1,1,49.72427994406187,0.2626264546886677,NaN,0.023069919186275267
1,1,49.794986245501406,0.26225992686507194,NaN,0.023135380915157433
1,1,49.86569256526716,0.2618945165429724,NaN,0.023200751020529445
1,1,49.936398903254435,0.26153021855881425,NaN,0.023266029752987458
1,1,50.00710525935928,0.2611670277809284,NaN,0.0233312173620617
1,1,50.07781163347849,0.2608049391092838,NaN,0.02339631409622174
1,1,50.148518025509624,0.2604439474752458,NaN,0.0234613202028843
1,1,50.21922443535096,0.26008404784133254,NaN,0.02352623592841685
1,1,50.28993086290152,0.2597252352009755,NaN,0.023591061518145454
1,1,50.36063730806105,0.25936750457828467,NaN,0.023655797216360408
1,1,50.43134377073002,0.2590108510278102,NaN,0.023720443266320973
1,1,50.50205025080959,0.2586552696343112,NaN,0.023784999910266114
1,1,50.572756748201655,0.25830075551252596,NaN,0.0238494673894116
1,1,50.6434632628088,0.25794730380694225,NaN,0.023913845943965548
1,1,50.71416979453431,0.25759490969156923,NaN,0.0239781358131277
1,1,50.784876343282136,0.2572435683697154,NaN,0.02404233723509812
1,1,50.85558290895693,0.25689327507376597,NaN,0.024106450447082414
1,1,50.92628949146403,0.2565440250649608,NaN,0.024170475685295553
1,1,50.99699609070943,0.2561958136331781,NaN,0.02423441318497213
1,1,51.06770270659979,0.2558486360967149,NaN,0.024298263180366445
1,1,51.13840933904243,0.25550248780207657,NaN,0.024362025904761747
1,1,51.20911598794534,0.25515736412376205,NaN,0.024425701590475288
1,1,51.27982265321713,0.25481326046405267,NaN,0.0244892904688611
1,1,51.35052933476708,0.25447017225280544,NaN,0.02455279277032041
1,1,51.42123603250509,0.25412809494724464,NaN,0.024616208724302716
1,1,51.4919427463417,0.2537870240317565,NaN,0.02467953855931218
1,1,51.562649476188064,0.25344695501768927,NaN,0.024742782502916186
1,1,51.63335622195597,0.2531078834431476,NaN,0.02480594078174321
1,1,51.70406298355782,0.25276980487279593,NaN,0.024869013621498695
1,1,51.77476976090662,0.2524327148976603,NaN,0.02493200124696042
1,1,51.845476553916,0.25209660913493154,NaN,0.024994903881987704
1,1,51.91618336250017,0.25176148322777164,NaN,0.025057721749529333
1,1,51.98689018657394,0.2514273328451222,NaN,0.02512045507162272
1,1,52.05759702605271,0.2510941536815121,NaN,0.025183104069405007
1,1,52.12830388085248,0.25076194145686903,NaN,0.025245668963113962
1,1,52.199010750889805,0.25043069191633266,NaN,0.025308149972093033
1,1,52.269717636081836,0.25010040083006857,NaN,0.025370547314798944
1,1,52.34042453634629,0.2497710639930838,NaN,0.02543286120880607
1,1,52.41113145160145,0.2494426772250449,NaN,0.025495091870810657
1,1,52.48183838176615,0.24911523637009664,NaN,0.025557239516631913
1,1,52.552545326759805,0.24878873729668433,NaN,0.02561930436122499
1,1,52.62325228650235,0.2484631758973731,NaN,0.025681286618678495
1,1,52.69395926091429,0.24813854808867444,NaN,0.025743186502224027
1,1,52.76466624991667,0.24781484981087093,NaN,0.025805004224237788
1,1,52.83537325343107,0.24749207702784198,NaN,0.025866739996247667
1,1,52.90608027137961,0.2471702257268949,NaN,0.025928394028933155
1,1,52.976787303684915,0.24684929191859142,NaN,0.025989966532137976
1,1,53.04749435027017,0.24652927163658253,NaN,0.026051457714866735
1,1,53.11820141105906,0.24621016093743933,NaN,0.02611286778529638
1,1,53.1889084859758,0.24589195590048799,NaN,0.0261741969507734
1,1,53.2596155749451,0.24557465262764455,NaN,0.026235445417826908
1,1,53.33032267789219,0.24525824724325423,NaN,0.026296613392163437
1,1,53.401029794742804,0.24494273589392854,NaN,0.026357701078679643
1,1,53.47173692542317,0.24462811474838542,NaN,0.026418708681463454
1,1,53.54244406986002,0.24431437999729097,NaN,0.026479636403796483
1,1,53.613151227980566,0.24400152785310208,NaN,0.02654048444816115
1,1,53.68385839971252,0.2436895545499102,NaN,0.02660125301624723
1,1,53.75456558498408,0.2433784563432874,NaN,0.02666194230894897
1,1,53.825272783723904,0.24306822951013357,NaN,0.02672255252637544
1,1,53.89597999586115,0.2427588703485223,NaN,0.026783083867851512
1,1,53.96668722132542,0.2424503751775533,NaN,0.02684353653192524
1,1,54.037394460046826,0.24214274033720035,NaN,0.026903910716370938
1,1,54.108101711955904,0.24183596218816517,NaN,0.026964206618188782
1,1,54.17880897698367,0.2415300371117298,NaN,0.027024424433616218
1,1,54.24951625506159,0.2412249615096105,NaN,0.02708456435812727
1,1,54.3202235461216,0.24092073180381537,NaN,0.027144626586437792
1,1,54.39093085009607,0.2406173444364988,NaN,0.027204611312509397
1,1,54.461638166917815,0.24031479586982127,NaN,0.02726451872955614
1,1,54.5323454965201,0.24001308258580814,NaN,0.027324349030042272
1,1,54.603052838836625,0.23971220108620964,NaN,0.027384102405691585
1,1,54.67376019380153,0.2394121478923636,NaN,0.027443779047490735
1,1,54.74446756134938,0.23911291954505806,NaN,0.02750337914569173
1,1,54.81517494141519,0.23881451260439446,NaN,0.027562902889815
1,1,54.88588233393436,0.23851692364965346,NaN,0.02762235046865437
1,1,54.95658973884275,0.23822014927916102,NaN,0.02768172207028298
1,1,55.02729715607663,0.23792418611015467,NaN,0.02774101788205438
1,1,55.09800458557267,0.2376290307786555,NaN,0.0278002380906045
1,1,55.16871202726796,0.2373346799393337,NaN,0.027859382881862862
1,1,55.23941948110001,0.23704113026538168,NaN,0.027918452441044767
1,1,55.310126947006715,0.2367483784483843,NaN,0.027977446952666435
1,1,55.3808344249264,0.23645642119819266,NaN,0.02803636660054383
1,1,55.45154191479776,0.23616525524279888,NaN,0.02809521156779274
1,1,55.5222494165599,0.2358748773282082,NaN,0.02815398203683933
1,1,55.592956930152326,0.23558528421831743,NaN,0.028212678189418
1,1,55.66366445551492,0.2352964726947914,NaN,0.02827130020658028
1,1,55.73437199258795,0.23500843955694045,NaN,0.028329848268690477
1,1,55.80507954131209,0.23472118162159958,NaN,0.02838832255543909
1,1,55.87578710162837,0.23443469572300862,NaN,0.02844672324583984
1,1,55.9464946734782,0.2341489787126929,NaN,0.028505050518232558
1,1,56.01720225680338,0.2338640274593454,NaN,0.028563304550290727
1,1,56.08790985154608,0.23357983884871047,NaN,0.02862148551902302
1,1,56.15861745764882,0.23329640978346594,NaN,0.028679593600775072
1,1,56.22932507505451,0.2330137371831093,NaN,0.028737628971236023
1,1,56.300032703706414,0.23273181798384338,NaN,0.028795591805441056
1,1,56.37074034354815,0.23245064913846245,NaN,0.028853482277770487
1,1,56.4414479945237,0.23217022761624037,NaN,0.02891130056195987
1,1,56.512155656577406,0.231890550402819,NaN,0.02896904683109837
1,1,56.582863329653954,0.23161161450009682,NaN,0.029026721257636334
1,1,56.65357101369839,0.2313334169261212,NaN,0.029084324013379875
1,1,56.724278708656094,0.23105595471497736,NaN,0.02914185526950734
1,1,56.794986414472795,0.23077922491668232,NaN,0.029199315196560535
1,1,56.86569413109457,0.23050322459707748,NaN,0.02925670396445469
1,1,56.93640185846784,0.23022795083772027,NaN,0.029314021742478852
1,1,57.00710959653934,0.22995340073578255,NaN,0.029371268699301373
1,1,57.07781734525616,0.22967957140394346,NaN,0.029428445002968165
1,1,57.14852510456571,0.22940645997028672,NaN,0.0294855508209136
1,1,57.21923287441574,0.2291340635781973,NaN,0.029542586319955516
1,1,57.28994065475431,0.22886237938626017,NaN,0.02959955166630411
1,1,57.360648445529826,0.22859140456815927,NaN,0.029656447025563193
1,1,57.431356246690996,0.22832113631257592,NaN,0.029713272562729653
1,1,57.50206405818686,0.22805157182309063,NaN,0.02977002844220375
1,1,57.572771879966766,0.22778270831808398,NaN,0.02982671482778447
1,1,57.643479711980376,0.22751454303063734,NaN,0.0298833318826809
1,1,57.71418755417768,0.227247073208438,NaN,0.029939879769503477
1,1,57.78489540650895,0.22698029611368117,NaN,0.029996358650281427
1,1,57.855603268924796,0.22671420902297482,NaN,0.030052768686451833
1,1,57.92631114137611,0.22644880922724372,NaN,0.03010911003887312
1,1,57.9970190238141,0.22618409403163797,NaN,0.03016538286782071
1,1,58.06772691619026,0.22592006075543597,NaN,0.030221587332995473
1,1,58.1384348184564,0.2256567067319556,NaN,0.030277723593521252
1,1,58.20914273056462,0.22539402930845845,NaN,0.030333791807952135
1,1,58.27985065246731,0.22513202584606173,NaN,0.03038979213427355
1,1,58.35055858411715,0.22487069371964583,NaN,0.030445724729904186
1,1,58.42126652546712,0.22461003031776555,NaN,0.030501589751699962
1,1,58.49197447647047,0.2243500330425607,NaN,0.03055738735595674
1,1,58.562682437080746,0.22409069930966727,NaN,0.03061311769841124
1,1,58.63339040725178,0.22383202654813084,NaN,0.03066878093424806
1,1,58.70409838693769,0.22357401220031736,NaN,0.030724377218096927
1,1,58.774806376092855,0.2233166537218305,NaN,0.030779906704039572
1,1,58.84551437467194,0.22305994858142236,NaN,0.030835369545610128
1,1,58.9162223826299,0.2228038942609093,NaN,0.030890765895800906
1,1,58.986930399921924,0.2225484882550896,NaN,0.030946095907058588
1,1,59.057638426503516,0.22229372807165765,NaN,0.03100135973129438
1,1,59.12834646233042,0.22203961123112137,NaN,0.03105655751988247
1,1,59.19905450735866,0.22178613526672064,NaN,0.0311116894236613
1,1,59.26976256154452,0.2215332977243439,NaN,0.031166755592941686
1,1,59.34047062484454,0.22128109616244873,NaN,0.03122175617750353
1,1,59.41117869721555,0.2210295281519814,NaN,0.031276691326601394
1,1,59.481886778614594,0.22077859127629446,NaN,0.031331561188967
1,1,59.552594868999016,0.22052828313107056,NaN,0.03138636591280958
1,1,59.62330296832639,0.22027860132424157,NaN,0.031441105645821116
1,1,59.69401107655455,0.22002954347591247,NaN,0.0314957805351774
1,1,59.76471919364159,0.21978110721828123,NaN,0.031550390727541594
1,1,59.835427319545836,0.21953329019556456,NaN,0.03160493636906496
1,1,59.906135454225875,0.21928609006392027,NaN,0.031659417605389706
1,1,59.976843597640546,0.2190395044913718,NaN,0.03171383458165246
1,1,60.04755174974891,0.21879353115773265,NaN,0.0317681874424864
1,1,60.118259910510304,0.21854816775453326,NaN,0.03182247633202376
1,1,60.188968079884276,0.21830341198494446,NaN,0.03187670139389759
1,1,60.25967625783063,0.2180592615637072,NaN,0.0319308627712416
1,1,60.330384444309395,0.21781571421705706,NaN,0.031984960606700044
1,1,60.40109263928085,0.2175727676826529,NaN,0.032038995042422594
1,1,60.4718008427055,0.21733041970950545,NaN,0.03209296622006788
1,1,60.542509054544084,0.21708866805790528,NaN,0.032146874280810964
1,1,60.613217274757574,0.21684751049935175,NaN,0.03220071936534072
1,1,60.68392550330717,0.21660694481648618,NaN,0.032254501613860204
1,1,60.754633740154304,0.21636696880301656,NaN,0.03230822116609636
1,1,60.82534198526062,0.21612758026365297,NaN,0.032361878161295765
1,1,60.896050238587996,0.2158887770140375,NaN,0.03241547273822906
1,1,60.96675850009854,0.21565055688067486,NaN,0.03246900503519498
1,1,61.03746676975457,0.21541291770086757,NaN,0.032522475190017566
1,1,61.10817504751863,0.21517585732264655,NaN,0.032575883340055053
1,1,61.178883333353475,0.21493937360470527,NaN,0.032629229622196665
1,1,61.24959162722208,0.21470346441633356,NaN,0.03268251417286688
1,1,61.320299929087646,0.21446812763735273,NaN,0.0327357371280283
1,1,61.39100823891357,0.21423336115804928,NaN,0.032788898623182725
1,1,61.461716556663475,0.21399916287911142,NaN,0.032841998793373156
1,1,61.532424882301186,0.2137655307115639,NaN,0.03289503777318571
1,1,61.603133215790734,0.21353246257670475,NaN,0.032948015696753194
1,1,61.673841557096374,0.21329995640604293,NaN,0.03300093269775485
1,1,61.74454990618255,0.2130680101412334,NaN,0.03305378890942501
1,1,61.81525826301392,0.21283662173401866,NaN,0.03310658446454197
1,1,61.885966627555334,0.21260578914616177,NaN,0.03315931949544461
1,1,61.95667499977186,0.21237551034938915,NaN,0.03321199413402444
1,1,62.02738337962877,0.21214578332532796,NaN,0.03326460851173553
1,1,62.09809176709151,0.21191660606544674,NaN,0.033317162759586266
1,1,62.16880016212574,0.21168797657099303,NaN,0.03336965700815185
1,1,62.23950856469732,0.2114598928529374,NaN,0.03342209138756863
1,1,62.310216974772295,0.2112323529319103,NaN,0.03347446602754239
1,1,62.38092539231691,0.211005354838146,NaN,0.033526781057344496
1,1,62.4516338172976,0.2107788966114243,NaN,0.03357903660581979
1,1,62.52234224968099,0.21055297630101144,NaN,0.033631232801380986
1,1,62.593050689433895,0.21032759196560263,NaN,0.033683369772017455
1,1,62.663759136523325,0.21010274167326684,NaN,0.03373544764529379
1,1,62.734467590916466,0.20987842350138816,NaN,0.03378746654835432
1,1,62.8051760525807,0.2096546355366101,NaN,0.03383942660792286
1,1,62.875884521483584,0.20943137587478142,NaN,0.033891327950300684
1,1,62.946592997592866,0.20920864262089714,NaN,0.03394317070138056
1,1,63.017301480876476,0.2089864338890487,NaN,0.0339949549866321
1,1,63.08800997130252,0.20876474780236426,NaN,0.034046680931119955
1,1,63.158718468839275,0.2085435824929578,NaN,0.034098348659493835
1,1,63.22942697345522,0.20832293610187402,NaN,0.03414995829599464
1,1,63.30013548511899,0.2081028067790347,NaN,0.034201509964460516
1,1,63.37084400379941,0.20788319268318672,NaN,0.03425300378831743
1,1,63.441552529465476,0.20766409198184904,NaN,0.03430443989059351
1,1,63.512261062086345,0.20744550285125937,NaN,0.03435581839391351
1,1,63.58296960163136,0.20722742347632314,NaN,0.03440713942050304
1,1,63.653678148070036,0.20700985205056305,NaN,0.034458403092187895
1,1,63.72438670137205,0.20679278677606502,NaN,0.034509609530399346
1,1,63.79509526150725,0.20657622586343025,NaN,0.034560758856173865
1,1,63.86580382844566,0.2063601675317236,NaN,0.03461185119015592
1,1,63.93651240215745,0.20614461000842293,NaN,0.034662886652596925
1,1,64.00722098261299,0.2059295515296179,NaN,0.03471386536328086
1,1,64.07792956978277,0.20571499033896953,NaN,0.034764787441844816
1,1,64.14863816363747,0.20550092468914824,NaN,0.034815653007299635
1,1,64.21934676414794,0.20528735284079372,NaN,0.03486646217834942
1,1,64.29005537128518,0.2050742730627122,NaN,0.034917215073319574
1,1,64.36076398502034,0.2048616836318325,NaN,0.03496791181015298
1,1,64.43147260532476,0.2046495828331549,NaN,0.035018552506414516
1,1,64.50218123216989,0.20443796895970603,NaN,0.035069137279289175
1,1,64.57288986552739,0.20422684031249053,NaN,0.03511966624559165
1,1,64.64359850536903,0.20401619520044498,NaN,0.03517013952175642
1,1,64.71430715166676,0.20380603194039146,NaN,0.03522055722384812
1,1,64.78501580439267,0.2035963488569925,NaN,0.03527091946756386
1,1,64.85572446351902,0.20338714428270183,NaN,0.035321226368226225
1,1,64.92643312901822,0.2031784165577252,NaN,0.0353714780407936
1,1,64.9971418008628,0.20297016402996965,NaN,0.03542167459985801
1,1,65.0678504790255,0.20276238505500124,NaN,0.035471816159645175
1,1,65.13855916347913,0.2025550779960005,NaN,0.035521902834023
1,1,65.20926785419671,0.20234824122371817,NaN,0.03557193473649119
1,1,65.27997655115138,0.20214187311643114,NaN,0.03562191198019608
1,1,65.35068525431643,0.20193597205990005,NaN,0.03567183467792183
1,1,65.42139396366531,0.20173053644732317,NaN,0.03572170294210007
1,1,65.49210267917158,0.20152556467929783,NaN,0.035771516884804566
1,1,65.56281140080898,0.20132105516377405,NaN,0.035821276617755346
1,1,65.63352012855137,0.20111700631601542,NaN,0.035870982252322076
1,1,65.70422886237276,0.20091341655855277,NaN,0.035920633899525406
1,1,65.77493760224729,0.20071028432114693,NaN,0.035970231670034256
1,1,65.84564634814924,0.2005076080407454,NaN,0.0360197756741701
1,1,65.91635510005305,0.2003053861614407,NaN,0.03606926602191192
1,1,65.98706385793328,0.20010361713442942,NaN,0.03611870282289131
1,1,66.05777262176461,0.1999022994179741,NaN,0.03616808618639927
1,1,66.1284813915219,0.19970143147735872,NaN,0.036217416221382595
1,1,66.1991901671801,0.19950101178485233,NaN,0.036266693036451206
1,1,66.26989894871433,0.19930103881966849,NaN,0.036315916739874055
1,1,66.3406077360998,0.1991015110679234,NaN,0.03636508743958429
1,1,66.41131652931189,0.1989024270226007,NaN,0.03641420524317862
1,1,66.48202532832609,0.19870378518350829,NaN,0.03646327025792172
1,1,66.55273413311804,0.19850558405724295,NaN,0.03651228259074149
1,1,66.62344294366349,0.19830782215715045,NaN,0.03656124234823924
1,1,66.69415175993834,0.19811049800328728,NaN,0.036610149636682715
1,1,66.7648605819186,0.19791361012238287,NaN,0.03665900456201318
1,1,66.83556940958042,0.19771715704780288,NaN,0.036707807229844014
1,1,66.90627824290004,0.19752113731951051,NaN,0.03675655774546274
1,1,66.97698708185389,0.19732554948402992,NaN,0.03680525621383256
1,1,67.04769592641848,0.1971303920944091,NaN,0.03685390273959385
1,1,67.11840477657044,0.1969356637101838,NaN,0.036902497427064765
1,1,67.18911363228655,0.1967413628973417,NaN,0.03695104038024344
1,1,67.2598224935437,0.19654748822828277,NaN,0.036999531702810354
1,1,67.33053136031889,0.1963540382817885,NaN,0.037047971498125984
1,1,67.40124023258925,0.1961610116429822,NaN,0.03709635986923687
1,1,67.47194911033203,0.1959684069032962,NaN,0.037144696918871054
1,1,67.54265799352461,0.19577622266043374,NaN,0.037192982749449266
1,1,67.61336688214449,0.19558445751833797,NaN,0.037241217463073406
1,1,67.68407577616925,0.1953931100871532,NaN,0.037289401161536465
1,1,67.75478467557663,0.19520217898319311,NaN,0.03733753394632486
1,1,67.82549358034446,0.195011662828906,NaN,0.037385615918611406
1,1,67.8962024904507,0.1948215602528395,NaN,0.03743364717926469
1,1,67.96691140587343,0.1946318698896084,NaN,0.03748162782884773
1,1,68.03762032659083,0.19444259037985961,NaN,0.03752955796761877
1,1,68.10832925258117,0.1942537203702404,NaN,0.037577437695531096
1,1,68.1790381838229,0.19406525851336415,NaN,0.037625267112237376
1,1,68.24974712029451,0.1938772034677771,NaN,0.03767304631708858
1,1,68.32045606197465,0.19368955389792697,NaN,0.03772077540913722
1,1,68.39116500884207,0.19350230847412972,NaN,0.03776845448713621
1,1,68.46187396087561,0.1933154658725368,NaN,0.03781608364954242
1,1,68.53258291805423,0.19312902477510369,NaN,0.037863662994517044
1,1,68.60329188035702,0.19294298386955905,NaN,0.03791119261992357
1,1,68.67400084776314,0.19275734184937038,NaN,0.03795867262333606
1,1,68.74470982025188,0.19257209741371573,NaN,0.038006103102035255
1,1,68.81541879780265,0.1923872492674503,NaN,0.03805348415300873
1,1,68.88612778039493,0.19220279612107577,NaN,0.03810081587295534
1,1,68.95683676800833,0.19201873669071085,NaN,0.038148098358286975
1,1,69.02754576062256,0.191835069698059,NaN,0.03819533170512619
1,1,69.09825475821744,0.1916517938703786,NaN,0.03824251600930888
1,1,69.16896376077287,0.19146890794045343,NaN,0.03828965136638805
1,1,69.23967276826886,0.1912864106465622,NaN,0.03833673787162739
1,1,69.31038178068555,0.19110430073244725,NaN,0.038383775620016575
1,1,69.38109079800316,0.19092257694728745,NaN,0.03843076470625492
1,1,69.451799820202,0.19074123804566753,NaN,0.03847770522476748
1,1,69.5225088472625,0.190560282787549,NaN,0.03852459726969397
1,1,69.59321787916518,0.1903797099382407,NaN,0.038571440934900864
1,1,69.66392691589066,0.19019951826837017,NaN,0.03861823631397594
1,1,69.73463595741964,0.19001970655385556,NaN,0.038664983500229316
1,1,69.80534500373297,0.1898402735758761,NaN,0.038711682586699825
1,1,69.87605405481153,0.1896612181208451,NaN,0.03875833366614656
1,1,69.94676311063635,0.18948253898038023,NaN,0.038804936831064146
1,1,70.01747217118853,0.1893042349512773,NaN,0.038851492173667235
1,1,70.08818123644926,0.18912630483548065,NaN,0.03889799978590536
1,1,70.15889030639985,0.188948747440058,NaN,0.03894445975945651
1,1,70.22959938102169,0.18877156157717,NaN,0.038990872185730274
1,1,70.30030846029624,0.18859474606404533,NaN,0.039037237155872234
1,1,70.37101754420509,0.1884182997229538,NaN,0.0390835547607557
1,1,70.44172663272991,0.18824222138117763,NaN,0.0391298250909915
1,1,70.51243572585247,0.18806650987098503,NaN,0.03917604823693044
1,1,70.5831448235546,0.18789116402960598,NaN,0.03922222428865574
1,1,70.65385392581825,0.1877161826992032,NaN,0.03926835333598799
1,1,70.72456303262547,0.1875415647268475,NaN,0.03931443546848956
1,1,70.79527214395836,0.18736730896449086,NaN,0.039360470775463424
1,1,70.86598125979913,0.18719341426894107,NaN,0.03940645934595127
1,1,70.93669038013007,0.1870198795018361,NaN,0.03945240126873706
1,1,71.0073995049336,0.18684670352961819,NaN,0.03949829663234919
1,1,71.07810863419218,0.18667388522350856,NaN,0.039544145525061275
1,1,71.14881776788836,0.18650142345948245,NaN,0.03958994803488927
1,1,71.21952690600479,0.18632931711824396,NaN,0.03963570424959684
1,1,71.2902360485242,0.18615756508520082,NaN,0.03968141425669472
1,1,71.36094519542944,0.18598616625044034,NaN,0.03972707814344226
1,1,71.43165434670338,0.18581511950870372,NaN,0.03977269599684907
1,1,71.50236350232903,0.18564442375936346,NaN,0.03981826790367113
1,1,71.57307266228945,0.18547407790639692,NaN,0.0398637939504187
1,1,71.64378182656779,0.18530408085836342,NaN,0.03990927422335416
1,1,71.7144909951473,0.18513443152838055,NaN,0.039954708808492945
1,1,71.7852001680113,0.18496512883409902,NaN,0.04000009779160302
1,1,71.8559093451432,0.18479617169768084,NaN,0.040045441258208914
1,1,71.92661852652648,0.18462755904577424,NaN,0.040090739293591054
1,1,71.9973277121447,0.18445928980949058,NaN,0.04013599198278539
1,1,72.0680369019815,0.18429136292438253,NaN,0.0401811994105869
1,1,72.13874609602061,0.1841237773304178,NaN,0.04022636166155061
1,1,72.20945529424584,0.1839565319719605,NaN,0.04027147881998955
1,1,72.28016449664108,0.183789625797745,NaN,0.04031655096997755
1,1,72.35087370319027,0.1836230577608543,NaN,0.04036157819534933
1,1,72.42158291387749,0.18345682681869832,NaN,0.04040656057970615
1,1,72.49229212868681,0.18329093193298965,NaN,0.04045149820640895
1,1,72.56300134760247,0.18312537206972332,NaN,0.0404963911585825
1,1,72.63371057060871,0.18296014619915416,NaN,0.040541239519120253
1,1,72.70441979768991,0.18279525329577243,NaN,0.040586043370680586
1,1,72.77512902883046,0.18263069233828721,NaN,0.040630802795688786
1,1,72.84583826401489,0.18246646230959956,NaN,0.040675517876335054
1,1,72.91654750322775,0.18230256219678326,NaN,0.040720188694584714
1,1,72.9872567464537,0.1821389909910638,NaN,0.04076481533216897
1,1,73.05796599367746,0.18197574768779515,NaN,0.040809397870589265
1,1,73.12867524488384,0.18181283128644152,NaN,0.0408539363911202
1,1,73.19938450005769,0.18165024079055356,NaN,0.04089843097481022
1,1,73.27009375918398,0.1814879752077485,NaN,0.04094288170247759
1,1,73.3408030222477,0.18132603354969007,NaN,0.040987288654715404
1,1,73.41151228923395,0.18116441483206738,NaN,0.041031651911894784
1,1,73.48222156012788,0.18100311807457328,NaN,0.04107597155416082
1,1,73.55293083491473,0.1808421423008855,NaN,0.041120247661434906
1,1,73.6236401135798,0.1806814865386463,NaN,0.041164480313416324
1,1,73.69434939610845,0.1805211498194415,NaN,0.04120866958958358
1,1,73.76505868248613,0.18036113117878003,NaN,0.04125281556919452
1,1,73.83576797269835,0.1802014296560763,NaN,0.041296918331284516
1,1,73.90647726673069,0.18004204429462828,NaN,0.04134097795467423
1,1,73.9771865645688,0.17988297414159768,NaN,0.04138499451796257
1,1,74.04789586619839,0.1797242182479925,NaN,0.04142896809953345
1,1,74.11860517160524,0.17956577566864584,NaN,0.04147289877755342
1,1,74.18931448077521,0.1794076454621968,NaN,0.041516786629972546
1,1,74.26002379369422,0.17924982669107195,NaN,0.0415606317345269
1,1,74.33073311034825,0.17909231842146614,NaN,0.04160443416873677
1,1,74.40144243072335,0.17893511972332288,NaN,0.04164819400991249
1,1,74.47215175480564,0.17877822967031598,NaN,0.04169191133514935
1,1,74.54286108258131,0.17862164733983096,NaN,0.04173558622133147
1,1,74.6135704140366,0.17846537181294636,NaN,0.0417792187451331
1,1,74.68427974915782,0.17830940217441474,NaN,0.041822808983015075
1,1,74.75498908793136,0.17815373751264488,NaN,0.0418663570112342
1,1,74.82569843034366,0.17799837691968382,NaN,0.04190986290583479
1,1,74.89640777638122,0.17784331949119725,NaN,0.04195332674265326
1,1,74.96711712603062,0.1776885643264529,NaN,0.04199674859732219
1,1,75.03782647927846,0.1775341105283021,NaN,0.04204012854526523
1,1,75.10853583611149,0.17737995720316188,NaN,0.04208346666170204
1,1,75.17924519651642,0.17722610346099715,NaN,0.04212676302164711
1,1,75.24995456048008,0.1770725484153032,NaN,0.042170017699908524
1,1,75.32066392798936,0.17691929118308802,NaN,0.042213230771099064
1,1,75.39137329903119,0.17676633088485555,NaN,0.04225640230961747
1,1,75.46208267359258,0.17661366664458708,NaN,0.04229953238967185
1,1,75.53279205166059,0.17646129758972506,NaN,0.04234262108526246
1,1,75.60350143322235,0.17630922285115566,NaN,0.042385668470191956
1,1,75.67421081826504,0.17615744156319266,NaN,0.04242867461806324
1,1,75.7449202067759,0.17600595286355758,NaN,0.042471639602281036
1,1,75.81562959874223,0.17585475589336724,NaN,0.04251456349605309
1,1,75.8863389941514,0.17570384979711354,NaN,0.04255744637238612
1,1,75.95704839299083,0.17555323372264817,NaN,0.04260028830409285
1,1,76.02775779524798,0.1754029068211658,NaN,0.042643089363792075
1,1,76.09846720091039,0.17525286824718903,NaN,0.042685849623904815
1,1,76.16917660996567,0.17510311715854934,NaN,0.04272856915665829
1,1,76.23988602240146,0.1749536527163741,NaN,0.04277124803408669
1,1,76.31059543820547,0.17480447408506677,NaN,0.042813886328032125
1,1,76.38130485736545,0.17465558043229426,NaN,0.04285648411014176
1,1,76.45201427986923,0.1745069709289695,NaN,0.04289904145187379
1,1,76.52272370570469,0.1743586447492354,NaN,0.042941558424495985
1,1,76.59343313485977,0.17421060107044878,NaN,0.042984035099083995
1,1,76.66414256732243,0.17406283907316739,NaN,0.043026471546523365
1,1,76.73485200308073,0.17391535794112964,NaN,0.04306886783751501
1,1,76.80556144212278,0.17376815686124336,NaN,0.04311122404256773
1,1,76.8762708844367,0.17362123502356822,NaN,0.043153540232006016
1,1,76.94698033001073,0.17347459162130105,NaN,0.043195816475967236
1,1,77.0176897788331,0.17332822585076132,NaN,0.043238052844397856
1,1,77.08839923089214,0.17318213691137405,NaN,0.04328024940706804
1,1,77.15910868617621,0.17303632400565674,NaN,0.04332240623355513
1,1,77.22981814467373,0.17289078633920388,NaN,0.04336452339325597
1,1,77.30052760637317,0.1727455231206712,NaN,0.04340660095538598
1,1,77.37123707126305,0.17260053356176244,NaN,0.043448638988974275
1,1,77.44194653933197,0.17245581687721293,NaN,0.0434906375628685
1,1,77.51265601056852,0.17231137228477694,NaN,0.043532596745738145
1,1,77.5833654849614,0.17216719900521102,NaN,0.04357451660606851
1,1,77.65407496249935,0.17202329626226143,NaN,0.043616397212167285
1,1,77.72478444317113,0.17187966328264853,NaN,0.043658238632162505
1,1,77.79549392696559,0.17173629929605294,NaN,0.04370004093400151
1,1,77.8662034138716,0.17159320353510243,NaN,0.0437418041854549
1,1,77.93691290387811,0.1714503752353554,NaN,0.043783528454115594
1,1,78.00762239697409,0.17130781363528919,NaN,0.043825213807402924
1,1,78.07833189314856,0.1711655179762847,NaN,0.04386686031255227
1,1,78.14904139239063,0.171023487502613,NaN,0.04390846803663068
1,1,78.21975089468941,0.1708817214614221,NaN,0.04395003704652897
1,1,78.29046040003409,0.17074021910272213,NaN,0.04399156740896143
1,1,78.36116990841388,0.17059897967937318,NaN,0.044033059190468515
1,1,78.43187941981809,0.17045800244706918,NaN,0.04407451245742089
1,1,78.502588934236,0.17031728666432766,NaN,0.04411592727601449
1,1,78.57329845165701,0.17017683159247457,NaN,0.044157303712271584
1,1,78.64400797207054,0.17003663649563017,NaN,0.04419864183204858
1,1,78.71471749546605,0.16989670064069876,NaN,0.04423994170102674
1,1,78.78542702183304,0.16975702329735118,NaN,0.044281203384719525
1,1,78.8561365511611,0.1696176037380165,NaN,0.04432242694846664
1,1,78.92684608343981,0.16947844123786468,NaN,0.0443636124574458
1,1,78.99755561865885,0.16933953507479652,NaN,0.04440475997666227
1,1,79.0682651568079,0.16920088452942958,NaN,0.04444586957095456
1,1,79.13897469787669,0.16906248888508607,NaN,0.04448694130499359
1,1,79.20968424185504,0.16892434742777865,NaN,0.04452797524328736
1,1,79.28039378873277,0.16878645944620027,NaN,0.04456897145017025
1,1,79.35110333849975,0.16864882423170865,NaN,0.04460992998982008
1,1,79.42181289114593,0.16851144107831642,NaN,0.04465085092624488
1,1,79.49252244666127,0.16837430928267724,NaN,0.04469173432328932
1,1,79.56323200503577,0.16823742814407244,NaN,0.04473258024463697
1,1,79.6339415662595,0.1681007969644022,NaN,0.04477338875380327
1,1,79.70465113032255,0.16796441504816942,NaN,0.04481415991414853
1,1,79.77536069721506,0.16782828170246958,NaN,0.044854893788863676
1,1,79.84607026692724,0.16769239623697849,NaN,0.044895590440984234
1,1,79.91677983944932,0.16755675796394062,NaN,0.04493624993338047
1,1,79.98748941477156,0.1674213661981554,NaN,0.04497687232876846
1,1,80.05819899288429,0.16728622025696735,NaN,0.04501745768969764
1,1,80.12890857377785,0.16715131946025286,NaN,0.04505800607856292
1,1,80.19961815744266,0.16701666313040966,NaN,0.04509851755759986
1,1,80.27032774386915,0.16688225059234396,NaN,0.04513899218888617
1,1,80.34103733304781,0.1667480811734597,NaN,0.045179430034341106
1,1,80.41174692496917,0.16661415420364606,NaN,0.04521983115572911
1,1,80.4824565196238,0.16648046901526686,NaN,0.04526019561465519
1,1,80.55316611700229,0.1663470249431487,NaN,0.04530052347257171
1,1,80.62387571709532,0.16621382132456952,NaN,0.045340814790775175
1,1,80.69458531989356,0.16608085749924803,NaN,0.04538106963040697
1,1,80.76529492538775,0.1659481328093304,NaN,0.0454212880524521
1,1,80.83600453356866,0.16581564659938233,NaN,0.0454614701177459
1,1,80.90671414442708,0.16568339821637484,NaN,0.04550161588696966
1,1,80.97742375795389,0.16555138700967487,NaN,0.045541725420650325
1,1,81.04813337413997,0.16541961233103417,NaN,0.04558179877916324
1,1,81.11884299297624,0.16528807353457786,NaN,0.04562183602273287
1,1,81.18955261445367,0.1651567699767932,NaN,0.045661837211435186
1,1,81.26026223856329,0.1650257010165202,NaN,0.045701802405190894
1,1,81.33097186529612,0.16489486601493955,NaN,0.045741731663773155
1,1,81.40168149464326,0.1647642643355627,NaN,0.045781625046805
1,1,81.47239112659582,0.16463389534422074,NaN,0.04582148261376262
1,1,81.54310076114498,0.16450375840905332,NaN,0.0458613044239721
1,1,81.61381039828194,0.1643738529004997,NaN,0.0459010905366119
1,1,81.68452003799793,0.16424417819128684,NaN,0.04594084101071222
1,1,81.75522968028422,0.16411473365641938,NaN,0.04598055590515715
1,1,81.82593932513213,0.16398551867317046,NaN,0.046020235278684596
1,1,81.896648972533,0.1638565326210688,NaN,0.046059879189885716
1,1,81.96735862247823,0.1637277748818905,NaN,0.04609948769720809
1,1,82.03806827495923,0.1635992448396491,NaN,0.04613906085895192
1,1,82.10877792996746,0.16347094188058398,NaN,0.04617859873327612
1,1,82.17948758749444,0.1633428653931513,NaN,0.046218101378190934
1,1,82.25019724753167,0.16321501476801353,NaN,0.04625756885156765
1,1,82.32090691007075,0.16308738939802964,NaN,0.04629700121113378
1,1,82.39161657510326,0.16295998867824563,NaN,0.046336398514470495
1,1,82.46232624262085,0.1628328120058833,NaN,0.046375760819023865
1,1,82.53303591261519,0.1627058587803326,NaN,0.04641508818209128
1,1,82.603745585078,0.16257912840313948,NaN,0.04645438066083454
1,1,82.67445526000103,0.16245262027799848,NaN,0.04649363831226902
1,1,82.74516493737603,0.16232633381074107,NaN,0.04653286119327721
1,1,82.81587461719485,0.16220026840932747,NaN,0.04657204936059853
1,1,82.88658429944934,0.16207442348383586,NaN,0.04661120287082987
1,1,82.95729398413137,0.16194879844645485,NaN,0.04665032178043568
1,1,83.02800367123285,0.16182339271147148,NaN,0.04668940614573874
1,1,83.09871336074576,0.16169820569526405,NaN,0.0467284560229225
1,1,83.16942305266207,0.16157323681629182,NaN,0.04676747146803617
1,1,83.2401327469738,0.16144848549508498,NaN,0.04680645253699245
1,1,83.31084244367301,0.1613239511542376,NaN,0.04684539928556303
1,1,83.3815521427518,0.16119963321839498,NaN,0.046884311769390896
1,1,83.45226184420227,0.16107553111424913,NaN,0.046923190043975604
1,1,83.52297154801659,0.16095164427052536,NaN,0.04696203416468808
1,1,83.59368125418693,0.16082797211797495,NaN,0.04700084418676087
1,1,83.66439096270553,0.16070451408936723,NaN,0.04703962016529406
1,1,83.73510067356462,0.16058126961947913,NaN,0.04707836215525271
1,1,83.80581038675649,0.1604582381450866,NaN,0.047117070211471934
1,1,83.87652010227347,0.16033541910495555,NaN,0.04715574438864992
1,1,83.9472298201079,0.1602128119398345,NaN,0.04719438474135368
1,1,84.01793954025217,0.16009041609244398,NaN,0.047232991324019785
1,1,84.08864926269868,0.15996823100746801,NaN,0.04727156419095069
1,1,84.15935898743987,0.1598462561315475,NaN,0.04731010339632136
1,1,84.23006871446823,0.1597244909132687,NaN,0.047348608994175284
1,1,84.30077844377625,0.15960293480315663,NaN,0.047387081038423234
1,1,84.37148817535648,0.15948158725366576,NaN,0.047425519582846104
1,1,84.44219790920148,0.1593604477191722,NaN,0.04746392468109903
1,1,84.51290764530386,0.15923951565596442,NaN,0.047502296386705056
1,1,84.58361738365623,0.15911879052223504,NaN,0.04754063475306028
1,1,84.65432712425128,0.1589982717780729,NaN,0.04757893983343395
1,1,84.72503686708168,0.15887795888545464,NaN,0.047617211680963945
1,1,84.79574661214016,0.15875785130823603,NaN,0.04765545034866189
1,1,84.86645635941947,0.1586379485121438,NaN,0.047693655889417985
1,1,84.9371661089124,0.1585182499647681,NaN,0.04773182835598702
1,1,85.00787586061172,0.15839875513555415,NaN,0.04776996780100459
1,1,85.07858561451032,0.1582794634957934,NaN,0.047808074276980805
1,1,85.14929537060104,0.15816037451861595,NaN,0.04784614783629465
1,1,85.22000512887679,0.1580414876789836,NaN,0.04788418853120596
1,1,85.29071488933049,0.15792280245367993,NaN,0.047922196413848595
1,1,85.3614246519551,0.15780431832130384,NaN,0.04796017153623097
1,1,85.43213441674362,0.1576860347622607,NaN,0.04799811395024034
1,1,85.50284418368905,0.15756795125875564,NaN,0.04803602370763932
1,1,85.57355395278442,0.15745006729478458,NaN,0.0480739008600673
1,1,85.64426372402284,0.15733238235612693,NaN,0.04811174545904484
1,1,85.71497349739737,0.15721489593033852,NaN,0.048149557555964145
1,1,85.78568327290115,0.15709760750674315,NaN,0.0481873372021028
1,1,85.85639305052734,0.1569805165764246,NaN,0.04822508444861151
1,1,85.92710283026913,0.15686362263221984,NaN,0.04826279934652328
1,1,85.99781261211973,0.15674692516871155,NaN,0.04830048194675174
1,1,86.06852239607237,0.15663042368222,NaN,0.048338132300086906
1,1,86.13923218212032,0.15651411767079593,NaN,0.048375750457201966
1,1,86.20994197025688,0.15639800663421227,NaN,0.048413336468650786
1,1,86.28065176047537,0.1562820900739588,NaN,0.04845089038486519
1,1,86.35136155276912,0.15616636749323187,NaN,0.048488412256164765
1,1,86.42207134713152,0.15605083839692976,NaN,0.04852590213274391
1,1,86.49278114355597,0.1559355022916438,NaN,0.048563360064685174
1,1,86.5634909420359,0.15582035868565214,NaN,0.04860078610194821
1,1,86.63420074256476,0.15570540708891145,NaN,0.048638180294381106
1,1,86.70491054513603,0.15559064701304953,NaN,0.0486755426917139
1,1,86.77562034974324,0.15547607797136076,NaN,0.04871287334355745
1,1,86.84633015637989,0.15536169947879552,NaN,0.04875017229940809
1,1,86.91703996503956,0.15524751105195508,NaN,0.048787439608650895
1,1,86.98774977571584,0.15513351220908514,NaN,0.048824675320550015
1,1,87.05845958840233,0.15501970247006666,NaN,0.04886187948425688
1,1,87.12916940309266,0.1549060813564113,NaN,0.048899052148811156
1,1,87.1998792197805,0.15479264839125187,NaN,0.04893619336313454
1,1,87.27058903845955,0.15467940309933859,NaN,0.0489733031760371
1,1,87.3412988591235,0.1545663450070295,NaN,0.04901038163621482
1,1,87.41200868176611,0.1544534736422853,NaN,0.049047428792251824
1,1,87.48271850638113,0.15434078853466107,NaN,0.04908444469261958
1,1,87.55342833296235,0.15422828921530135,NaN,0.049121429385677595
1,1,87.6241381615036,0.15411597521693218,NaN,0.04915838291967112
1,1,87.69484799199869,0.1540038460738544,NaN,0.049195305342736334
1,1,87.76555782444149,0.15389190132193803,NaN,0.04923219670289625
1,1,87.83626765882589,0.1537801404986142,NaN,0.04926905704806675
1,1,87.90697749514581,0.15366856314286967,NaN,0.04930588642604983
1,1,87.97768733339518,0.15355716879523987,NaN,0.04934268488453883
1,1,88.04839717356795,0.1534459569978026,NaN,0.049379452471115665
1,1,88.11910701565812,0.15333492729417136,NaN,0.049416189233255414
1,1,88.18981685965967,0.15322407922948844,NaN,0.04945289521832169
1,1,88.26052670556666,0.15311341235041984,NaN,0.04948957047357211
1,1,88.33123655337313,0.15300292620514733,NaN,0.04952621504615101
1,1,88.40194640307315,0.15289262034336323,NaN,0.049562828983101076
1,1,88.47265625466083,0.15278249431626353,NaN,0.049599412331354176
1,1,88.5433661081303,0.15267254767654143,NaN,0.049635965137733884
1,1,88.6140759634757,0.15256277997838205,NaN,0.04967248744895697
1,1,88.6847858206912,0.15245319077745514,NaN,0.04970897931163365
1,1,88.755495679771,0.15234377963090884,NaN,0.04974544077227053
1,1,88.82620554070931,0.1522345460973648,NaN,0.04978187187726457
1,1,88.89691540350037,0.152125489736911,NaN,0.049818272672909364
1,1,88.96762526813845,0.1520166101110957,NaN,0.0498546432053901
1,1,89.03833513461781,0.1519079067829209,NaN,0.04989098352079141
1,1,89.10904500293279,0.15179937931683873,NaN,0.04992729366508755
1,1,89.1797548730777,0.15169102727874129,NaN,0.0499635736841571
1,1,89.25046474504688,0.15158285023595905,NaN,0.04999982362376276
1,1,89.32117461883473,0.15147484775725148,NaN,0.050036043529573804
1,1,89.39188449443563,0.15136701941280337,NaN,0.050072233447149006
1,1,89.46259437184399,0.15125936477421772,NaN,0.05010839342195006
1,1,89.53330425105426,0.15115188341450986,NaN,0.050144523499332655
1,1,89.6040141320609,0.1510445749081032,NaN,0.05018062372454668
1,1,89.67472401485838,0.15093743883082059,NaN,0.05021669414274835
1,1,89.74543389944122,0.1508304747598817,NaN,0.05025273479898304
1,1,89.81614378580394,0.15072368227389427,NaN,0.05028874573820147
1,1,89.88685367394109,0.15061706095285143,NaN,0.05032472700524704
1,1,89.95756356384723,0.1505106103781227,NaN,0.05036067864486882
1,1,90.02827345551695,0.15040433013245197,NaN,0.05039660070170976
1,1,90.09898334894486,0.15029821979994842,NaN,0.05043249322031629
1,1,90.16969324412558,0.15019227896608298,NaN,0.05046835624513171
1,1,90.24040314105378,0.15008650721768252,NaN,0.0505041898205017
1,1,90.31111303972412,0.1499809041429234,NaN,0.05053999399067308
1,1,90.38182294013129,0.14987546933132764,NaN,0.050575768799791365
1,1,90.45253284227,0.14977020237375457,NaN,0.050611514291906134
1,1,90.523242746135,0.1496651028623991,NaN,0.05064723051096495
1,1,90.59395265172103,0.1495601703907829,NaN,0.05068291750081927
1,1,90.66466255902287,0.14945540455375028,NaN,0.05071857530522478
1,1,90.73537246803531,0.14935080494746394,NaN,0.05075420396783495
1,1,90.80608237875316,0.14924637116939818,NaN,0.050789803532209465
1,1,90.87679229117127,0.14914210281833354,NaN,0.05082537404181092
1,1,90.94750220528448,0.14903799949435229,NaN,0.050860915540002355
1,1,91.01821212108766,0.14893406079883265,NaN,0.05089642807005426
1,1,91.0889220385757,0.14883028633444303,NaN,0.050931911675137914
1,1,91.15963195774353,0.14872667570513864,NaN,0.050967366398331104
1,1,91.23034187858606,0.14862322851615442,NaN,0.05100279228261276
1,1,91.30105180109825,0.1485199443739995,NaN,0.05103818937087293
1,1,91.37176172527509,0.14841682288645466,NaN,0.051073557705898553
1,1,91.44247165111155,0.14831386366256427,NaN,0.0511088973303884
1,1,91.51318157860263,0.1482110663126333,NaN,0.05114420828694391
1,1,91.58389150774337,0.148108430448221,NaN,0.05117949061807278
1,1,91.65460143852883,0.1480059556821362,NaN,0.051214744366189835
1,1,91.72531137095405,0.1479036416284326,NaN,0.05124996957361541
1,1,91.79602130501412,0.14780148790240263,NaN,0.05128516628257607
1,1,91.86673124070415,0.14769949412057434,NaN,0.051320334535208595
1,1,91.93744117801927,0.14759765990070503,NaN,0.051355474373552035
1,1,92.00815111695461,0.14749598486177679,NaN,0.051390585839559244
1,1,92.07886105750532,0.14739446862399083,NaN,0.051425668975083605
1,1,92.1495709996666,0.14729311080876392,NaN,0.051460723821893206
1,1,92.22028094343361,0.14719191103872262,NaN,0.05149575042166046
1,1,92.29099088880159,0.14709086893769896,NaN,0.05153074881597042
1,1,92.36170083576576,0.14698998413072456,NaN,0.05156571904631163
1,1,92.43241078432138,0.14688925624402732,NaN,0.05160066115408671
1,1,92.5031207344637,0.14678868490502547,NaN,0.05163557518060494
1,1,92.57383068618803,0.1466882697423237,NaN,0.05167046116708829
1,1,92.64454063948965,0.14658801038570735,NaN,0.05170531915466642
1,1,92.71525059436388,0.14648790646613896,NaN,0.05174014918437869
1,1,92.78596055080607,0.14638795761575257,NaN,0.051774951297177574
1,1,92.85667050881156,0.14628816346784965,NaN,0.051809725533923934
1,1,92.92738046837574,0.14618852365689441,NaN,0.051844471935391656
1,1,92.998090429494,0.14608903781850865,NaN,0.05187919054226714
1,1,93.06880039216173,0.14598970558946764,NaN,0.051913881395142886
1,1,93.13951035637437,0.14589052660769616,NaN,0.051948544534529656
1,1,93.21022032212737,0.1457915005122621,NaN,0.05198318000084706
1,1,93.28093028941618,0.14569262694337415,NaN,0.052017787834426676
1,1,93.35164025823626,0.14559390554237558,NaN,0.05205236807551758
1,1,93.42235022858311,0.14549533595174052,NaN,0.05208692076427279
1,1,93.49306020045225,0.1453969178150695,NaN,0.05212144594076873
1,1,93.5637701738392,0.1452986507770847,NaN,0.0521559436449876
1,1,93.63448014873951,0.1452005344836263,NaN,0.052190413916829714
1,1,93.70519012514873,0.14510256858164652,NaN,0.052224856796106944
1,1,93.77590010306244,0.14500475271920704,NaN,0.05225927232254757
1,1,93.84661008247623,0.1449070865454732,NaN,0.05229366053579171
1,1,93.9173200633857,0.1448095697107105,NaN,0.05232802147539595
1,1,93.98803004578649,0.14471220186628067,NaN,0.05236235518083113
1,1,94.05874002967424,0.14461498266463574,NaN,0.05239666169148485
1,1,94.1294500150446,0.14451791175931525,NaN,0.05243094104665891
1,1,94.20016000189324,0.1444209888049414,NaN,0.0524651932855692
1,1,94.27086999021586,0.14432421345721522,NaN,0.0524994184473522
1,1,94.34157998000816,0.14422758537291155,NaN,0.05253361657105449
1,1,94.41228997126586,0.14413110420987577,NaN,0.05256778769564391
1,1,94.48299996398471,0.14403476962701905,NaN,0.05260193186000495
1,1,94.55370995816044,0.1439385812843142,NaN,0.05263604910293562
1,1,94.62441995378883,0.1438425388427922,NaN,0.05267013946315374
1,1,94.69512995086566,0.14374664196453638,NaN,0.05270420297929451
1,1,94.76583994938674,0.14365089031268113,NaN,0.05273823968990837
1,1,94.83654994934788,0.14355528355140473,NaN,0.05277224963346633
1,1,94.9072599507449,0.1434598213459274,NaN,0.05280623284835667
1,1,94.97796995357366,0.14336450336250664,NaN,0.0528401893728874
1,1,95.04867995783,0.14326932926843258,NaN,0.052874119245283346
1,1,95.11938996350982,0.14317429873202545,NaN,0.05290802250368748
1,1,95.190099970609,0.14307941142262975,NaN,0.05294189918616482
1,1,95.26080997912344,0.14298466701061188,NaN,0.05297574933069643
1,1,95.33151998904907,0.14289006516735517,NaN,0.053009572975185604
1,1,95.40223000038182,0.1427956055652565,NaN,0.05304337015745192
1,1,95.47294001311765,0.14270128787772215,NaN,0.05307714091524268
1,1,95.54365002725251,0.1426071117791636,NaN,0.05311088528621477
1,1,95.6143600427824,0.14251307694499485,NaN,0.053144603307952454
1,1,95.68507005970329,0.14241918305162654,NaN,0.053178295017961674
1,1,95.75578007801121,0.14232542977646437,NaN,0.05321196045366239
1,1,95.82649009770218,0.14223181679790342,NaN,0.053245599652404496
1,1,95.89720011877222,0.1421383437953253,NaN,0.05327921265145372
1,1,95.9679101412174,0.14204501044909426,NaN,0.0533127994879978
1,1,96.03862016503379,0.14195181644055382,NaN,0.053346360199146764
1,1,96.10933019021746,0.14185876145202123,NaN,0.053379894821934504
1,1,96.18004021676451,0.14176584516678586,NaN,0.053413403393315045
1,1,96.25075024467105,0.14167306726910484,NaN,0.05344688595016739
1,1,96.3214602739332,0.14158042744419885,NaN,0.05348034252928818
1,1,96.3921703045471,0.14148792537824859,NaN,0.053513773167404716
1,1,96.46288033650889,0.14139556075839163,NaN,0.053547177901159426
1,1,96.53359036981476,0.141303333272718,NaN,0.053580556767124865
1,1,96.60430040446087,0.1412112426102668,NaN,0.05361390980179176
1,1,96.67501044044343,0.1411192884610238,NaN,0.053647237041580476
1,1,96.74572047775862,0.14102747051591527,NaN,0.0536805385228285
1,1,96.81643051640269,0.14093578846680715,NaN,0.053713814281803385
1,1,96.88714055637185,0.14084424200649934,NaN,0.05374706435469517
1,1,96.95785059766236,0.1407528308287234,NaN,0.053780288777617424
1,1,97.02856064027047,0.14066155462813906,NaN,0.05381348758660942
1,1,97.09927068419246,0.1405704131003294,NaN,0.05384666081763628
1,1,97.16998072942462,0.1404794059417985,NaN,0.0538798085065898
1,1,97.24069077596326,0.14038853284996827,NaN,0.05391293068928232
1,1,97.31140082380468,0.14029779352317392,NaN,0.053946027401455626
1,1,97.3821108729452,0.14020718766066065,NaN,0.05397909867877956
1,1,97.45282092338118,0.1401167149625809,NaN,0.05401214455684589
1,1,97.52353097510897,0.14002637512999072,NaN,0.05404516507117341
1,1,97.59424102812493,0.13993616786484583,NaN,0.054078160257209795
1,1,97.66495108242543,0.13984609286999894,NaN,0.05411113015032881
1,1,97.73566113800688,0.1397561498491958,NaN,0.05414407478582833
1,1,97.80637119486568,0.13966633850707172,NaN,0.05417699419893693
1,1,97.87708125299824,0.13957665854914916,NaN,0.054209888424811115
1,1,97.947791312401,0.1394871096818333,NaN,0.054242757498531635
1,1,98.0185013730704,0.1393976916124098,NaN,0.05427560145510921
1,1,98.08921143500288,0.13930840404904019,NaN,0.05430842032948069
1,1,98.15992149819493,0.13921924670075989,NaN,0.05434121415651488
1,1,98.23063156264303,0.13913021927747404,NaN,0.05437398297100535
1,1,98.30134162834366,0.13904132148995457,NaN,0.054406726807674916
1,1,98.37205169529334,0.13895255304983692,NaN,0.054439445701178396
1,1,98.44276176348858,0.13886391366961665,NaN,0.054472139686097126
1,1,98.5134718329259,0.1387754030626474,NaN,0.054504808796937365
1,1,98.58418190360186,0.13868702094313504,NaN,0.05453745306814303
1,1,98.65489197551301,0.13859876702613746,NaN,0.05457007253408386
1,1,98.72560204865592,0.13851064102755964,NaN,0.05460266722905874
1,1,98.79631212302716,0.13842264266415064,NaN,0.05463523718729654
1,1,98.86702219862333,0.13833477165350092,NaN,0.05466778244295731
1,1,98.93773227544104,0.13824702771403957,NaN,0.05470030303012968
1,1,99.00844235347688,0.13815941056502948,NaN,0.054732798982838116
1,1,99.0791524327275,0.13807191992656645,NaN,0.0547652703350322
1,1,99.14986251318952,0.13798455551957473,NaN,0.054797717120592365
1,1,99.2205725948596,0.1378973170658042,NaN,0.054830139373336056
1,1,99.29128267773442,0.1378102042878272,NaN,0.05486253712700456
1,1,99.36199276181061,0.1377232169090363,NaN,0.05489491041527644
1,1,99.4327028470849,0.13763635465364013,NaN,0.05492725927175934
1,1,99.50341293355396,0.13754961724666045,NaN,0.0549595837299951
1,1,99.5741230212145,0.13746300441393067,NaN,0.054991883823453686
1,1,99.64483311006326,0.13737651588209118,NaN,0.05502415958554127
1,1,99.71554320009696,0.13729015137858672,NaN,0.05505641104959247
1,1,99.78625329131233,0.1372039106316635,NaN,0.055088638248880106
1,1,99.85696338370614,0.1371177933703668,NaN,0.05512084121660615
1,1,99.92767347727516,0.13703179932453816,NaN,0.05515301998590558
1,1,99.99838357201617,0.1369459282248099,NaN,0.05518517458984745
1,1,100.06909366792593,0.13686017980260656,NaN,0.055217305061434685
1,1,100.13980376500126,0.13677455379013878,NaN,0.055249411433601014
1,1,100.21051386323897,0.13668904992040012,NaN,0.05528149373921959
1,1,100.28122396263588,0.13660366792716722,NaN,0.05531355201109117
1,1,100.3519340631888,0.1365184075449934,NaN,0.05534558628195546
1,1,100.42264416489462,0.13643326850920864,NaN,0.05537759658448402
1,1,100.49335426775016,0.13634825055591515,NaN,0.05540958295128129
1,1,100.5640643717523,0.13626335342198476,NaN,0.055441545414892324
1,1,100.63477447689789,0.13617857684505666,NaN,0.055473484007788926
1,1,100.70548458318385,0.136093920563534,NaN,0.055505398762386166
1,1,100.77619469060706,0.13600938431658127,NaN,0.05553728971102925
1,1,100.84690479916442,0.13592496784412147,NaN,0.05556915688599834
1,1,100.91761490885287,0.1358406708868343,NaN,0.05560100031951304
1,1,100.98832501966933,0.13575649318615168,NaN,0.05563282004372633
1,1,101.05903513161074,0.13567243448425637,NaN,0.05566461609072246
1,1,101.12974524467406,0.1355884945240785,NaN,0.055696388492533444
1,1,101.20045535885622,0.1355046730492934,NaN,0.05572813728111625
1,1,101.27116547415422,0.13542096980431859,NaN,0.05575986248836842
1,1,101.34187559056502,0.1353373845343107,NaN,0.055791564146128264
1,1,101.41258570808564,0.13525391698516395,NaN,0.055823242286162256
1,1,101.48329582671307,0.13517056690350607,NaN,0.05585489694018089
1,1,101.55400594644432,0.13508733403669665,NaN,0.055886528139828806
1,1,101.62471606727641,0.13500421813282434,NaN,0.05591813591668948
1,1,101.69542618920639,0.13492121894070383,NaN,0.055949720302280764
1,1,101.76613631223128,0.134838336209873,NaN,0.05598128132806143
1,1,101.83684643634815,0.13475556969059166,NaN,0.0560128190254274
1,1,101.90755656155406,0.1346729191338373,NaN,0.05604433342570972
1,1,101.97826668784607,0.1345903842913035,NaN,0.05607582456018295
1,1,102.04897681522128,0.13450796491539718,NaN,0.05610729246005519
1,1,102.11968694367677,0.1344256607592355,NaN,0.056138737156473606
1,1,102.19039707320965,0.1343434715766444,NaN,0.0561701586805268
1,1,102.26110720381703,0.1342613971221551,NaN,0.056201557063239455
1,1,102.33181733549604,0.1341794371510016,NaN,0.05623293233557605
1,1,102.4025274682438,0.1340975914191186,NaN,0.056264284528441344
1,1,102.47323760205747,0.13401585968313898,NaN,0.05629561367267838
1,1,102.54394773693419,0.13393424170039125,NaN,0.056326919799066344
1,1,102.61465787287112,0.13385273722889623,NaN,0.05635820293833116
1,1,102.68536800986544,0.13377134602736596,NaN,0.05638946312113252
1,1,102.75607814791432,0.13369006785520068,NaN,0.056420700378071786
1,1,102.82678828701496,0.13360890247248514,NaN,0.05645191473969313
1,1,102.89749842716456,0.13352784963998846,NaN,0.05648310623647543
1,1,102.96820856836032,0.1334469091191601,NaN,0.05651427489884292
1,1,103.03891871059946,0.1333660806721273,NaN,0.05654542075715954
1,1,103.10962885387922,0.1332853640616943,NaN,0.056576543841727
1,1,103.18033899819682,0.1332047590513376,NaN,0.0566076441827906
1,1,103.25104914354951,0.13312426540520547,NaN,0.056638721810536335
1,1,103.32175928993455,0.1330438828881149,NaN,0.05666977675509258
1,1,103.3924694373492,0.1329636112655489,NaN,0.056700809046523054
1,1,103.46317958579075,0.13288345030365434,NaN,0.05673181871484137
1,1,103.53388973525648,0.1328033997692401,NaN,0.0567628057899979
1,1,103.60459988574367,0.13272345942977415,NaN,0.05679377030188529
1,1,103.67531003724962,0.13264362905338156,NaN,0.05682471228033811
1,1,103.74602018977166,0.13256390840884136,NaN,0.0568556317551355
1,1,103.81673034330709,0.1324842972655851,NaN,0.05688652875599651
1,1,103.88744049785325,0.13240479539369518,NaN,0.056917403312581105
1,1,103.95815065340747,0.13232540256390057,NaN,0.05694825545449542
1,1,104.0288608099671,0.1322461185475757,NaN,0.05697908521128803
1,1,104.09957096752949,0.13216694311673932,NaN,0.0570098926124471
1,1,104.17028112609201,0.13208787604404928,NaN,0.05704067768740509
1,1,104.24099128565203,0.1320089171028032,NaN,0.057071440465541634
1,1,104.31170144620694,0.1319300660669348,NaN,0.0571021809761732
1,1,104.38241160775412,0.13185132271101174,NaN,0.05713289924856488
1,1,104.45312177029096,0.13177268681023377,NaN,0.05716359531192078
1,1,104.52383193381489,0.13169415814042995,NaN,0.05719426919539622
1,1,104.59454209832332,0.1316157364780571,NaN,0.05722492092808207
1,1,104.66525226381366,0.13153742160019702,NaN,0.0572555505390176
1,1,104.73596243028335,0.13145921328455537,NaN,0.057286158057186176
1,1,104.80667259772984,0.13138111130945715,NaN,0.057316743511513835
1,1,104.87738276615057,0.13130311545384757,NaN,0.057347306930874364
1,1,104.94809293554302,0.13122522549728757,NaN,0.057377848344080495
1,1,105.01880310590462,0.13114744121995237,NaN,0.057408367779898384
1,1,105.08951327723288,0.1310697624026303,NaN,0.05743886526703146
1,1,105.16022344952526,0.13099218882671884,NaN,0.05746934083412669
1,1,105.23093362277926,0.1309147202742235,NaN,0.057499794509787955
1,1,105.3016437969924,0.13083735652775644,NaN,0.05753022632255228
1,1,105.37235397216214,0.1307600973705327,NaN,0.057560636300908824
1,1,105.44306414828606,0.13068294258636998,NaN,0.05759102447328948
1,1,105.51377432536164,0.13060589195968383,NaN,0.05762139086807361
1,1,105.58448450338642,0.13052894527548922,NaN,0.05765173551358299
1,1,105.65519468235794,0.13045210231939483,NaN,0.05768205843809515
1,1,105.72590486227377,0.1303753628776041,NaN,0.05771235966982022
1,1,105.79661504313144,0.13029872673691054,NaN,0.057742639236924104
1,1,105.86732522492854,0.13022219368469787,NaN,0.05777289716751649
1,1,105.93803540766261,0.13014576350893614,NaN,0.05780313348965305
1,1,106.00874559133126,0.13006943599818105,NaN,0.057833348231338816
1,1,106.07945577593208,0.1299932109415714,NaN,0.05786354142052172
1,1,106.15016596146265,0.12991708812882657,NaN,0.05789371308510094
1,1,106.22087614792058,0.1298410673502459,NaN,0.05792386325291907
1,1,106.29158633530349,0.12976514839670514,NaN,0.057953991951769285
1,1,106.362296523609,0.1296893310596556,NaN,0.05798409920938674
1,1,106.43300671283474,0.12961361513112146,NaN,0.05801418505346417
1,1,106.50371690297833,0.12953800040369803,NaN,0.05804424951163267
1,1,106.57442709403742,0.1294624866705497,NaN,0.05807429261147268
1,1,106.64513728600966,0.1293870737254086,NaN,0.058104314380518385
1,1,106.71584747889271,0.12931176136257144,NaN,0.05813431484624737
1,1,106.78655767268425,0.12923654937689927,NaN,0.05816429403608356
1,1,106.85726786738195,0.1291614375638133,NaN,0.05819425197740252
1,1,106.92797806298347,0.12908642571929532,NaN,0.05822418869752935
1,1,106.99868825948653,0.12901151363988417,NaN,0.05825410422373614
1,1,107.0693984568888,0.128936701122674,NaN,0.058283998583242486
1,1,107.140108655188,0.12886198796531348,NaN,0.058313871803218176
1,1,107.21081885438184,0.12878737396600243,NaN,0.05834372391078618
1,1,107.28152905446802,0.12871285892349152,NaN,0.058373554933008664
1,1,107.35223925544429,0.12863844263707838,NaN,0.05840336489690881
1,1,107.42294945730838,0.12856412490660774,NaN,0.05843315382944764
1,1,107.49365966005801,0.1284899055324687,NaN,0.05846292175754583
1,1,107.56436986369096,0.12841578431559225,NaN,0.05849266870806766
1,1,107.63508006820496,0.12834176105745024,NaN,0.05852239470783205
1,1,107.70579027359778,0.12826783556005356,NaN,0.058552099783599654
1,1,107.77650047986721,0.1281940076259506,NaN,0.058581783962088324
1,1,107.847210687011,0.12812027705822351,NaN,0.05861144726996681
1,1,107.91792089502694,0.128046643660489,NaN,0.05864108973384924
1,1,107.98863110391282,0.12797310723689456,NaN,0.0586707113803015
1,1,108.05934131366645,0.12789966759211824,NaN,0.05870031223584393
1,1,108.13005152428562,0.12782632453136533,NaN,0.05872989232694345
1,1,108.20076173576815,0.1277530778603672,NaN,0.05875945168002
1,1,108.27147194811187,0.1276799273853802,NaN,0.05878899032144036
1,1,108.34218216131458,0.12760687291318287,NaN,0.058818508277529574
1,1,108.41289237537414,0.1275339142510746,NaN,0.05884800557455713
1,1,108.48360259028838,0.12746105120687404,NaN,0.05887748223874767
1,1,108.55431280605515,0.12738828358891663,NaN,0.05890693829627744
1,1,108.6250230226723,0.12731561120605422,NaN,0.058936373773269324
1,1,108.69573324013768,0.12724303386765146,NaN,0.05896578869580649
1,1,108.76644345844919,0.12717055138358627,NaN,0.058995183089915526
1,1,108.83715367760468,0.12709816356424575,NaN,0.05902455698158021
1,1,108.90786389760203,0.12702587022052672,NaN,0.05905391039673266
1,1,108.97857411843913,0.12695367116383227,NaN,0.05908324336126111
1,1,109.04928434011389,0.12688156620607094,NaN,0.059112555901005004
1,1,109.11999456262419,0.12680955515965492,NaN,0.0591418480417521
1,1,109.19070478596795,0.12673763783749806,NaN,0.05917111980924816
1,1,109.26141501014308,0.12666581405301455,NaN,0.05920037122918653
1,1,109.33212523514752,0.12659408362011712,NaN,0.059229602327220715
1,1,109.40283546097916,0.1265224463532149,NaN,0.05925881312895043
1,1,109.47354568763596,0.126450902067213,NaN,0.05928800365992937
1,1,109.54425591511587,0.1263794505775093,NaN,0.05931717394566555
1,1,109.61496614341682,0.1263080916999939,NaN,0.05934632401162154
1,1,109.68567637253678,0.12623682525104707,NaN,0.05937545388321125
1,1,109.75638660247368,0.12616565104753727,NaN,0.059404563585802816
1,1,109.82709683322551,0.12609456890682094,NaN,0.0594336531447158
1,1,109.89780706479024,0.12602357864673852,NaN,0.059462722585230776
1,1,109.96851729716586,0.12595268008561555,NaN,0.05949177193256966
1,1,110.03922753035033,0.12588187304225848,NaN,0.059520801211921714
1,1,110.10993776434167,0.12581115733595483,NaN,0.059549810448419976
1,1,110.18064799913786,0.12574053278647124,NaN,0.05957879966715798
1,1,110.25135823473691,0.1256699992140511,NaN,0.0596077688931812
1,1,110.32206847113683,0.1255995564394142,NaN,0.05963671815148769
1,1,110.39277870833564,0.1255292042837538,NaN,0.059665647467033095
1,1,110.46348894633137,0.12545894256873596,NaN,0.05969455686472702
1,1,110.53419918512203,0.12538877111649818,NaN,0.059723446369432165
1,1,110.60490942470568,0.12531868974964694,NaN,0.05975231600596806
1,1,110.67561966508036,0.12524869829125676,NaN,0.05978116579910764
1,1,110.7463299062441,0.12517879656486877,NaN,0.05980999577358004
1,1,110.81704014819496,0.1251089843944885,NaN,0.059838805954066654
1,1,110.88775039093102,0.125039261604585,NaN,0.05986759636521122
1,1,110.95846063445032,0.12496962802008899,NaN,0.05989636703160378
1,1,111.02917087875095,0.12490008346639157,NaN,0.05992511797779601
1,1,111.09988112383098,0.12483062776934248,NaN,0.059953849228292944
1,1,111.17059136968851,0.12476126075524872,NaN,0.05998256080755787
1,1,111.2413016163216,0.12469198225087265,NaN,0.06001125274000613
1,1,111.31201186372839,0.12462279208343138,NaN,0.060039925050010295
1,1,111.38272211190694,0.12455369008059455,NaN,0.06006857776189925
1,1,111.45343236085539,0.12448467607048243,NaN,0.06009721089996167
1,1,111.52414261057183,0.1244157498816659,NaN,0.06012582448843473
1,1,111.59485286105439,0.12434691134316418,NaN,0.060154418551517846
1,1,111.6655631123012,0.124278160284442,NaN,0.06018299311336761
1,1,111.73627336431038,0.12420949653541098,NaN,0.060211548198091686
1,1,111.80698361708008,0.12414091992642567,NaN,0.060240083829759594
1,1,111.87769387060844,0.1240724302882831,NaN,0.06026860003239637
1,1,111.9484041248936,0.12400402745222207,NaN,0.06029709682997947
1,1,112.01911437993373,0.12393571124991987,NaN,0.06032557424645113
1,1,112.08982463572697,0.12386748151349256,NaN,0.060354032305706296
1,1,112.1605348922715,0.12379933807549252,NaN,0.06038247103159633
1,1,112.2312451495655,0.12373128076890767,NaN,0.060410890447931354
1,1,112.30195540760712,0.12366330942715967,NaN,0.060439290578479826
1,1,112.37266566639458,0.12359542388410276,NaN,0.06046767144696541
1,1,112.44337592592605,0.1235276239740219,NaN,0.06049603307707099
1,1,112.51408618619972,0.12345990953163176,NaN,0.06052437549243689
1,1,112.58479644721379,0.12339228039207499,NaN,0.0605526987166633
1,1,112.65550670896647,0.12332473639092163,NaN,0.06058100277330197
1,1,112.72621697145597,0.12325727736416696,NaN,0.060609287685870095
1,1,112.79692723468051,0.12318990314823017,NaN,0.06063755347783889
1,1,112.8676374986383,0.12312261357995306,NaN,0.06066580017263967
1,1,112.93834776332758,0.12305540849659898,NaN,0.06069402779366023
1,1,113.00905802874658,0.12298828773585133,NaN,0.060722236364246535
1,1,113.07976829489353,0.12292125113581163,NaN,0.06075042590770663
1,1,113.15047856176668,0.12285429853499912,NaN,0.06077859644730596
1,1,113.22118882936427,0.1227874297723489,NaN,0.06080674800626429
1,1,113.29189909768456,0.12272064468721029,NaN,0.06083488060776446
1,1,113.36260936672582,0.12265394311934587,NaN,0.06086299427494812
1,1,113.4333196364863,0.12258732490893076,NaN,0.06089108903091667
1,1,113.50402990696429,0.12252078989654949,NaN,0.06091916489872848
1,1,113.57474017815805,0.12245433792319728,NaN,0.06094722190140006
1,1,113.64545045006585,0.12238796883027604,NaN,0.0609752600619094
1,1,113.716160722686,0.1223216824595944,NaN,0.061003279403195915
1,1,113.78687099601677,0.12225547865336721,NaN,0.06103127994815288
1,1,113.85758127005647,0.12218935725421268,NaN,0.06105926171964016
1,1,113.9282915448034,0.12212331810515123,NaN,0.06108722474047171
1,1,113.99900182025586,0.12205736104960589,NaN,0.061115169033421624
1,1,114.06971209641216,0.12199148593139894,NaN,0.06114309462123002
1,1,114.14042237327062,0.12192569259475126,NaN,0.061171001526588054
1,1,114.21113265082957,0.12185998088428238,NaN,0.06119888977215607
1,1,114.28184292908733,0.12179435064500713,NaN,0.061226759380545226
1,1,114.35255320804224,0.12172880172233598,NaN,0.06125461037433644
1,1,114.42326348769262,0.1216633339620729,NaN,0.061282442776063095
1,1,114.49397376803682,0.12159794721041424,NaN,0.061310256608223423
1,1,114.5646840490732,0.12153264131394798,NaN,0.06133805189327585
1,1,114.6353943308001,0.12146741611965194,NaN,0.06136582865363871
1,1,114.70610461321587,0.1214022714748924,NaN,0.061393586911688725
1,1,114.77681489631888,0.12133720722742347,NaN,0.0614213266897706
1,1,114.84752518010751,0.12127222322538571,NaN,0.06144904801018128
1,1,114.9182354645801,0.12120731931730468,NaN,0.06147675089518623
1,1,114.98894574973507,0.12114249535208911,NaN,0.06150443536700562
1,1,115.05965603557077,0.12107775117903162,NaN,0.06153210144782437
1,1,115.13036632208559,0.12101308664780495,NaN,0.06155974915978904
1,1,115.20107660927793,0.12094850160846306,NaN,0.06158737852500684
1,1,115.27178689714619,0.12088399591143789,NaN,0.06161498956554817
1,1,115.34249718568876,0.12081956940754043,NaN,0.061642582303438526
1,1,115.41320747490404,0.12075522194795725,NaN,0.06167015676067533
1,1,115.48391776479046,0.12069095338425044,NaN,0.06169771295921039
1,1,115.55462805534643,0.12062676356835694,NaN,0.06172525092095554
1,1,115.62533834657036,0.12056265235258588,NaN,0.06175277066779469
1,1,115.69604863846068,0.12049861958961944,NaN,0.061780272221561405
1,1,115.76675893101581,0.120434665132509,NaN,0.061807755604061904
1,1,115.83746922423421,0.12037078883467651,NaN,0.06183522083705989
1,1,115.9081795181143,0.12030699054991177,NaN,0.06186266794227882
1,1,115.97888981265451,0.12024327013237206,NaN,0.06189009694140818
1,1,116.04960010785332,0.12017962743658042,NaN,0.06191750785610009
1,1,116.12031040370917,0.1201160623174253,NaN,0.06194490070797032
1,1,116.1910207002205,0.12005257463015813,NaN,0.061972275518591746
1,1,116.2617309973858,0.11998916423039349,NaN,0.06199963230950492
1,1,116.33244129520352,0.11992583097410717,NaN,0.06202697110221095
1,1,116.40315159367213,0.11986257471763555,NaN,0.06205429191817577
1,1,116.47386189279013,0.11979939531767368,NaN,0.06208159477882835
1,1,116.54457219255596,0.11973629263127568,NaN,0.06210887970555701
1,1,116.61528249296813,0.1196732665158511,NaN,0.0621361467197202
1,1,116.68599279402514,0.11961031682916655,NaN,0.062163395842630254
1,1,116.75670309572546,0.11954744342934293,NaN,0.06219062709557183
1,1,116.82741339806759,0.11948464617485491,NaN,0.06221784049978896
1,1,116.89812370105004,0.11942192492452933,NaN,0.06224503607648724
1,1,116.96883400467132,0.11935927953754454,NaN,0.062272213846839564
1,1,117.03954430892995,0.11929670987342933,NaN,0.06229937383198242
1,1,117.11025461382442,0.11923421579206193,NaN,0.06232651605301259
1,1,117.18096491935327,0.11917179715366807,NaN,0.062353640530993626
1,1,117.25167522551502,0.11910945381882147,NaN,0.06238074728695209
1,1,117.32238553230819,0.11904718564843983,NaN,0.06240783634188091
1,1,117.39309583973132,0.11898499250378834,NaN,0.06243490771673263
1,1,117.46380614778295,0.11892287424647416,NaN,0.062461961432426355
1,1,117.53451645646162,0.11886083073844825,NaN,0.062488997509847266
1,1,117.60522676576588,0.11879886184200236,NaN,0.06251601596984219
1,1,117.67593707569428,0.11873696741976919,NaN,0.06254301683322272
1,1,117.74664738624537,0.11867514733472148,NaN,0.06257000012076602
1,1,117.8173576974177,0.11861340145016987,NaN,0.06259696585321506
1,1,117.88806800920986,0.11855172962976257,NaN,0.06262391405127488
1,1,117.95877832162039,0.1184901317374846,NaN,0.06265084473561511
1,1,118.0,0.11845425634370002,NaN,0.06266653632480779
1,-1,20.0,0.7034701204002224,NaN,-0.01869361606624198
1,-1,19.98587344461416,0.7040762134626308,NaN,-0.01872635171761841
1,-1,19.965237442371016,0.7049635782737814,NaN,-0.018774217668804973
1,-1,19.935868427774366,0.7062305548207787,NaN,-0.01884243432978465
1,-1,19.894070739597094,0.7080420276236736,NaN,-0.018939711100602233
1,-1,19.83458487028352,0.7106370964604094,NaN,-0.0190785440774138
1,-1,19.7639548163275,0.7137445680021148,NaN,-0.019243985718775627
1,-1,19.69332578901043,0.7168808616809837,NaN,-0.01941008147161636
1,-1,19.622697807269216,0.720046386726394,NaN,-0.019576837404110918
1,-1,19.552070889973052,0.7232415602911745,NaN,-0.01974425968176939
1,-1,19.481445056436506,0.7264668076243668,NaN,-0.01991235456847073
1,-1,19.410820326432624,0.7297225622717796,NaN,-0.020081128428737632
1,-1,19.340196720206507,0.7330092662826257,NaN,-0.020250587730075577
1,-1,19.269574258489357,0.7363273704224882,NaN,-0.020420739045385224
1,-1,19.198952962513047,0.7396773343928141,NaN,-0.020591589055449992
1,-1,19.128332854025203,0.7430596270571935,NaN,-0.020763144551498136
1,-1,19.057713955304838,0.7464747266746753,NaN,-0.02093541243784547
1,-1,18.987096289178563,0.7499231211403646,NaN,-0.021108399734619948
1,-1,18.916479879037382,0.7534053082335985,NaN,-0.02128211358057585
1,-1,18.845864748854122,0.7569217958739485,NaN,-0.021456561235989526
1,-1,18.775250923201504,0.7604731023853933,NaN,-0.021631750085657944
1,-1,18.704638427270893,0.7640597567689247,NaN,-0.021807687641982626
1,-1,18.63402728689176,0.7676822989839374,NaN,-0.021984381548166003
1,-1,18.56341752855188,0.7713412802387316,NaN,-0.02216183958149763
1,-1,18.492809179418295,0.7750372632904875,NaN,-0.02234006965676171
1,-1,18.422202267359086,0.7787708227550587,NaN,-0.022519079829748746
1,-1,18.351596820966005,0.7825425454270164,NaN,-0.022698878300889826
1,-1,18.280992869577965,0.786353030610283,NaN,-0.022879473419006903
1,-1,18.210390443305457,0.790202890459835,NaN,-0.02306087368519679
1,-1,18.13978957305595,0.7940927503348852,NaN,-0.02324308775684339
1,-1,18.06919029056027,0.7980232491640087,NaN,-0.023426124451766624
1,-1,17.998592628400065,0.8019950398227105,NaN,-0.023609992752518294
1,-1,17.927996620036346,0.8060087895239271,NaN,-0.023794701810827552
1,-1,17.85740229983922,0.8100651802220016,NaN,-0.023980260952197525
1,-1,17.786809703118802,0.8141649090306707,NaN,-0.024166679680669892
1,-1,17.71621886615744,0.8183086886556881,NaN,-0.02435396768375802
1,-1,17.64562982624323,0.8224972478426397,NaN,-0.024542134837554443
1,-1,17.575042621704956,0.8267313318406403,NaN,-0.024731191212026347
1,-1,17.504457291948505,0.8310117028825657,NaN,-0.024921147076504148
1,-1,17.433873877494793,0.8353391406825118,NaN,-0.025112012905368707
1,-1,17.36329242001934,0.8397144429512553,NaN,-0.025303799383951997
1,-1,17.292712962393527,0.8441384259304774,NaN,-0.02549651741465779
1,-1,17.222135548727632,0.84861192494656,NaN,-0.025690178123312132
1,-1,17.15156022441576,0.8531357949848388,NaN,-0.025884792865752716
1,-1,17.080987036182734,0.8577109112852099,NaN,-0.026080373234673812
1,-1,17.010416032133055,0.8623381699600291,NaN,-0.026276931066732782
1,-1,16.939847261802054,0.8670184886353314,NaN,-0.026474478449933905
1,-1,16.86928077620934,0.8717528071164071,NaN,-0.02667302773129803
1,-1,16.798716627914658,0.8765420880788554,NaN,-0.026872591524841227
1,-1,16.728154871076303,0.8813873177862874,NaN,-0.027073182719864544
1,-1,16.65759556151222,0.8862895068359127,NaN,-0.02727481448958139
1,-1,16.587038756763928,0.8912496909333053,NaN,-0.027477500300091183
1,-1,16.516484516163427,0.8962689316977391,NaN,-0.027681253919722794
1,-1,16.445932900903266,0.9013483174995252,NaN,-0.02788608942875878
1,-1,16.37538397410993,0.9064889643308879,NaN,-0.028092021229565264
1,-1,16.30483780092073,0.9116920167120119,NaN,-0.028299064057145787
1,-1,16.234294448564416,0.916958648633934,NaN,-0.028507232990143398
1,-1,16.1637539864457,0.9222900645401417,NaN,-0.028716543462309153
1,-1,16.093216486233928,0.927687500348709,NaN,-0.028927011274460818
1,-1,16.022682021956143,0.9331522245170899,NaN,-0.029138652606969115
1,-1,15.952150670094781,0.9386855391516206,NaN,-0.029351484032780963
1,-1,15.881622509690287,0.9442887811640549,NaN,-0.02956552253102364
1,-1,15.81109762244894,0.9499633234775142,NaN,-0.029780785501212055
1,-1,15.7405760928562,0.955710576284399,NaN,-0.029997290778098096
1,-1,15.670058008295904,0.9615319883589818,NaN,-0.030215056647191353
1,-1,15.599543459175672,0.9674290484275087,NaN,-0.030434101860991138
1,-1,15.529032539058925,0.9734032865989163,NaN,-0.03065444565596885
1,-1,15.45852534480388,0.9794562758593418,NaN,-0.030876107770342977
1,-1,15.388021976710014,0.9855896336339051,NaN,-0.031099108462695146
1,-1,15.317522538672433,0.9918050234193988,NaN,-0.03132346853146355
1,-1,15.247027138344658,0.9981041564917946,NaN,-0.03154920933538058
1,-1,15.176535887310388,1.0044887936927083,NaN,-0.03177635281489732
1,-1,15.106048901264804,1.0109607472992241,NaN,-0.032004921514657725
1,-1,15.035566300206058,1.0175218829818289,NaN,-0.032234938607085206
1,-1,14.965088208637612,1.0241741218554303,NaN,-0.03246642791714742
1,-1,14.89461475578216,1.0309194426288553,NaN,-0.03269941394836717
1,-1,14.824146075807924,1.0377598838585635,NaN,-0.03293392191016592
1,-1,14.75368230806816,1.0446975463126407,NaN,-0.03316997774660787
1,-1,14.683223597354802,1.051734595451715,NaN,-0.033407608166643635
1,-1,14.612770094167205,1.058873264033696,NaN,-0.033646840675943965
1,-1,14.5423219549971,1.066115854849939,NaN,-0.03388770361042061
1,-1,14.471879342630869,1.0734647436008051,NaN,-0.03413022617155375
1,-1,14.401442426470421,1.0809223819192766,NaN,-0.03437443846362927
1,-1,14.33101138287401,1.088491300551881,NaN,-0.034620371533023525
1,-1,14.260586395518477,1.0961741127068778,NaN,-0.03486805740966546
1,-1,14.190167655784503,1.1039735175803629,NaN,-0.035117529150826006
1,-1,14.119755363166611,1.1118923040718183,NaN,-0.035368820887383606
1,-1,14.049349725709806,1.1199333547014936,NaN,-0.03562196787275345
1,-1,13.978950960474904,1.1280996497429219,NaN,-0.03587700653464465
1,-1,13.908559294034786,1.1363942715849868,NaN,-0.03613397452986129
1,-1,13.838174963004024,1.1448204093390497,NaN,-0.03639291080235306
1,-1,13.767798214604536,1.1533813637079193,NaN,-0.036653855644754194
1,-1,13.697429307270191,1.1620805521347788,NaN,-0.03691685076365994
1,-1,13.627068511293542,1.1709215142517253,NaN,-0.03718193934892306
1,-1,13.556716109518176,1.1799079176491458,NaN,-0.03744916614726122
1,-1,13.486372398080514,1.1890435639890193,NaN,-0.03771857754050556
1,-1,13.416037687205254,1.1983323954871268,NaN,-0.03799022162884657
1,-1,13.345712302059068,1.2077785017913756,NaN,-0.0382641483194535
1,-1,13.275396583667638,1.2173861272858109,NaN,-0.03854040942090555
1,-1,13.205090889901607,1.2271596788524635,NaN,-0.03881905874387538
1,-1,13.13479559653763,1.2371037341261584,NaN,-0.03910015220858393
1,-1,13.064511098401317,1.2472230502805668,NaN,-0.03938374795956877
1,-1,12.9942378105996,1.2575225733872732,NaN,-0.03966990648837154
1,-1,12.923976169850869,1.2680074483936665,NaN,-0.03995869076480893
1,-1,12.8537266359221,1.2786830297696887,NaN,-0.0402501663775508
1,-1,12.783489693183249,1.2895548928783906,NaN,-0.04054440168480872
1,-1,12.713265852290307,1.3006288461305762,NaN,-0.040841467976018855
1,-1,12.643055652009737,1.3119109439897867,NaN,-0.04114143964548152
1,-1,12.572859661198429,1.3234075009006196,NaN,-0.04144439437904479
1,-1,12.50267848095503,1.3351251062207488,NaN,-0.041750413355010556
1,-1,12.432512746960327,1.3470706402454244,NaN,-0.04205958146057816
1,-1,12.362363132026532,1.359251291422586,NaN,-0.04237198752528848
1,-1,12.292230348877755,1.371674574867237,NaN,-0.042687724573090766
1,-1,12.222115153186698,1.3843483522954918,NaN,-0.04300689009482436
1,-1,12.152018346895806,1.3972808535122003,NaN,-0.04332958634314153
1,-1,12.081940781854748,1.410480699600898,NaN,-0.043655920652098126
1,-1,12.011883363810238,1.4239569279820639,NaN,-0.04398600578393411
1,-1,11.941847056789095,1.4377190195248475,NaN,-0.044319960305846694
1,-1,11.871832887920883,1.4517769279193848,NaN,-0.04465790899991308
1,-1,11.801841952752973,1.4661411115418372,NaN,-0.044999983309710015
1,-1,11.731875421118257,1.4808225680727507,NaN,-0.04534632182762837
1,-1,11.661934543624401,1.4958328721618184,NaN,-0.04569707082738944
1,-1,11.592020658843577,1.511184216469583,NaN,-0.046052384846873726
1,-1,11.522135201293398,1.5268894564593825,NaN,-0.046412427327049754
1,-1,11.452279710313574,1.5429621593622855,NaN,-0.046777371313575164
1,-1,11.38245583995897,1.5594166577946422,NaN,-0.04714740022856789
1,-1,11.312665370048931,1.576268108574044,NaN,-0.04752270872110294
1,-1,11.242910218535277,1.5935325573558738,NaN,-0.047903503606218714
1,-1,11.173192455378238,1.6112270098019383,NaN,-0.04829000490368364
1,-1,11.103514318151525,1.6293695100966334,NaN,-0.04868244698944306
1,-1,11.033878229635928,1.6479792277480663,NaN,-0.049081079874675894
1,-1,10.96428681770664,1.6670765537546495,NaN,-0.04948617062973733
1,-1,10.894742937874668,1.6866832073864981,NaN,-0.049898004973022034
1,-1,10.825249698909406,1.7068223550303463,NaN,-0.050316889048112
1,-1,10.75581049205048,1.7275187427835987,NaN,-0.050743151416472045
1,-1,10.68642902441577,1.748798844764977,NaN,-0.05117714529767483
1,-1,10.617109357333645,1.7706910294463485,NaN,-0.05161925109477129
1,-1,10.547855950476592,1.793225746714734,NaN,-0.052069879249218104
1,-1,10.478673712857935,1.8164357388609038,NaN,-0.052529473478017535
1,-1,10.409568061983078,1.8403562792806276,NaN,-0.05299851445571657
1,-1,10.34054499273396,1.8650254433910909,NaN,-0.053477524016142676
1,-1,10.271611157927053,1.8904844171396242,NaN,-0.05396706996374233
1,-1,10.2027739629431,1.9167778495541532,NaN,-0.05446777160286906
1,-1,10.134041677410233,1.9439542571057549,NaN,-0.054980306116270874
1,-1,10.065423567670718,1.9720664892891422,NaN,-0.05550541595255305
1,-1,9.996930054728882,2.001172266861122,NaN,-0.05604391741809752
1,-1,9.928572903636926,2.0313348067204906,NaN,-0.05659671071388732
1,-1,9.860365451927644,2.0626235506089317,NaN,-0.05716479171460766
1,-1,9.79232288688889,2.0951150188482184,NaN,-0.05774926585987394
1,-1,9.724462584391972,2.1288938154506916,NaN,-0.058351364620240445
1,-1,9.65680452591538,2.16405381746884,NaN,-0.05897246512016095
1,-1,9.589371815748803,2.200699589807527,NaN,-0.059614113654807274
1,-1,9.522191327703286,2.238948077456971,NaN,-0.06027805403901425
1,-1,9.455294520845422,2.278930640920869,NaN,-0.06096626198979072
1,-1,9.38871847808172,2.320795518400942,NaN,-0.06168098708893967
1,-1,9.322507241736803,2.3647108211279058,NaN,-0.0624248043254211
1,-1,9.256713549460715,2.4108681972908728,NaN,-0.06320067781110496
1,-1,9.19140111624205,2.4594873363814163,NaN,-0.06401204003695976
1,-1,9.126647670730812,2.510821529739809,NaN,-0.06486289102817229
1,-1,9.062549046906005,2.5651645526462525,NaN,-0.06575792298712485
1,-1,8.999224771445402,2.622859180434739,NaN,-0.06670267743922131
1,-1,8.936825797506952,2.6843076735668214,NaN,-0.06770374329619662
1,-1,8.875545353145226,2.7499845092060773,NaN,-0.06876900495007846
1,-1,8.815634345999232,2.820451369941065,NaN,-0.06990794774208034
1,-1,8.757423445835697,2.8963736281903536,NaN,-0.07113201958403598
1,-1,8.701354852470978,2.978535632218113,NaN,-0.07245502199682638
1,-1,8.648027607154146,3.067847607100098,NaN,-0.07389343852947182
1,-1,8.598260064421044,3.1653271948004242,NaN,-0.07546645601319367
1,-1,8.553168422019953,3.272019269650119,NaN,-0.07719511184133424
1,-1,8.514242303621831,3.3887865291576085,NaN,-0.07909943524062207
1,-1,8.483352022419906,3.5158803451038296,NaN,-0.08119188365487019
1,-1,8.462547308533532,3.65228010713683,NaN,-0.08346627213361435
1,-1,8.45350605164369,3.7951360966711047,NaN,-0.08588681171868845
1,-1,8.456797692636153,3.9400851975822206,NaN,-0.0883899891983457
1,-1,8.47158371388434,4.082708181171684,NaN,-0.09090606501408824
1,-1,8.496095726278973,4.219960189830085,NaN,-0.09338316753130424
1,-1,8.528376448483192,4.350452057189434,NaN,-0.09579430197143476
1,-1,8.566722026441079,4.473929880704097,NaN,-0.09813069306071508
1,-1,8.609795062436307,4.590707792261811,NaN,-0.10039330514553604
1,-1,8.656586475459633,4.701318382878903,NaN,-0.1025873150371435
1,-1,8.706342052106846,4.806340920984072,NaN,-0.10471926379937915
1,-1,8.758495521340329,4.906327573318989,NaN,-0.10679575099967818
1,-1,8.812617093354696,5.001776694048317,NaN,-0.1088228977464864
1,-1,8.868376160957316,5.093127167108513,NaN,-0.11080616981426115
1,-1,8.925514791141923,5.180761474669195,NaN,-0.11275036122103022
1,-1,8.983828928115596,5.2650118600387525,NaN,-0.11465964369822597
1,-1,9.043154983917821,5.34616710605365,NaN,-0.11653763826933522
1,-1,9.10336017563034,5.4244789099832165,NaN,-0.1183874893848313
1,-1,9.164335478883963,5.500167500110029,NaN,-0.12021193352344907
1,-1,9.225990424169675,5.573426431348039,NaN,-0.12201335950911946
1,-1,9.288249205231244,5.644426616861717,NaN,-0.12379386019689081
1,-1,9.351047732724542,5.71331969327649,NaN,-0.12555527618346013
1,-1,9.414331377118277,5.780240822941134,NaN,-0.12729923254158954
1,-1,9.478053220173457,5.845311028411082,NaN,-0.12902716962214644
1,-1,9.542172686053068,5.908639141383649,NaN,-0.13074036888642698
1,-1,9.606654458965664,5.97032343490721,NaN,-0.1324399746070991
1,-1,9.67146761937045,6.030452995501761,NaN,-0.13412701214627523
1,-1,9.736584948572466,6.089108881392727,NaN,-0.13580240339974436
1,-1,9.801982364286738,6.1463651043984395,NaN,-0.13746697989273643
1,-1,9.86763845898001,6.202289465943939,NaN,-0.13912149392546969
1,-1,9.933534119549574,6.256944271956856,NaN,-0.14076662809473817
1,-1,9.999652211885037,6.310386946799525,NaN,-0.1424030034589007
1,-1,10.065977317576962,6.36267056269228,NaN,-0.1440311865657214
1,-1,10.132495512834195,6.4138442981065396,NaN,-0.14565169552357263
1,-1,10.199194181794693,6.463953836211123,NaN,-0.1472650052649259
1,-1,10.266061858039562,6.513041712518382,NaN,-0.14887155212536324
1,-1,10.333088089372731,6.5611476193101925,NaN,-0.15047173784044982
1,-1,10.400263321902202,6.608308673149197,NaN,-0.15206593304572072
1,-1,10.467578800220355,6.654559650741763,NaN,-0.1536544803510905
1,-1,10.53502648108077,6.699933197568314,NaN,-0.1552376970495004
1,-1,10.602598958444597,6.744460012997444,NaN,-0.1568158775101909
1,-1,10.670289398148874,6.788169015023571,NaN,-0.1583892952991578
1,-1,10.738091480753553,6.8310874872903256,NaN,-0.15995820506289
1,-1,10.805999351369515,6.873241210664799,NaN,-0.16152284420608684
1,-1,10.87400757546901,6.914654581296766,NaN,-0.16308343438955503
1,-1,10.94211109984228,6.955350716819861,NaN,-0.16464018287071586
1,-1,11.01030521799711,6.995351552118493,NaN,-0.1661932837059864
1,-1,11.078585539407456,7.034677925888383,NaN,-0.167742918831612
1,-1,11.146947962107777,7.073349659052103,NaN,-0.1692892590372938
1,-1,11.215388648204772,7.111385625950492,NaN,-0.170832464845007
1,-1,11.283904001940801,7.148803819110552,NaN,-0.17237268730379318
1,-1,11.35249064999565,7.185621408288218,NaN,-0.17391006870991135
1,-1,11.421145423757308,7.221854794396578,NaN,-0.17544474326053594
1,-1,11.489865343329454,7.257519658854938,NaN,-0.1769768376481749
1,-1,11.558647603074787,7.292631008829028,NaN,-0.17850647160208688
1,-1,11.627489558519907,7.327203218776888,NaN,-0.18003375838223795
1,-1,11.696388714470128,7.361250068666398,NaN,-0.18155880523065446
1,-1,11.765342714202033,7.3947847791881145,NaN,-0.1830817137844825
1,-1,11.834349329618057,7.427820044250822,NaN,-0.1846025804545529
1,-1,11.90340645226175,7.460368061014986,NaN,-0.18612149677283213
1,-1,11.972512085104583,7.492440557691404,NaN,-0.18763854971174473
1,-1,12.0416643350258,7.524048819307914,NaN,-0.18915382197805408
1,-1,12.110861405915976,7.5552037116257855,NaN,-0.1906673922836526
1,-1,12.180101592342984,7.585915703367813,NaN,-0.1921793355954145
1,-1,12.249383273725941,7.616194886904354,NaN,-0.19368972336598997
1,-1,12.318704908968815,7.646050997528135,NaN,-0.19519862374725827
1,-1,12.38806503151067,7.675493431435836,NaN,-0.19670610178796147
1,-1,12.457462244754145,7.704531262523118,NaN,-0.19821221961689872
1,-1,12.526895217837877,7.733173258089018,NaN,-0.19971703661291768
1,-1,12.596362681722129,7.7614278935369265,NaN,-0.2012206095628186
1,-1,12.665863425560095,7.7893033661509214,NaN,-0.2027229928081869
1,-1,12.735396293330119,7.81680760801913,NaN,-0.20422423838205378
1,-1,12.804960180706534,7.843948298169093,NaN,-0.20572439613623084
1,-1,12.874554032149092,7.870732873974381,NaN,-0.20722351386004267
1,-1,12.94417683819281,7.897168541886476,NaN,-0.20872163739116467
1,-1,13.013827632921851,7.923262287541219,NaN,-0.2102188107191667
1,-1,13.083505491612643,7.949020885284675,NaN,-0.2117150760823321
1,-1,13.153209528532717,7.974450907159853,NaN,-0.2132104740582671
1,-1,13.222938894883098,7.999558731391796,NaN,-0.21470504364876636
1,-1,13.292692776873121,8.024350550405831,NaN,-0.21619882235936483
1,-1,13.36247039391754,8.048832378410685,NaN,-0.21769184627396632
1,-1,13.43227099694675,8.07301005857569,NaN,-0.21918415012490836
1,-1,13.502093866821658,8.096889269829138,NaN,-0.22067576735878966
1,-1,13.571938312845568,8.120475533302221,NaN,-0.22216673019836478
1,-1,13.641803671365976,8.143774218441965,NaN,-0.2236570697007812
1,-1,13.711689304459902,8.166790548813669,NaN,-0.22514681581241358
1,-1,13.781594598696785,8.189529607612902,NaN,-0.2266359974205277
1,-1,13.85151896397355,8.211996342904762,NaN,-0.22812464240199215
1,-1,13.921461832416863,8.234195572607321,NaN,-0.229612777669243
1,-1,13.991422657347956,8.256131989234639,NaN,-0.2311004292136598
1,-1,14.061400912305823,8.27781016441387,NaN,-0.23258762214656498
1,-1,14.131396090124895,8.299234553189708,NaN,-0.23407438073795744
1,-1,14.201407702063568,8.320409498128635,NaN,-0.23556072845316334
1,-1,14.27143527698031,8.341339233234581,NaN,-0.23704668798750617
1,-1,14.341478360554232,8.362027887686716,NaN,-0.238532281299151
1,-1,14.411536514547329,8.382479489409329,NaN,-0.24001752964021367
1,-1,14.481609316105715,8.402697968483412,NaN,-0.24150245358625416
1,-1,14.551696357097455,8.422687160408339,NaN,-0.2429870730642538
1,-1,14.621797243484716,8.442450809222061,NaN,-0.24447140737915918
1,-1,14.691911594728126,8.461992570487354,NaN,-0.24595547523909472
1,-1,14.762039043221407,8.481316014151279,NaN,-0.24743929477930632
1,-1,14.832179233754472,8.500424627284481,NaN,-0.24892288358492334
1,-1,14.902331823003271,8.519321816706697,NaN,-0.2504062587126029
1,-1,14.972496479044846,8.53801091150427,NaN,-0.25188943671112085
1,-1,15.042672880896102,8.556495165445199,NaN,-0.2533724336409741
1,-1,15.11286071807495,8.574777759296916,NaN,-0.25485526509304923
1,-1,15.183059690182525,8.592861803051637,NaN,-0.25633794620640016
1,-1,15.253269506505301,8.610750338063896,NaN,-0.25782049168520516
1,-1,15.32348988563599,8.628446339104489,NaN,-0.2593029158149283
1,-1,15.39372055511217,8.645952716334943,NaN,-0.2607852324777417
1,-1,15.463961251071673,8.66327231720637,NaN,-0.26226745516724337
1,-1,15.53421171792384,8.680407928286114,NaN,-0.26374959700251
1,-1,15.604471708035744,8.697362277015836,NaN,-0.26523167074152126
1,-1,15.674740981432619,8.714138033404085,NaN,-0.2667136887939914
1,-1,15.745019305511724,8.730737811656327,NaN,-0.2681956632336258
1,-1,15.815306454768939,8.747164171745483,NaN,-0.26967760580985484
1,-1,15.88560221053742,8.763419620925458,NaN,-0.2711595279590523
1,-1,15.955906360737712,8.779506615190385,NaN,-0.27264144081527764
1,-1,16.026218699638697,8.795427560681954,NaN,-0.274123355220555
1,-1,16.09653902762887,8.811184815046957,NaN,-0.2756052817347271
1,-1,16.166867150997383,8.826780688747519,NaN,-0.2770872306448885
1,-1,16.23720288172439,8.842217446325785,NaN,-0.2785692119744323
1,-1,16.30754603728022,8.857497307625199,NaN,-0.2800512354917232
1,-1,16.377896440432963,8.872622448970063,NaN,-0.2815333107184187
1,-1,16.44825391906403,8.887595004305336,NaN,-0.2830154469374494
1,-1,16.518618305991318,8.902417066298122,NaN,-0.284497653200678
1,-1,16.58898943879961,8.917090687402524,NaN,-0.28597993833626445
1,-1,16.65936715967788,8.931617880889508,NaN,-0.2874623109557204
1,-1,16.729751315263133,8.94600062184284,NaN,-0.2889447794607061
1,-1,16.800141756490518,8.96024084812293,NaN,-0.29042735204955
1,-1,16.87053833844942,8.974340461299413,NaN,-0.29191003672352145
1,-1,16.940940920245204,8.988301327554124,NaN,-0.29339284129286247
1,-1,17.011349364866405,9.00212527855526,NaN,-0.2948757733825934
1,-1,17.081763539057096,9.015814112304135,NaN,-0.296358840438091
1,-1,17.152183313194197,9.029369593955465,NaN,-0.2978420497304653
1,-1,17.222608561169498,9.042793456612173,NaN,-0.29932540836172966
1,-1,17.293039160276194,9.056087402095793,NaN,-0.300808923269793
1,-1,17.36347499109974,9.06925310169329,NaN,-0.30229260123324975
1,-1,17.433915937412802,9.082292196881268,NaN,-0.3037764488760146
1,-1,17.504361886074175,9.095206300028325,NaN,-0.3052604726717736
1,-1,17.57481272693144,9.107996995076483,NaN,-0.30674467894829066
1,-1,17.64526835272725,9.120665838202232,NaN,-0.30822907389154647
1,-1,17.715728659009034,9.133214358458321,NaN,-0.3097136635497467
1,-1,17.786193544042053,9.145644058396517,NaN,-0.31119845383717026
1,-1,17.856662908725557,9.157956414672446,NaN,-0.3126834505379042
1,-1,17.927136656512026,9.170152878632788,NaN,-0.31416865930943727
1,-1,17.997614693329282,9.18223487688582,NaN,-0.31565408568612274
1,-1,18.068096927505383,9.19420381185557,NaN,-0.317139735082551
1,-1,18.138583269696205,9.206061062320284,NaN,-0.31862561279677043
1,-1,18.20907363281556,9.217807983935826,NaN,-0.3201117240134312
1,-1,18.279567931967772,9.22944590974439,NaN,-0.3215980738068077
1,-1,18.35006608438262,9.24097615066914,NaN,-0.3230846671437255
1,-1,18.42056800935252,9.252399995995114,NaN,-0.3245715088863898
1,-1,18.49107362817188,9.26371871383713,NaN,-0.32605860379512447
1,-1,18.56158286407855,9.274933551594676,NaN,-0.32754595653101604
1,-1,18.63209564219725,9.286045736394774,NaN,-0.3290335716584827
1,-1,18.702611889484945,9.297056475522728,NaN,-0.3305214536477493
1,-1,18.773131534678036,9.307966956841428,NaN,-0.3320096068772485
1,-1,18.843654508241336,9.318778349199546,NaN,-0.3334980356359477
1,-1,18.914180742318766,9.329491802828844,NaN,-0.33498674412560236
1,-1,18.984710170685666,9.340108449731193,NaN,-0.3364757364629294
1,-1,19.055242728702694,9.350629404055361,NaN,-0.3379650166817319
1,-1,19.125778353271244,9.361055762464098,NaN,-0.3394545887349377
1,-1,19.196316982790314,9.371388604491713,NaN,-0.34094445649659166
1,-1,19.26685855711479,9.381628992892525,NaN,-0.34243462376377404
1,-1,19.337403017515072,9.391777973980378,NaN,-0.3439250942584723
1,-1,19.407950306637996,9.401836577959555,NaN,-0.344708856078475
1,-1,19.478500368469025,9.411805819247432,NaN,-0.3449995673869509
1,-1,19.549053148295634,9.421686696788841,NaN,-0.345289264455539
1,-1,19.619608592671867,9.431480194362848,NaN,-0.3455779571732127
1,-1,19.690166649383997,9.441187280881767,NaN,-0.3458656552762116
1,-1,19.76072726741729,9.450808910682804,NaN,-0.34615236835125385
1,-1,19.83129039692379,9.460346023812596,NaN,-0.3464381058386527
1,-1,19.90185598919111,9.469799546304818,NaN,-0.34672287703536725
1,-1,19.9724239966122,9.479170390450962,NaN,-0.34700669109796034
1,-1,20.042994372656043,9.488459455064753,NaN,-0.347289557045482
1,-1,20.113567071839242,9.497667625739991,NaN,-0.34757148376228303
1,-1,20.18414204969849,9.506795775102432,NaN,-0.347852480000746
1,-1,20.25471926276386,9.51584476305559,NaN,-0.34813255438395674
1,-1,20.32529866853293,9.524815437020754,NaN,-0.34841171540829613
1,-1,20.39588022544566,9.533708632171312,NaN,-0.34868997144598035
1,-1,20.466463892860038,9.542525171661692,NaN,-0.3489673307475176
1,-1,20.537049631028452,9.551265866850885,NaN,-0.34924380144412553
1,-1,20.60763740107477,9.559931517520852,NaN,-0.3495193915500655
1,-1,20.678227164972075,9.568522912089824,NaN,-0.34979410896493746
1,-1,20.7488188855211,9.577040827820795,NaN,-0.3500679614759098
1,-1,20.819412526329245,9.585486031025201,NaN,-0.3503409567598902
1,-1,20.890008051790247,9.593859277262016,NaN,-0.35061310238565
1,-1,20.96060542706442,9.602161311532297,NaN,-0.35088440581589486
1,-1,21.03120461805948,9.610392868469388,NaN,-0.35115487440929044
1,-1,21.101805591411917,9.618554672524908,NaN,-0.3514245154224224
1,-1,21.1724083144689,9.626647438150474,NaN,-0.3516933360117322
1,-1,21.2430127552707,9.63467186997553,NaN,-0.3519613432353895
1,-1,21.31361888253363,9.642628662981194,NaN,-0.3522285440551261
1,-1,21.384226665633435,9.650518502670252,NaN,-0.35249494533803016
1,-1,21.454836074589192,9.658342065233525,NaN,-0.35276055385829147
1,-1,21.525447080047638,9.66610001771249,NaN,-0.3530253762989143
1,-1,21.59605965326793,9.673793018158554,NaN,-0.3532894192533741
1,-1,21.666673766106857,9.681421715788687,NaN,-0.35355268922726235
1,-1,21.73728939100445,9.688986751137913,NaN,-0.3538151926398666
1,-1,21.807906500969974,9.696488756208383,NaN,-0.35407693582573224
1,-1,21.878525069568337,9.703928354615373,NaN,-0.35433792503618
1,-1,21.94914507090685,9.711306161730183,NaN,-0.35459816644079184
1,-1,22.01976647962237,9.718622784819962,NaN,-0.35485766612886405
1,-1,22.09038927086875,9.725878823184644,NaN,-0.3551164301108288
1,-1,22.161013420304695,9.733074868291057,NaN,-0.3553744643196345
1,-1,22.231638904081887,9.740211503904154,NaN,-0.35563177461211487
1,-1,22.302265698833466,9.7472893062156,NaN,-0.3558883667703039
1,-1,22.372893781662803,9.754308843969664,NaN,-0.356144246502739
1,-1,22.443523130132586,9.761270678586552,NaN,-0.3563994194457343
1,-1,22.51415372225418,9.768175364283211,NaN,-0.3566538911646124
1,-1,22.584785536477277,9.775023448191613,NaN,-0.3569076671549312
1,-1,22.655418551679844,9.781815470474772,NaN,-0.357160752843659
1,-1,22.726052747158285,9.788551964440282,NaN,-0.35741315359035164
1,-1,22.796688102617907,9.79523345665165,NaN,-0.35766487468827834
1,-1,22.867324598163613,9.801860467037367,NaN,-0.357915921365539
1,-1,22.93796221429084,9.80843350899782,NaN,-0.3581662987861622
1,-1,23.008600931876742,9.814953089510075,NaN,-0.3584160120511585
1,-1,23.07924073217158,9.821419709230561,NaN,-0.3586650661995787
1,-1,23.149881596790365,9.827833862595769,NaN,-0.3589134662095269
1,-1,23.220523507704687,9.834196037920954,NaN,-0.35916121699916537
1,-1,23.29116644723477,9.840506717496943,NaN,-0.3594083234276972
1,-1,23.361810398041712,9.846766377684967,NaN,-0.35965479029632297
1,-1,23.432455343119955,9.852975489009737,NaN,-0.3599006223491832
1,-1,23.503101265789905,9.859134516250718,NaN,-0.3601458242742851
1,-1,23.573748149690772,9.865243918531583,NaN,-0.3603904007043931
1,-1,23.64439597877357,9.871304149408061,NaN,-0.3606343562179267
1,-1,23.715044737294296,9.877315656953945,NaN,-0.3608776953398188
1,-1,23.785694409807288,9.88327888384566,NaN,-0.3611204225423636
1,-1,23.856344981158742,9.889194267445031,NaN,-0.36136254224605713
1,-1,23.92699643648038,9.895062239880668,NaN,-0.36160405882040386
1,-1,23.9976487611833,9.90088322812768,NaN,-0.3618449765847228
1,-1,24.06830194095195,9.906657654085999,NaN,-0.3620852998089238
1,-1,24.138955961738276,9.912385934657136,NaN,-0.3623250327142827
1,-1,24.20961080975598,9.918068481819603,NaN,-0.36256417947419384
1,-1,24.28026647147495,9.923705702702941,NaN,-0.36280274421490105
1,-1,24.350922933615813,9.929297999660262,NaN,-0.363040731016228
1,-1,24.421580183144616,9.934845770339608,NaN,-0.3632781439122911
1,-1,24.492238207267647,9.940349407753896,NaN,-0.3635149868921837
1,-1,24.562896993426357,9.945809300349627,NaN,-0.3637512639006737
1,-1,24.63355652929244,9.951225832074348,NaN,-0.3639869788388613
1,-1,24.704216802763,9.956599382442905,NaN,-0.364222135564844
1,-1,24.77487780195584,9.961930326602403,NaN,-0.3644567378943593
1,-1,24.845539515204873,9.967219035396186,NaN,-0.36469078960140977
1,-1,24.916201931055642,9.972465875426451,NaN,-0.36492429441889895
1,-1,24.986865038260927,9.97767120911589,NaN,-0.3651572560392253
1,-1,25.057528825776473,9.982835394768236,NaN,-0.36538967811488343
1,-1,25.128193282756815,9.987958786627578,NaN,-0.36562156425906167
1,-1,25.1988583985512,9.993041734936877,NaN,-0.36585291804619885
1,-1,25.269524162699597,9.998084585995192,NaN,-0.36608374301256524
1,-1,25.340190564928815,10.003087682214117,NaN,-0.3663140426568068
1,-1,25.41085759514869,10.00805136217306,NaN,-0.3665438204404957
1,-1,25.48152524344839,10.012975960673694,NaN,-0.3667730797886612
1,-1,25.552193500092766,10.017861808793358,NaN,-0.367001824090319
1,-1,25.622862355518823,10.022709233937627,NaN,-0.36723005669897785
1,-1,25.69353180033225,10.027518559891838,NaN,-0.36745778093315534
1,-1,25.76420182530404,10.03229010687191,NaN,-0.3676850000768678
1,-1,25.834872421367184,10.037024191574154,NaN,-0.3679117173801223
1,-1,25.905543579613433,10.04172112722427,NaN,-0.3681379360593941
1,-1,25.976215291290146,10.046381223625522,NaN,-0.368363659298094
1,-1,26.046887547797194,10.05100478720611,NaN,-0.3685888902470388
1,-1,26.11756034068396,10.055592121065676,NaN,-0.36881363202490003
1,-1,26.188233661646365,10.060143525021111,NaN,-0.3690378877186511
1,-1,26.258907502524004,10.064659295651506,NaN,-0.36926166038400576
1,-1,26.329581855297313,10.06913972634245,NaN,-0.36948495304584805
1,-1,26.400256712084822,10.073585107329468,NaN,-0.36970776869865873
1,-1,26.47093206514045,10.077995725740854,NaN,-0.36993011030692813
1,-1,26.54160790685087,10.082371865639699,NaN,-0.3701519808055664
1,-1,26.612284229732946,10.086713808065285,NaN,-0.37037338310030593
1,-1,26.682961026431187,10.09102183107377,NaN,-0.37059432006809484
1,-1,26.7536382897153,10.095296209778198,NaN,-0.3708147945574851
1,-1,26.82431601247777,10.099537216387889,NaN,-0.371034809389016
1,-1,26.894994187731495,10.103745120247124,NaN,-0.3712543673555878
1,-1,26.965672808607493,10.10792018787329,NaN,-0.37147347122282964
1,-1,27.036351868352632,10.112062682994292,NaN,-0.3716921237294664
1,-1,27.107031360327422,10.11617286658546,NaN,-0.371910327587669
1,-1,27.177711278003855,10.120250996905824,NaN,-0.3721280854834096
1,-1,27.24839161496329,10.124297329533775,NaN,-0.37234540007680456
1,-1,27.319072364894378,10.128312117402208,NaN,-0.37256227400245523
1,-1,27.38975352159105,10.13229561083308,NaN,-0.3727787098697795
1,-1,27.46043507895052,10.136248057571361,NaN,-0.3729947102633373
1,-1,27.53111703097135,10.140169702818591,NaN,-0.3732102777431595
1,-1,27.601799371751554,10.144060789265748,NaN,-0.3734254148450615
1,-1,27.67248209548673,10.147921557125688,NaN,-0.37364012408095226
1,-1,27.74316519646825,10.15175224416501,NaN,-0.37385440793914804
1,-1,27.81384866908148,10.155553085735562,NaN,-0.37406826888467126
1,-1,27.884532507804025,10.159324314805223,NaN,-0.3742817093595426
1,-1,27.95521670720403,10.16306616198841,NaN,-0.37449473178308657
1,-1,28.02590126193851,10.166778855576062,NaN,-0.37470733855220273
1,-1,28.096586166751703,10.17046262156503,NaN,-0.3749195320416616
1,-1,28.167271416473476,10.174117683687227,NaN,-0.3751313146043773
1,-1,28.237957006017755,10.177744263438141,NaN,-0.3753426885716833
1,-1,28.30864293038098,10.181342580105014,NaN,-0.37555365625360254
1,-1,28.37932918464061,10.184912850794563,NaN,-0.37576421993911147
1,-1,28.45001576395364,10.188455290460265,NaN,-0.37597438189640375
1,-1,28.52070266355516,10.191970111929217,NaN,-0.37618414437314673
1,-1,28.59138987875694,10.195457525928656,NaN,-0.37639350959673157
1,-1,28.662077404946043,10.198917741111986,NaN,-0.3766024797745302
1,-1,28.732765237583468,10.20235096408445,NaN,-0.3768110570941322
1,-1,28.803453372202824,10.205757399428439,NaN,-0.3770192437235928
1,-1,28.87414180440902,10.209137249728416,NaN,-0.3772270418116662
1,-1,28.94483052987699,10.2124907155954,NaN,-0.37743445348804683
1,-1,29.015519544350443,10.21581799569118,NaN,-0.37764148086359056
1,-1,29.086208843640634,10.219119286752106,NaN,-0.37784812603054835
1,-1,29.15689842362517,10.222394783612517,NaN,-0.37805439106278893
1,-1,29.227588280246824,10.225644679227917,NaN,-0.3782602780160227
1,-1,29.298278409512385,10.22886916469768,NaN,-0.3784657889280041
1,-1,29.36896880749153,10.232068429287489,NaN,-0.3786709258187701
1,-1,29.43965947031571,10.235242660451455,NaN,-0.3788756906908276
1,-1,29.510350394177067,10.238392043853894,NaN,-0.37908008552936967
1,-1,29.58104157532736,10.241516763390775,NaN,-0.379284112302487
1,-1,29.651733010076946,10.24461700121086,NaN,-0.3794877729613583
1,-1,29.72242469479372,10.247692937736558,NaN,-0.3796910694404514
1,-1,29.79311662590214,10.250744751684476,NaN,-0.3798940036577211
1,-1,29.863808799882232,10.253772620085599,NaN,-0.3800965775148043
1,-1,29.934501213268632,10.256776718305304,NaN,-0.38029879289719914
1,-1,30.005193862649627,10.25975722006299,NaN,-0.38050065167446545
1,-1,30.075886744666242,10.262714297451478,NaN,-0.3807021557003959
1,-1,30.146579856011325,10.265648120956085,NaN,-0.3809033068132088
1,-1,30.217273193428653,10.26855885947346,NaN,-0.38110410683571594
1,-1,30.287966753712055,10.271446680330177,NaN,-0.38130455757551107
1,-1,30.358660533704565,10.274311749300983,NaN,-0.38150466082513357
1,-1,30.429354530297573,10.277154230626897,NaN,-0.38170441836224434
1,-1,30.500048740429996,10.279974287032948,NaN,-0.38190383194979044
1,-1,30.570743161087478,10.282772079745717,NaN,-0.3821029033361789
1,-1,30.64143778930159,10.285547768510666,NaN,-0.38230163425543306
1,-1,30.712132622149056,10.288301511609117,NaN,-0.3825000264273586
1,-1,30.782827656750978,10.291033465875131,NaN,-0.38269808155769924
1,-1,30.8535228902721,10.293743786712033,NaN,-0.3828958013383037
1,-1,30.924218319920065,10.29643262810877,NaN,-0.38309318744726006
1,-1,30.994913942944695,10.299100142656043,NaN,-0.3832902415490744
1,-1,31.065609756637283,10.301746481562201,NaN,-0.383486965294798
1,-1,31.1363057583299,10.304371794668876,NaN,-0.383683360322193
1,-1,31.20700194539471,10.306976230466498,NaN,-0.3838794282558699
1,-1,31.277698315243303,10.309559936109517,NaN,-0.38407517070743363
1,-1,31.34839486532604,10.312123057431444,NaN,-0.3842705892756235
1,-1,31.419091593131405,10.314665738959674,NaN,-0.3844656855464617
1,-1,31.48978849618538,10.317188123930164,NaN,-0.3846604610933797
1,-1,31.560485572050816,10.319690354301796,NaN,-0.3848549174773699
1,-1,31.631182818326828,10.322172570770679,NaN,-0.3850490562471018
1,-1,31.701880232648197,10.324634912784157,NaN,-0.38524287893907355
1,-1,31.77257781268478,10.327077518554676,NaN,-0.3854363870777281
1,-1,31.843275556140945,10.329500525073474,NaN,-0.3856295821755925
1,-1,31.913973460754992,10.33190406812403,NaN,-0.3858224657333974
1,-1,31.9846715242986,10.334288282295393,NaN,-0.38601503924021235
1,-1,32.055369744576296,10.336653300995305,NaN,-0.3862073041735592
1,-1,32.1260681194249,10.338999256463165,NaN,-0.38639926199954455
1,-1,32.196766646713016,10.341326279782816,NaN,-0.3865909141729696
1,-1,32.267465324340506,10.343634500895105,NaN,-0.3867822621374617
1,-1,32.338164150237986,10.3459240486104,NaN,-0.3869733073255824
1,-1,32.40886312236633,10.348195050620848,NaN,-0.3871640511589477
1,-1,32.479562238716184,10.35044763351246,NaN,-0.38735449504833896
1,-1,32.55026149730748,10.352681922777117,NaN,-0.387544640393823
1,-1,32.62096089618898,10.354898042824347,NaN,-0.3877344885848566
1,-1,32.69166043343779,10.357096116992988,NaN,-0.38792404100040084
1,-1,32.76236010715892,10.359276267562715,NaN,-0.38811329900901875
1,-1,32.83305991548484,10.361438615765303,NaN,-0.3883022639690095
1,-1,32.903759856575036,10.363583281795927,NaN,-0.38849093722847866
1,-1,32.97445992861559,10.365710384824142,NaN,-0.38867932012546763
1,-1,33.04516012981873,10.367820043004869,NaN,-0.38886741398805347
1,-1,33.11586045842246,10.369912373489111,NaN,-0.38905522013443633
1,-1,33.1865609126901,10.371987492434615,NaN,-0.38924273987305713
1,-1,33.25726149090992,10.374045515016352,NaN,-0.3894299745026892
1,-1,33.32796219139474,10.376086555436919,NaN,-0.38961692531253317
1,-1,33.39866301248155,10.378110726936717,NaN,-0.38980359358231853
1,-1,33.4693639525311,10.38011814180411,NaN,-0.3899899805823945
1,-1,33.54006500992755,10.382108911385362,NaN,-0.39017608757383243
1,-1,33.61076618307813,10.38408314609451,NaN,-0.39036191580851043
1,-1,33.681467470412706,10.386040955423045,NaN,-0.390547466529203
1,-1,33.7521688703835,10.387982447949565,NaN,-0.39073274096968447
1,-1,33.8228703814647,10.389907731349219,NaN,-0.3909177403548061
1,-1,33.89357200215214,10.391816912403103,NaN,-0.3911024659005896
1,-1,33.96427373096294,10.393710097007448,NaN,-0.39128691881431277
1,-1,34.034975566435186,10.395587390182792,NaN,-0.39147110029460164
1,-1,34.10567750712762,10.397448896082997,NaN,-0.39165501153150245
1,-1,34.17637955161932,10.399294718004132,NaN,-0.39183865370657694
1,-1,34.24708169850935,10.401124958393254,NaN,-0.39202202799298513
1,-1,34.31778394641649,10.402939718857136,NaN,-0.3922051355555615
1,-1,34.38848629397892,10.404739100170783,NaN,-0.39238797755090016
1,-1,34.45918873985393,10.406523202285964,NaN,-0.39257055512743005
1,-1,34.52989128271761,10.408292124339521,NaN,-0.39275286942550114
1,-1,34.600593921264576,10.410045964661675,NaN,-0.39293492157745563
1,-1,34.67129665420769,10.411784820784145,NaN,-0.3931167127077116
1,-1,34.741999480277755,10.41350878944828,NaN,-0.3932982439328303
1,-1,34.812702398223294,10.415217966612929,NaN,-0.39347951636160167
1,-1,34.883405406810226,10.416912447462394,NaN,-0.39366053109511023
1,-1,34.954108504821626,10.418592326414139,NaN,-0.39384128922681017
1,-1,35.02481169105747,10.420257697126518,NaN,-0.39402179184260533
1,-1,35.095514964334384,10.42190865250632,NaN,-0.394202040020908
1,-1,35.16621832348536,10.42354528471626,NaN,-0.3943820348327228
1,-1,35.23692176735955,10.425167685182432,NaN,-0.3945617773417072
1,-1,35.307625294821996,10.426775944601554,NaN,-0.3947412686042422
1,-1,35.3783289047534,10.428370152948272,NaN,-0.39492050966950737
1,-1,35.4490325960499,10.429950399482204,NaN,-0.3950995015795358
1,-1,35.51973636762282,10.431516772755092,NaN,-0.395278245369296
1,-1,35.59044021839844,10.433069360617717,NaN,-0.39545674206674386
1,-1,35.661144147317806,10.434608250226777,NaN,-0.3956349926929007
1,-1,35.73184815333647,10.43613352805174,NaN,-0.39581299826190225
1,-1,35.80255223542431,10.437645279881535,NaN,-0.39599075978107645
1,-1,35.873256392565274,10.4391435908312,NaN,-0.3961682782510003
1,-1,35.943960623757214,10.44062854534847,NaN,-0.3963455546655579
1,-1,36.01466492801166,10.442100227220251,NaN,-0.3965225900120122
1,-1,36.08536930435363,10.443558719579038,NaN,-0.3966993852710569
1,-1,36.15607375182139,10.445004104909247,NaN,-0.3968759414168786
1,-1,36.22677826946632,10.446436465053509,NaN,-0.3970522594172169
1,-1,36.29748285635269,10.447855881218805,NaN,-0.39722834023342474
1,-1,36.36818751155745,10.44926243398268,NaN,-0.3974041848205216
1,-1,36.43889223417009,10.450656203299184,NaN,-0.39757979412725525
1,-1,36.509597023292415,10.45203726850492,NaN,-0.39775516909615627
1,-1,36.580301878038384,10.453405708324961,NaN,-0.3979303106635944
1,-1,36.65100679753394,10.454761600878633,NaN,-0.3981052197598338
1,-1,36.72171178091681,10.456105023685344,NaN,-0.39827989730908875
1,-1,36.792416827336375,10.457436053670266,NaN,-0.39845434422957227
1,-1,36.863121935953444,10.458754767170003,NaN,-0.3986285614335621
1,-1,36.93382710594013,10.460061239938119,NaN,-0.39880254982744023
1,-1,37.004532336479684,10.461355547150712,NaN,-0.39897631031174885
1,-1,37.07523762676632,10.46263776341184,NaN,-0.39914984378124885
1,-1,37.145942976005045,10.463907962758885,NaN,-0.3993231511249613
1,-1,37.216648383411545,10.465166218667932,NaN,-0.3994962332262244
1,-1,37.287353848211986,10.466412604058991,NaN,-0.3996690909627423
1,-1,37.35805936964289,10.46764719130125,NaN,-0.39984172520663175
1,-1,37.42876494695098,10.468870052218183,NaN,-0.40001413682447395
1,-1,37.49947057939303,10.47008125809266,NaN,-0.40018632667736276
1,-1,37.57017626623572,10.471280879671996,NaN,-0.400358295620947
1,-1,37.64088200675551,10.472468987172888,NaN,-0.4005300445054876
1,-1,37.711587800238476,10.473645650286398,NaN,-0.4007015741758982
1,-1,37.78229364598018,10.47481093818276,NaN,-0.40087288547178906
1,-1,37.85299954328556,10.475964919516235,NaN,-0.4010439792275183
1,-1,37.92370549146876,10.477107662429852,NaN,-0.401214856272233
1,-1,37.994411489853015,10.47823923456012,NaN,-0.4013855174299189
1,-1,38.06511753777053,10.47935970304167,NaN,-0.40155596351943784
1,-1,38.13582363456235,10.48046913451188,NaN,-0.40172619535457504
1,-1,38.20652977957821,10.481567595115422,NaN,-0.40189621374408663
1,-1,38.277235972176456,10.482655150508737,NaN,-0.40206601949173604
1,-1,38.34794221172388,10.483731865864549,NaN,-0.4022356133963346
1,-1,38.41864849759565,10.484797805876187,NaN,-0.4024049962517912
1,-1,38.48935482917512,10.485853034762004,NaN,-0.4025741688471497
1,-1,38.56006120585379,10.486897616269665,NaN,-0.40274313196663436
1,-1,38.63076762703116,10.4879316136804,NaN,-0.4029118863896744
1,-1,38.70147409211461,10.488955089813235,NaN,-0.40308043289097
1,-1,38.772180600519285,10.489968107029142,NaN,-0.40324877224050837
1,-1,38.84288715166802,10.490970727235172,NaN,-0.40341690520361945
1,-1,38.91359374499121,10.491963011888537,NaN,-0.4035848325410001
1,-1,38.984300379926694,10.492945022000647,NaN,-0.40375255500876644
1,-1,39.05500705591967,10.49391681814108,NaN,-0.40392007335848734
1,-1,39.125713772422586,10.494878460441573,NaN,-0.40408738833721325
1,-1,39.19642052889504,10.495830008599869,NaN,-0.40425450068752866
1,-1,39.26712732480369,10.496771521883634,NaN,-0.4044214111475778
1,-1,39.337834159622126,10.497703059134242,NaN,-0.40458812045110626
1,-1,39.40854103283081,10.498624678770605,NaN,-0.4047546293274914
1,-1,39.479247943916974,10.499536438792845,NaN,-0.4049209385017885
1,-1,39.5499548923745,10.500438396786048,NaN,-0.4050870486947538
1,-1,39.62066187770385,10.501330609923924,NaN,-0.40525296062288696
1,-1,39.69136889941199,10.502213134972392,NaN,-0.40541867499846884
1,-1,39.76207595701227,10.503086028293211,NaN,-0.40558419252958683
1,-1,39.83278305002435,10.503949345847504,NaN,-0.40574951392017145
1,-1,39.90349017797411,10.504803143199275,NaN,-0.4059146398700356
1,-1,39.97419734039359,10.505647475518852,NaN,-0.40607957107490245
1,-1,40.044904536820844,10.50648239758638,NaN,-0.4062443082264386
1,-1,40.11561176679994,10.507307963795176,NaN,-0.4064088520122917
1,-1,40.186319029880806,10.508124228155113,NaN,-0.40657320311611006
1,-1,40.257026325619194,10.508931244295935,NaN,-0.4067373622175928
1,-1,40.32773365357659,10.509729065470575,NaN,-0.40690132999250733
1,-1,40.39844101332012,10.510517744558376,NaN,-0.4070651071127255
1,-1,40.46914840442249,10.511297334068379,NaN,-0.40722869424625285
1,-1,40.539855826461924,10.51206788614246,NaN,-0.40739209205726395
1,-1,40.610563279022045,10.512829452558504,NaN,-0.4075553012061275
1,-1,40.68127076169185,10.513582084733558,NaN,-0.4077183223494357
1,-1,40.75197827406561,10.51432583372689,NaN,-0.40788115614004106
1,-1,40.822685815742794,10.515060750243078,NaN,-0.40804380322707906
1,-1,40.89339338632803,10.515786884635022,NaN,-0.4082062642559984
1,-1,40.964100985431,10.516504286906981,NaN,-0.4083685398685957
1,-1,41.0348086126664,10.51721300671748,NaN,-0.40853063070302753
1,-1,41.105516267653854,10.517913093382326,NaN,-0.4086925373938649
1,-1,41.17622395001785,10.518604595877441,NaN,-0.4088542605720998
1,-1,41.24693165938769,10.519287562841813,NaN,-0.4090158008651802
1,-1,41.31763939539741,10.5199620425803,NaN,-0.4091771588970353
1,-1,41.388347157685715,10.520628083066454,NaN,-0.4093383352881076
1,-1,41.459054945895936,10.521285731945325,NaN,-0.40949933065537814
1,-1,41.529762759675954,10.52193503653625,NaN,-0.40966014561238673
1,-1,41.60047059867813,10.522576043835535,NaN,-0.4098207807692684
1,-1,41.67117846255927,10.523208800519217,NaN,-0.40998123673277165
1,-1,41.74188635098054,10.52383335294571,NaN,-0.4101415141062885
1,-1,41.81259426360744,10.524449747158474,NaN,-0.41030161348987815
1,-1,41.883302200109696,10.525058028888665,NaN,-0.4104615354802942
1,-1,41.95401016016126,10.525658243557672,NaN,-0.41062128067100534
1,-1,42.024718143440225,10.526250436279778,NaN,-0.41078084965223033
1,-1,42.09542614962878,10.52683465186465,NaN,-0.4109402430109474
1,-1,42.16613417841313,10.527410934819873,NaN,-0.4110994613309329
1,-1,42.236842229483486,10.527979329353476,NaN,-0.4112585051927804
1,-1,42.307550302533976,10.5285398793764,NaN,-0.41141737517391735
1,-1,42.37825839726261,10.529092628504893,NaN,-0.4115760718486437
1,-1,42.44896651337123,10.529637620063038,NaN,-0.41173459578814126
1,-1,42.51967465056546,10.530174897085066,NaN,-0.41189294756050476
1,-1,42.590382808554644,10.53070450231778,NaN,-0.4120511277307624
1,-1,42.6610909870518,10.531226478222896,NaN,-0.4122091368609026
1,-1,42.731799185773596,10.531740866979382,NaN,-0.4123669755098889
1,-1,42.80250740444027,10.532247710485752,NaN,-0.4125246442336875
1,-1,42.8732156427756,10.532747050362376,NaN,-0.412682143585289
1,-1,42.94392390050686,10.53323892795373,NaN,-0.41283947411473193
1,-1,43.01463217736476,10.533723384330624,NaN,-0.41299663636912215
1,-1,43.08534047308342,10.53420046029246,NaN,-0.41315363089265206
1,-1,43.156048787400316,10.534670196369424,NaN,-0.4133104582266256
1,-1,43.226757120056234,10.53513263282459,NaN,-0.4134671189094829
1,-1,43.297465470795224,10.535587809656189,NaN,-0.4136236134768145
1,-1,43.36817383936457,10.536035766599674,NaN,-0.41377994246138095
1,-1,43.438882225514746,10.53647654312985,NaN,-0.4139361063931424
1,-1,43.50959062899936,10.536910178462978,NaN,-0.41409210579927147
1,-1,43.58029904957514,10.53733671155882,NaN,-0.41424794120417585
1,-1,43.651007487001856,10.537756181122745,NaN,-0.41440361312951796
1,-1,43.72171594104231,10.538168625607703,NaN,-0.4145591220942352
1,-1,43.79242441146231,10.538574083216293,NaN,-0.4147144686145593
1,-1,43.86313289803058,10.538972591902732,NaN,-0.414869653204038
1,-1,43.933841400518766,10.539364189374822,NaN,-0.4150246763735483
1,-1,44.00454991870139,10.539748913095947,NaN,-0.4151795386313213
1,-1,44.07525845235581,10.540126800286963,NaN,-0.41533424048296386
1,-1,44.145967001262164,10.54049788792815,NaN,-0.4154887824314611
1,-1,44.216675565203374,10.54086221276112,NaN,-0.41564316497722226
1,-1,44.28738414396508,10.541219811290677,NaN,-0.4157973886180736
1,-1,44.35809273733561,10.541570719786707,NaN,-0.41595145384928817
1,-1,44.42880134510596,10.541914974286005,NaN,-0.4161053611636029
1,-1,44.49950996706974,10.54225261059414,NaN,-0.41625911105124047
1,-1,44.57021860302316,10.542583664287198,NaN,-0.41641270399991465
1,-1,44.640927252764975,10.542908170713716,NaN,-0.4165661404948634
1,-1,44.711635916096476,10.543226164996295,NaN,-0.41671942101885606
1,-1,44.78234459282144,10.543537682033469,NaN,-0.41687254605221175
1,-1,44.85305328274611,10.543842756501455,NaN,-0.41702551607282445
1,-1,44.92376198567916,10.544141422855828,NaN,-0.4171783315561668
1,-1,44.99447070143165,10.544433715333293,NaN,-0.41733099297531745
1,-1,45.06517942981703,10.544719667953329,NaN,-0.41748350080097596
1,-1,45.135888170651064,10.544999314519917,NaN,-0.41763585550147525
1,-1,45.206596923751846,10.5452726886232,NaN,-0.4177880575428006
1,-1,45.27730568893974,10.545539823641109,NaN,-0.4179401073886083
1,-1,45.34801446603736,10.545800752741027,NaN,-0.4180920055002358
1,-1,45.418723254869555,10.546055508881395,NaN,-0.41824375233672545
1,-1,45.48943205526334,10.54630412481334,NaN,-0.4183953483548333
1,-1,45.560140867047934,10.546546633082233,NaN,-0.4185467940090472
1,-1,45.63084969005467,10.546783066029317,NaN,-0.41869808975160444
1,-1,45.701558524117,10.547013455793207,NaN,-0.41884923603250446
1,-1,45.772267369070455,10.547237834311485,NaN,-0.41900023329952685
1,-1,45.84297622475265,10.54745623332223,NaN,-0.4191510819982453
1,-1,45.91368509100321,10.547668684365505,NaN,-0.41930178257203765
1,-1,45.98439396766378,10.547875218784926,NaN,-0.41945233546211136
1,-1,46.05510285457798,10.54807586772908,NaN,-0.4196027411075067
1,-1,46.12581175159141,10.548270662153074,NaN,-0.41975299994511883
1,-1,46.19652065855157,10.548459632819942,NaN,-0.4199031124097171
1,-1,46.267229575307894,10.548642810302137,NaN,-0.42005307893394117
1,-1,46.337938501711704,10.548820224982952,NaN,-0.42020289994833565
1,-1,46.408647437616175,10.548991907057987,NaN,-0.4203525758813494
1,-1,46.47935638287632,10.549157886536477,NaN,-0.42050210715936553
1,-1,46.55006533734897,10.549318193242767,NaN,-0.4206514942066922
1,-1,46.620774300892755,10.549472856817692,NaN,-0.420800737445601
1,-1,46.69148327336808,10.549621906719931,NaN,-0.42094983729631874
1,-1,46.762192254637085,10.549765372227366,NaN,-0.42109879417706636
1,-1,46.83290124456366,10.54990328243847,NaN,-0.4212476085040414
1,-1,46.903610243013375,10.550035666273601,NaN,-0.4213962806914561
1,-1,46.97431924985351,10.550162552476374,NaN,-0.4215448111515412
1,-1,47.04502826495298,10.550283969614927,NaN,-0.42169320029456053
1,-1,47.11573728818238,10.550399946083278,NaN,-0.4218414485288199
1,-1,47.1864463194139,10.550510510102574,NaN,-0.42198955626068807
1,-1,47.25715535852135,10.550615689722408,NaN,-0.4221375238946003
1,-1,47.32786440538012,10.550715512822034,NaN,-0.4222853518330776
1,-1,47.398573459867144,10.55081000711171,NaN,-0.42243304047673996
1,-1,47.46928252186093,10.55089920013387,NaN,-0.42258059022430805
1,-1,47.53999159124151,10.550983119264378,NaN,-0.4227280014726359
1,-1,47.6107006678904,10.551061791713783,NaN,-0.42287527461669877
1,-1,47.681409751690616,10.551135244528508,NaN,-0.4230224100496246
1,-1,47.75211884252665,10.551203504592035,NaN,-0.42316940816269877
1,-1,47.82282794028444,10.551266598626166,NaN,-0.42331626934537253
1,-1,47.893537044851364,10.551324553192131,NaN,-0.42346299398527787
1,-1,47.96424615611621,10.551377394691785,NaN,-0.4236095824682475
1,-1,48.03495527396917,10.55142514936882,NaN,-0.42375603517830945
1,-1,48.105664398301805,10.551467843309824,NaN,-0.42390235249771574
1,-1,48.176373529007066,10.55150550244551,NaN,-0.4240485348069415
1,-1,48.24708266597923,10.551538152551787,NaN,-0.42419458248470276
1,-1,48.31779180911391,10.551565819250941,NaN,-0.42434049590796363
1,-1,48.38850095830805,10.55158852801267,NaN,-0.4244862754519542
1,-1,48.459210113459875,10.551606304155285,NaN,-0.42463192149017503
1,-1,48.5299192744689,10.55161917284669,NaN,-0.4247774343944101
1,-1,48.60062844123591,10.551627159105584,NaN,-0.4249228145347384
1,-1,48.67133761366295,10.55163028780244,NaN,-0.4250680622795427
1,-1,48.74204679165328,10.551628583660634,NaN,-0.4252131779955277
1,-1,48.81275597511141,10.551622071257448,NaN,-0.42535816204771637
1,-1,48.88346516394303,10.551610775025193,NaN,-0.42550301479947794
1,-1,48.95417435805505,10.551594719252156,NaN,-0.42564773661252375
1,-1,49.02488355735554,10.551573928083705,NaN,-0.42579232784692267
1,-1,49.09559276175373,10.551548425523254,NaN,-0.4259367888611203
1,-1,49.16630197116002,10.551518235433324,NaN,-0.4260811200119311
1,-1,49.23701118548592,10.551483381536508,NaN,-0.4262253216545662
1,-1,49.30772040464409,10.551443887416495,NaN,-0.42636939414263075
1,-1,49.378429628548275,10.551399776519034,NaN,-0.42651333782814177
1,-1,49.44913885711333,10.551351072152928,NaN,-0.42665715306153446
1,-1,49.51984809025519,10.551297797490998,NaN,-0.42680084019167613
1,-1,49.59055732789084,10.551239975571018,NaN,-0.42694439956586605
1,-1,49.66126656993835,10.551177629296737,NaN,-0.42708783152985563
1,-1,49.731975816316805,10.551110781438755,NaN,-0.4272311364278564
1,-1,49.80268506694634,10.551039454635513,NaN,-0.42737431460254405
1,-1,49.8733943217481,10.550963671394161,NaN,-0.42751736639507204
1,-1,49.944103580644246,10.550883454091544,NaN,-0.4276602921450789
1,-1,50.01481284355791,10.550798824975098,NaN,-0.42780309219070356
1,-1,50.08552211041323,10.550709806163724,NaN,-0.42794576686858354
1,-1,50.15623138113529,10.550616419648716,NaN,-0.4280883165138722
1,-1,50.22694065565016,10.550518687294659,NaN,-0.4282307414602507
1,-1,50.29764993388483,10.550416630840308,NaN,-0.4283730420399272
1,-1,50.368359215767235,10.55031027189944,NaN,-0.4285152185836494
1,-1,50.439068501226245,10.550199631961734,NaN,-0.42865727142071997
1,-1,50.50977779019163,10.550084732393685,NaN,-0.42879920087899903
1,-1,50.580487082594054,10.549965594439374,NaN,-0.4289410072849112
1,-1,50.65119637836509,10.549842239221393,NaN,-0.4290826909634595
1,-1,50.72190567743719,10.549714687741613,NaN,-0.42922425223823274
1,-1,50.79261497974366,10.549582960882082,NaN,-0.42936569143141223
1,-1,50.863324285218674,10.549447079405835,NaN,-0.42950700886377835
1,-1,50.93403359379726,10.549307063957672,NaN,-0.42964820485472566
1,-1,51.00474290541528,10.549162935065041,NaN,-0.4297892797222631
1,-1,51.07545222000942,10.549014713138803,NaN,-0.42993023378303263
1,-1,51.146161537517195,10.548862418474021,NaN,-0.4300710673523038
1,-1,51.21687085787692,10.54870607125079,NaN,-0.4302117807439947
1,-1,51.28758018102772,10.548545691534997,NaN,-0.43035237427067274
1,-1,51.3582895069095,10.548381299279134,NaN,-0.43049284824356604
1,-1,51.42899883546294,10.548212914323026,NaN,-0.4306332029725669
1,-1,51.49970816662951,10.548040556394628,NaN,-0.4307734387662475
1,-1,51.57041750035142,10.5478642451108,NaN,-0.4309135559318567
1,-1,51.64112683657165,10.547683999978025,NaN,-0.4310535547753402
1,-1,51.71183617523392,10.547499840393213,NaN,-0.43119343560133677
1,-1,51.782545516282674,10.547311785644363,NaN,-0.43133319871319886
1,-1,51.853254859663096,10.547119854911399,NaN,-0.4314728444129879
1,-1,51.92396420532108,10.546924067266822,NaN,-0.4316123730014856
1,-1,51.99467355320322,10.546724441676492,NaN,-0.43175178477820514
1,-1,52.06538290325684,10.546520997000286,NaN,-0.4318910800413959
1,-1,52.13609225542992,10.546313751992887,NaN,-0.4320302590880488
1,-1,52.20680160967115,10.546102725304426,NaN,-0.43216932221391124
1,-1,52.27751096592989,10.545887935481243,NaN,-0.4323082697134792
1,-1,52.34822032415616,10.54566940096652,NaN,-0.4324471018800261
1,-1,52.418929684300636,10.545447140101038,NaN,-0.4325858190055898
1,-1,52.48963904631466,10.545221171123822,NaN,-0.432724421380993
1,-1,52.56034841015021,10.544991512172823,NaN,-0.43286290929584015
1,-1,52.631057775759906,10.54475818128561,NaN,-0.4330012830385348
1,-1,52.70176714309699,10.544521196400057,NaN,-0.4331395428962798
1,-1,52.772476512115325,10.544280575354923,NaN,-0.43327768915508497
1,-1,52.8431858827694,10.54403633589064,NaN,-0.43341572209977425
1,-1,52.913895255014296,10.54378849564986,NaN,-0.4335536420139965
1,-1,52.984604628805705,10.543537072178156,NaN,-0.43369144918022623
1,-1,53.0553140040999,10.543282082924629,NaN,-0.43382914387977045
1,-1,53.126023380853745,10.543023545242612,NaN,-0.43396672639278533
1,-1,53.19673275902469,10.542761476390217,NaN,-0.4341041969982702
1,-1,53.26744213857075,10.54249589353105,NaN,-0.43424155597408015
1,-1,53.3381515194505,10.542226813734775,NaN,-0.4343788035969283
1,-1,53.40886090162308,10.54195425397774,NaN,-0.4345159401424039
1,-1,53.47957028504818,10.54167823114362,NaN,-0.434652965884964
1,-1,53.55027966968604,10.54139876202401,NaN,-0.4347898810979456
1,-1,53.620989055497425,10.541115863319009,NaN,-0.43492668605357987
1,-1,53.69169844244364,10.540829551637863,NaN,-0.43506338102298325
1,-1,53.76240783048652,10.540539843499522,NaN,-0.43519996627617463
1,-1,53.83311721958841,10.540246755333241,NaN,-0.435336442082081
1,-1,53.90382660971218,10.539950303479191,NaN,-0.4354728087085406
1,-1,53.97453600082121,10.53965050418899,NaN,-0.435609066422306
1,-1,54.04524539287936,10.539347373626342,NaN,-0.4357452154890579
1,-1,54.115954785851,10.539040927867555,NaN,-0.4358812561734054
1,-1,54.186664179701,10.53873118290211,NaN,-0.4360171887388936
1,-1,54.257373574394684,10.538418154633298,NaN,-0.43615301344801005
1,-1,54.32808296989789,10.538101858878681,NaN,-0.43628873056219136
1,-1,54.398792366176906,10.537782311370721,NaN,-0.436424340341822
1,-1,54.46950176319849,10.537459527757267,NaN,-0.4365598430462574
1,-1,54.54021116092986,10.537133523602169,NaN,-0.4366952389338087
1,-1,54.610920559338695,10.536804314385776,NaN,-0.43683052826176155
1,-1,54.681629958393124,10.53647191550548,NaN,-0.43696571128637585
1,-1,54.75233935806172,10.536136342276265,NaN,-0.4371007882628996
1,-1,54.8230487583135,10.535797609931214,NaN,-0.43723575944556425
1,-1,54.8937581591179,10.535455733622062,NaN,-0.43737062508759467
1,-1,54.96446756044481,10.535110728419694,NaN,-0.4375053854412163
1,-1,55.03517696226453,10.53476260931467,NaN,-0.4376400407576605
1,-1,55.10588636454778,10.534411391217763,NaN,-0.43777459128716656
1,-1,55.17659576726569,10.534057088960408,NaN,-0.4379090372789913
1,-1,55.24730517038981,10.533699717295287,NaN,-0.4380433789814072
1,-1,55.31801457389209,10.533339290896778,NaN,-0.43817761664172017
1,-1,55.38872397774489,10.532975824361449,NaN,-0.43831175050626425
1,-1,55.459433381920945,10.532609332208597,NaN,-0.4384457808204081
1,-1,55.5301427863934,10.532239828880705,NaN,-0.4385797078285701
1,-1,55.60085219113577,10.531867328743926,NaN,-0.43871353177420425
1,-1,55.67156159612197,10.531491846088587,NaN,-0.4388472528998271
1,-1,55.742271001326266,10.531113395129664,NaN,-0.43898087144700626
1,-1,55.81298040672332,10.530731990007254,NaN,-0.4391143876563778
1,-1,55.88368981228816,10.530347644787042,NaN,-0.43924780176763845
1,-1,55.95439921799616,10.52996037346077,NaN,-0.43938111401956104
1,-1,56.02510862382308,10.52957018994672,NaN,-0.4395143246499993
1,-1,56.09581802974501,10.529177108090169,NaN,-0.43964743389588185
1,-1,56.16652743573841,10.52878114166383,NaN,-0.4397804419932361
1,-1,56.23723684178007,10.52838230436833,NaN,-0.43991334917716785
1,-1,56.307946247847134,10.527980609832655,NaN,-0.4400461556818928
1,-1,56.378655653917086,10.527576071614591,NaN,-0.4401788617407194
1,-1,56.44936505996774,10.527168703201186,NaN,-0.44031146758606937
1,-1,56.520074465977245,10.526758518009165,NaN,-0.4404439734494737
1,-1,56.59078387192407,10.526345529385399,NaN,-0.4405763795615782
1,-1,56.66149327778701,10.525929750607323,NaN,-0.44070868615215064
1,-1,56.73220268354518,10.525511194883377,NaN,-0.4408408934500849
1,-1,56.80291208917802,10.525089875353414,NaN,-0.4409730016834048
1,-1,56.873621494665265,10.524665805089159,NaN,-0.4411050110792696
1,-1,56.944330899986966,10.524238997094606,NaN,-0.44123692186397834
1,-1,57.01504030512348,10.523809464306455,NaN,-0.441368734262971
1,-1,57.08574971005546,10.523377219594508,NaN,-0.44150044850083686
1,-1,57.15645911476386,10.522942275762098,NaN,-0.4416320648013238
1,-1,57.22716851922993,10.522504645546501,NaN,-0.4417635833873292
1,-1,57.2978779234352,10.52206434161934,NaN,-0.4418950044809163
1,-1,57.3685873273615,10.52162137658698,NaN,-0.442026328303315
1,-1,57.43929673099094,10.521175762990948,NaN,-0.44215755507492227
1,-1,57.5100061343059,10.5207275133083,NaN,-0.4422886850153135
1,-1,57.580715537289045,10.520276639952073,NaN,-0.4424197183432423
1,-1,57.65142493992332,10.519823155271604,NaN,-0.4425506552766436
1,-1,57.72213434219192,10.519367071552985,NaN,-0.44268149603264056
1,-1,57.79284374407833,10.518908401019418,NaN,-0.4428122408275526
1,-1,57.86355314556629,10.518447155831607,NaN,-0.4429428898768884
1,-1,57.9342625466398,10.51798334808814,NaN,-0.4430734433953598
1,-1,58.00497194728311,10.51751698982585,NaN,-0.4432039015968844
1,-1,58.07568134748073,10.51704809302022,NaN,-0.44333426469458614
1,-1,58.14639074721744,10.516576669585742,NaN,-0.4434645329008021
1,-1,58.21710014647823,10.51610273137629,NaN,-0.443594706427086
1,-1,58.28780954524837,10.515626290185478,NaN,-0.44372478548421246
1,-1,58.35851894351336,10.515147357747052,NaN,-0.44385477028217746
1,-1,58.429228341258934,10.51466594573522,NaN,-0.44398466103020995
1,-1,58.499937738471075,10.514182065765032,NaN,-0.4441144579367696
1,-1,58.57064713513599,10.51369572939272,NaN,-0.44424416120955046
1,-1,58.64135653124013,10.5132069481161,NaN,-0.44437377105548825
1,-1,58.71206592677015,10.51271573337486,NaN,-0.4445032876807648
1,-1,58.78277532171296,10.512222096550932,NaN,-0.44463271129080806
1,-1,58.85348471605568,10.511726048968887,NaN,-0.44476204209029446
1,-1,58.924194109785645,10.511227601896211,NaN,-0.4448912802831623
1,-1,58.994903502890416,10.510726766543684,NaN,-0.4450204260726037
1,-1,59.065612895357766,10.510223554065707,NaN,-0.4451494796610779
1,-1,59.13632228717569,10.509717975560651,NaN,-0.4452784412503081
1,-1,59.20703167833237,10.509210042071192,NaN,-0.44540731104128695
1,-1,59.27774106881622,10.508699764584634,NaN,-0.4455360892342847
1,-1,59.348450458615844,10.508187154033255,NaN,-0.4456647760288488
1,-1,59.41915984772006,10.507672221294598,NaN,-0.4457933716238069
1,-1,59.48986923611788,10.507154977191862,NaN,-0.4459218762172683
1,-1,59.56057862379852,10.50663543249416,NaN,-0.44605029000663576
1,-1,59.631288010751376,10.506113597916862,NaN,-0.4461786131886032
1,-1,59.70199739696605,10.50558948412194,NaN,-0.44630684595915976
1,-1,59.77270678243233,10.505063101718253,NaN,-0.4464349885135948
1,-1,59.8434161671402,10.50453446126189,NaN,-0.44656304104649314
1,-1,59.91412555107982,10.504003573256451,NaN,-0.44669100375175674
1,-1,59.98483493424155,10.503470448153362,NaN,-0.4468188768225897
1,-1,60.05554431661591,10.50293509635221,NaN,-0.44694666045151105
1,-1,60.126253698193615,10.502397528201028,NaN,-0.44707435483035873
1,-1,60.19696307896556,10.50185775399659,NaN,-0.4472019601502846
1,-1,60.2676724589228,10.50131578398476,NaN,-0.447329476601767
1,-1,60.33838183805658,10.500771628360708,NaN,-0.4474569043746121
1,-1,60.4090912163583,10.500225297269294,NaN,-0.44758424365795313
1,-1,60.47980059381954,10.499676800805313,NaN,-0.4477114946402571
1,-1,60.550509970432046,10.499126149013792,NaN,-0.4478386575093296
1,-1,60.62121934618773,10.498573351890307,NaN,-0.4479657324523106
1,-1,60.69192872107866,10.498018419381243,NaN,-0.44809271965568775
1,-1,60.762638095097074,10.497461361384097,NaN,-0.4482196193052917
1,-1,60.83334746823537,10.49690218774777,NaN,-0.44834643158630505
1,-1,60.904056840486085,10.496340908272822,NaN,-0.4484731566832592
1,-1,60.97476621184194,10.495777532711784,NaN,-0.44859979478004336
1,-1,61.04547558229578,10.495212070769433,NaN,-0.4487263460599063
1,-1,61.11618495184062,10.494644532103038,NaN,-0.4488528107054538
1,-1,61.18689432046963,10.494074926322686,NaN,-0.4489791888986629
1,-1,61.257603688176104,10.493503262991501,NaN,-0.44910548082087487
1,-1,61.328313054953504,10.492929551625975,NaN,-0.4492316866527992
1,-1,61.39902242079543,10.492353801696181,NaN,-0.44935780657452773
1,-1,61.46973178569562,10.491776022626102,NaN,-0.4494838407655188
1,-1,61.54044114964796,10.491196223793818,NaN,-0.4496097894046194
1,-1,61.61115051264647,10.490614414531839,NaN,-0.4497356526700548
1,-1,61.6818598746853,10.490030604127355,NaN,-0.4498614307394359
1,-1,61.752569235758756,10.48944480182245,NaN,-0.44998712378976824
1,-1,61.82327859586126,10.488857016814451,NaN,-0.4501127319974413
1,-1,61.893987954987374,10.488267258256068,NaN,-0.45023825553824376
1,-1,61.96469731313179,10.487675535255766,NaN,-0.450363694587364
1,-1,62.03540667028933,10.48708185687793,NaN,-0.45048904931938555
1,-1,62.10611602645495,10.486486232143188,NaN,-0.45061431990829476
1,-1,62.17682538162371,10.485888670028592,NaN,-0.4507395065274906
1,-1,62.247534735790815,10.485289179467921,NaN,-0.45086460934977757
1,-1,62.31824408895159,10.484687769351906,NaN,-0.45098962854737024
1,-1,62.38895344110147,10.48408444852847,NaN,-0.4511145642918999
1,-1,62.45966279223603,10.483479225802993,NaN,-0.4512394167544162
1,-1,62.53037214235095,10.482872109938532,NaN,-0.45136418610538587
1,-1,62.601081491442024,10.482263109656067,NaN,-0.4514888725146997
1,-1,62.671790839505164,10.48165223363476,NaN,-0.4516134761516724
1,-1,62.742500186536404,10.481039490512156,NaN,-0.4517379971850535
1,-1,62.81320953253188,10.480424888884446,NaN,-0.45186243578301544
1,-1,62.88391887748785,10.47980843730671,NaN,-0.45198679211316817
1,-1,62.954628221400675,10.479190144293103,NaN,-0.4521110663425569
1,-1,63.02533756426682,10.478570018317146,NaN,-0.4522352586376678
1,-1,63.09604690608287,10.47794806781189,NaN,-0.45235936916442576
1,-1,63.1667562468455,10.477324301170226,NaN,-0.4524833980882004
1,-1,63.23746558655151,10.476698726745022,NaN,-0.4526073455738093
1,-1,63.30817492519778,10.476071352849422,NaN,-0.4527312117855195
1,-1,63.37888426278131,10.475442187757025,NaN,-0.4528549968870474
1,-1,63.4495935992992,10.474811239702118,NaN,-0.4529787010415659
1,-1,63.52030293474863,10.474178516879913,NaN,-0.4531023244117046
1,-1,63.59101226912689,10.473544027446739,NaN,-0.45322586715955343
1,-1,63.661721602431385,10.472907779520266,NaN,-0.4533493294466615
1,-1,63.73243093465958,10.472269781179756,NaN,-0.45347271143404444
1,-1,63.80314026580907,10.471630040466222,NaN,-0.45359601328218535
1,-1,63.873849595877516,10.470988565382696,NaN,-0.4537192351510334
1,-1,63.94455892486268,10.47034536389437,NaN,-0.45384237720001747
1,-1,64.01526825276243,10.469700443928904,NaN,-0.45396543958803
1,-1,64.08597757957469,10.469053813376542,NaN,-0.45408842247344483
1,-1,64.1566869052975,10.468405480090382,NaN,-0.4542113260141207
1,-1,64.227396229929,10.467755451886559,NaN,-0.454334150367384
1,-1,64.29810555346737,10.467103736544429,NaN,-0.45445689569006087
1,-1,64.3688148759109,10.466450341806814,NaN,-0.45457956213845235
1,-1,64.43952419725798,10.465795275380177,NaN,-0.45470214986835333
1,-1,64.51023351750707,10.465138544934847,NaN,-0.45482465903504615
1,-1,64.58094283665672,10.464480158105186,NaN,-0.4549470897933083
1,-1,64.65165215470553,10.463820122489809,NaN,-0.4550694422974138
1,-1,64.7223614716522,10.463158445651786,NaN,-0.45519171670113256
1,-1,64.79307078749554,10.462495135118795,NaN,-0.4553139131577337
1,-1,64.86378010223437,10.461830198383392,NaN,-0.4554360318199924
1,-1,64.93448941586765,10.461163642903148,NaN,-0.4555580728401846
1,-1,65.00519872839438,10.460495476100848,NaN,-0.45568003637009263
1,-1,65.07590803981364,10.459825705364693,NaN,-0.455801922561013
1,-1,65.14661735012461,10.45915433804849,NaN,-0.45592373156374855
1,-1,65.21732665932652,10.458481381471838,NaN,-0.45604546352861486
1,-1,65.28803596741865,10.457806842920293,NaN,-0.45616711860544656
1,-1,65.35874527440039,10.457130729645616,NaN,-0.4562886969435974
1,-1,65.4294545802712,10.456453048865866,NaN,-0.45641019869193544
1,-1,65.50016388503057,10.455773807765679,NaN,-0.4565316239988544
1,-1,65.5708731886781,10.455093013496386,NaN,-0.4566529730122717
1,-1,65.64158249121344,10.45441067317619,NaN,-0.45677424587963
1,-1,65.7122917926363,10.453726793890421,NaN,-0.45689544274790506
1,-1,65.78300109294645,10.453041382691632,NaN,-0.45701656376359495
1,-1,65.85371039214375,10.452354446599804,NaN,-0.45713760907273693
1,-1,65.92441969022812,10.451665992602537,NaN,-0.457258578820902
1,-1,65.99512898719951,10.450976027655217,NaN,-0.4573794731531954
1,-1,66.06583828305797,10.450284558681192,NaN,-0.45750029221426275
1,-1,66.1365475778036,10.44959159257194,NaN,-0.45762103614829175
1,-1,66.20725687143654,10.448897136187227,NaN,-0.4577417050990134
1,-1,66.27796616395703,10.44820119635531,NaN,-0.45786229920969834
1,-1,66.34867545536534,10.447503779873104,NaN,-0.4579828186231705
1,-1,66.41938474566179,10.446804893506307,NaN,-0.45810326348179786
1,-1,66.49009403484678,10.446104543989646,NaN,-0.45822363392750154
1,-1,66.56080332292075,10.445402738026946,NaN,-0.45834393010176155
1,-1,66.63151260988421,10.444699482291371,NaN,-0.4584641521455976
1,-1,66.70222189573772,10.443994783425575,NaN,-0.4585843001996024
1,-1,66.77293118048189,10.443288648041834,NaN,-0.45870437440391665
1,-1,66.84364046411739,10.44258108272225,NaN,-0.4588243748982476
1,-1,66.91434974664493,10.441872094018866,NaN,-0.4589443018218625
1,-1,66.98505902806528,10.441161688453894,NaN,-0.4590641553135914
1,-1,67.05576830837927,10.44044987251978,NaN,-0.4591839355118373
1,-1,67.12647758758777,10.43973665267947,NaN,-0.45930364255456035
1,-1,67.1971868656917,10.439022035366493,NaN,-0.45942327657930465
1,-1,67.26789614269204,10.438306026985119,NaN,-0.45954283772317595
1,-1,67.3386054185898,10.437588633910554,NaN,-0.45966232612285707
1,-1,67.40931469338604,10.43686986248908,NaN,-0.459781741914606
1,-1,67.48002396708188,10.436149719038198,NaN,-0.4599010852342597
1,-1,67.55073323967848,10.435428209846767,NaN,-0.46002035621723614
1,-1,67.62144251117705,10.434705341175208,NaN,-0.46013955499852616
1,-1,67.69215178157884,10.433981119255597,NaN,-0.4602586817127146
1,-1,67.76286105088516,10.433255550291845,NaN,-0.460377736493966
1,-1,67.83357031909733,10.43252864045985,NaN,-0.4604967194760279
1,-1,67.90427958621675,10.431800395907622,NaN,-0.4606156307922412
1,-1,67.97498885224483,10.431070822755464,NaN,-0.46073447057553896
1,-1,68.04569811718305,10.430339927096085,NaN,-0.4608532389584394
1,-1,68.11640738103291,10.429607714994752,NaN,-0.4609719360730585
1,-1,68.18711664379597,10.428874192489474,NaN,-0.46109056205110355
1,-1,68.25782590547382,10.428139365591074,NaN,-0.4612091170238861
1,-1,68.32853516606808,10.427403240283388,NaN,-0.461327601122311
1,-1,68.39924442558042,10.426665822523386,NaN,-0.46144601447688594
1,-1,68.46995368401255,10.425927118241324,NaN,-0.46156435721771866
1,-1,68.54066294136622,10.425187133340888,NaN,-0.46168262947452277
1,-1,68.61137219764322,10.42444587369927,NaN,-0.46180083137661687
1,-1,68.68208145284535,10.423703345167407,NaN,-0.46191896305292784
1,-1,68.75279070697448,10.422959553570067,NaN,-0.4620370246319887
1,-1,68.82349996003249,10.42221450470595,NaN,-0.4621550162419438
1,-1,68.89420921202132,10.421468204347914,NaN,-0.4622729380105528
1,-1,68.96491846294292,10.420720658243003,NaN,-0.46239079006518635
1,-1,69.03562771279928,10.419971872112678,NaN,-0.4625085725328305
1,-1,69.10633696159245,10.419221851652871,NaN,-0.46262628554008856
1,-1,69.17704620932447,10.41847060253419,NaN,-0.46274392921318463
1,-1,69.24775545599745,10.417718130401997,NaN,-0.4628615036779623
1,-1,69.31846470161351,10.416964440876557,NaN,-0.4629790090598829
1,-1,69.38917394617481,10.416209539553153,NaN,-0.46309644548403717
1,-1,69.45988318968352,10.41545343200226,NaN,-0.4632138130751394
1,-1,69.53059243214189,10.414696123769621,NaN,-0.4633311119575275
1,-1,69.60130167355216,10.413937620376416,NaN,-0.46344834225516957
1,-1,69.6720109139166,10.413177927319332,NaN,-0.46356550409166297
1,-1,69.74272015323751,10.412417050070781,NaN,-0.46368259759023883
1,-1,69.81342939151726,10.411654994078923,NaN,-0.46379962287375526
1,-1,69.88413862875818,10.410891764767857,NaN,-0.4639165800647141
1,-1,69.95484786496269,10.410127367537743,NaN,-0.4640334692852416
1,-1,70.02555710013318,10.40936180776489,NaN,-0.4641502906571083
1,-1,70.09626633427213,10.408595090801892,NaN,-0.46426704430172705
1,-1,70.166975567382,10.407827221977781,NaN,-0.4643837303401399
1,-1,70.23768479946528,10.40705820659809,NaN,-0.4645003488930407
1,-1,70.30839403052451,10.406288049945022,NaN,-0.46461690008076095
1,-1,70.37910326056223,10.405516757277555,NaN,-0.46473338402328485
1,-1,70.44981248958103,10.404744333831562,NaN,-0.46484980084022987
1,-1,70.5205217175835,10.403970784819904,NaN,-0.4649661506508699
1,-1,70.59123094457227,10.403196115432593,NaN,-0.46508243357412915
1,-1,70.66194017054998,10.402420330836868,NaN,-0.46519864972857883
1,-1,70.7326493955193,10.40164343617733,NaN,-0.465314799232441
1,-1,70.80335861948292,10.400865436576053,NaN,-0.465430882203593
1,-1,70.87406784244357,10.400086337132722,NaN,-0.46554689875957145
1,-1,70.94477706440397,10.399306142924695,NaN,-0.4656628490175615
1,-1,71.01548628536688,10.398524859007157,NaN,-0.4657787330944084
1,-1,71.08619550533508,10.397742490413222,NaN,-0.46589455110661876
1,-1,71.15690472431139,10.396959042154046,NaN,-0.4660103031703593
1,-1,71.22761394229862,10.396174519218947,NaN,-0.46612598940145555
1,-1,71.2983231592996,10.395388926575478,NaN,-0.4662416099154
1,-1,71.3690323753172,10.394602269169583,NaN,-0.4663571648273469
1,-1,71.43974159035432,10.393814551925688,NaN,-0.4664726542521166
1,-1,71.51045080441384,10.393025779746795,NaN,-0.4665880783041991
1,-1,71.58116001749868,10.392235957514627,NaN,-0.4667034370977524
1,-1,71.65186922961178,10.391445090089688,NaN,-0.46681873074660063
1,-1,71.72257844075608,10.390653182311416,NaN,-0.46693395936424276
1,-1,71.79328765093457,10.389860238998242,NaN,-0.4670491230638507
1,-1,71.86399686015024,10.389066264947724,NaN,-0.46716422195826857
1,-1,71.93470606840609,10.38827126493668,NaN,-0.467279256160015
1,-1,72.00541527570515,10.387475243721225,NaN,-0.46739422578128975
1,-1,72.07612448205046,10.38667820603692,NaN,-0.46750913093396845
1,-1,72.14683368744507,10.38588015659887,NaN,-0.46762397172959547
1,-1,72.21754289189205,10.385081100101807,NaN,-0.46773874827941364
1,-1,72.2882520953945,10.384281041220227,NaN,-0.46785346069433387
1,-1,72.3589612979555,10.383479984608456,NaN,-0.4679681090849571
1,-1,72.4296704995782,10.382677934900755,NaN,-0.46808269356156557
1,-1,72.5003797002657,10.381874896711462,NaN,-0.46819721423412475
1,-1,72.57108890002117,10.38107087463502,NaN,-0.46831167121229433
1,-1,72.64179809884776,10.380265873246138,NaN,-0.46842606460541264
1,-1,72.71250729674864,10.379459897099858,NaN,-0.4685403945225154
1,-1,72.78321649372701,10.378652950731663,NaN,-0.4686546610723229
1,-1,72.85392568978605,10.377845038657574,NaN,-0.468768864363248
1,-1,72.92463488492899,10.377036165374243,NaN,-0.46888300450340153
1,-1,72.99534407915905,10.376226335359041,NaN,-0.4689970816005791
1,-1,73.06605327247948,10.375415553070178,NaN,-0.4691110957622816
1,-1,73.13676246489351,10.374603822946769,NaN,-0.46922504709570084
1,-1,73.20747165640441,10.373791149408941,NaN,-0.4693389357077259
1,-1,73.27818084701545,10.372977536857947,NaN,-0.46945276170494854
1,-1,73.34889003672991,10.37216298967622,NaN,-0.4695665251936572
1,-1,73.4195992255511,10.371347512227494,NaN,-0.46968022627984124
1,-1,73.49030841348231,10.370531108856873,NaN,-0.4697938650691951
1,-1,73.56101760052688,10.369713783890964,NaN,-0.46990744166711745
1,-1,73.63172678668812,10.36889554163792,NaN,-0.47002095617870676
1,-1,73.70243597196936,10.368076386387562,NaN,-0.4701344087087704
1,-1,73.77314515637397,10.367256322411446,NaN,-0.47024779936182337
1,-1,73.84385433990528,10.366435353962988,NaN,-0.4703611282420914
1,-1,73.91456352256667,10.36561348527751,NaN,-0.4704743954535005
1,-1,73.9852727043615,10.364790720572351,NaN,-0.47058760109969705
1,-1,74.05598188529318,10.363967064046982,NaN,-0.4707007452840334
1,-1,74.12669106536508,10.363142519882999,NaN,-0.4708138281095766
1,-1,74.1974002445806,10.362317092244355,NaN,-0.47092684967910825
1,-1,74.26810942294317,10.361490785277319,NaN,-0.47103981009512147
1,-1,74.33881860045618,10.36066360311061,NaN,-0.47115270945983206
1,-1,74.40952777712306,10.3598355498555,NaN,-0.4712655478751623
1,-1,74.48023695294725,10.359006629605881,NaN,-0.47137832544276115
1,-1,74.55094612793218,10.358176846438335,NaN,-0.47149104226399563
1,-1,74.6216553020813,10.357346204412249,NaN,-0.47160369843995265
1,-1,74.69236447539805,10.356514707569868,NaN,-0.471716294071436
1,-1,74.7630736478859,10.355682359936413,NaN,-0.4718288292589832
1,-1,74.83378281954832,10.354849165520115,NaN,-0.4719413041028393
1,-1,74.90449199038878,10.354015128312351,NaN,-0.4720537187029904
1,-1,74.97520116041075,10.353180252287702,NaN,-0.4721660731591363
1,-1,75.04591032961771,10.352344541404007,NaN,-0.4722783675707095
1,-1,75.11661949801316,10.351507999602486,NaN,-0.4723906020368693
1,-1,75.1873286656006,10.350670630807812,NaN,-0.47250277665650187
1,-1,75.25803783238352,10.349832438928173,NaN,-0.47261489152822683
1,-1,75.32874699836543,10.348993427855364,NaN,-0.4727269467503885
1,-1,75.39945616354983,10.34815360146485,NaN,-0.4728389424210734
1,-1,75.47016532794024,10.347312963615886,NaN,-0.47295087863808827
1,-1,75.54087449154018,10.346471518151537,NaN,-0.47306275549898386
1,-1,75.61158365435317,10.345629268898804,NaN,-0.47317457310104305
1,-1,75.68229281638274,10.344786219668682,NaN,-0.47328633154128164
1,-1,75.75300197763244,10.343942374256224,NaN,-0.4733980309164558
1,-1,75.82371113810578,10.343097736440646,NaN,-0.47350967132306054
1,-1,75.8944202978063,10.342252309985383,NaN,-0.47362125285732204
1,-1,75.96512945673757,10.341406098638174,NaN,-0.4737327756152184
1,-1,76.03583861490311,10.34055910613111,NaN,-0.4738442396924588
1,-1,76.10654777230648,10.339711336180766,NaN,-0.4739556451845024
1,-1,76.17725692895122,10.338862792488216,NaN,-0.47406699218654186
1,-1,76.2479660848409,10.33801347873914,NaN,-0.4741782807935193
1,-1,76.31867523997907,10.337163398603888,NaN,-0.47428951110012596
1,-1,76.3893843943693,10.336312555737544,NaN,-0.4744006832007886
1,-1,76.46009354801515,10.335460953780034,NaN,-0.47451179718968783
1,-1,76.53080270092018,10.334608596356137,NaN,-0.47462285316075037
1,-1,76.60151185308796,10.333755487075637,NaN,-0.47473385120765044
1,-1,76.67222100452206,10.332901629533296,NaN,-0.474844791423812
1,-1,76.74293015522605,10.332047027309029,NaN,-0.4749556739024131
1,-1,76.8136393052035,10.331191683967893,NaN,-0.47506649873637624
1,-1,76.88434845445798,10.330335603060197,NaN,-0.47517726601838434
1,-1,76.95505760299308,10.329478788121571,NaN,-0.47528797584086463
1,-1,77.02576675081238,10.328621242673018,NaN,-0.4753986282960052
1,-1,77.09647589791945,10.327762970221007,NaN,-0.47550922347574887
1,-1,77.16718504431786,10.32690397425751,NaN,-0.4756197614717913
1,-1,77.2378941900112,10.326044258260088,NaN,-0.4757302423755858
1,-1,77.30860333500306,10.325183825691994,NaN,-0.4758406662783478
1,-1,77.379312479297,10.32432268000216,NaN,-0.4759510332710426
1,-1,77.45002162289663,10.323460824625332,NaN,-0.47606134344440465
1,-1,77.52073076580551,10.322598262982115,NaN,-0.47617159688892097
1,-1,77.59143990802723,10.32173499847905,NaN,-0.47628179369484624
1,-1,77.66214904956537,10.32087103450863,NaN,-0.4763919339521946
1,-1,77.73285819042353,10.320006374449449,NaN,-0.47650201775074186
1,-1,77.80356733060526,10.319141021666205,NaN,-0.4766120451800292
1,-1,77.87427647011417,10.318274979509782,NaN,-0.47672201632936245
1,-1,77.94498560895383,10.317408251317316,NaN,-0.4768319312878153
1,-1,78.01569474712782,10.31654084041227,NaN,-0.47694179014422516
1,-1,78.08640388463974,10.315672750104484,NaN,-0.4770515929871946
1,-1,78.15711302149315,10.314803983690217,NaN,-0.47716133990510334
1,-1,78.22782215769163,10.313934544452277,NaN,-0.47727103098608975
1,-1,78.29853129323877,10.313064435660017,NaN,-0.4773806663180671
1,-1,78.36924042813814,10.312193660569426,NaN,-0.4774902459887207
1,-1,78.43994956239332,10.311322222423183,NaN,-0.4775997700855064
1,-1,78.51065869600788,10.310450124450751,NaN,-0.4777092386956509
1,-1,78.58136782898539,10.309577369868375,NaN,-0.4778186519061549
1,-1,78.65207696132944,10.308703961879205,NaN,-0.47792800980379213
1,-1,78.7227860930436,10.307829903673326,NaN,-0.4780373124751154
1,-1,78.79349522413142,10.306955198427815,NaN,-0.47814656000645184
1,-1,78.86420435459648,10.306079849306819,NaN,-0.4782557524838991
1,-1,78.93491348444233,10.305203859461615,NaN,-0.4783648899933389
1,-1,79.00562261367256,10.304327232030653,NaN,-0.47847397262043007
1,-1,79.0763317422907,10.30344997013961,NaN,-0.47858300045060914
1,-1,79.14704087030034,10.302572076901475,NaN,-0.47869197356909143
1,-1,79.21774999770503,10.30169355541662,NaN,-0.4788008920608714
1,-1,79.28845912450832,10.300814408772789,NaN,-0.4789097560107355
1,-1,79.35916825071376,10.299934640045219,NaN,-0.4790185655032363
1,-1,79.42987737632491,10.299054252296688,NaN,-0.4791273206227197
1,-1,79.50058650134531,10.298173248577559,NaN,-0.4792360214533151
1,-1,79.5712956257785,10.297291631925843,NaN,-0.4793446680789283
1,-1,79.64200474962803,10.296409405367237,NaN,-0.47945326058326126
1,-1,79.71271387289744,10.295526571915227,NaN,-0.4795617990497959
1,-1,79.78342299559026,10.294643134571087,NaN,-0.4796702835617993
1,-1,79.85413211771002,10.293759096323997,NaN,-0.47977871420232854
1,-1,79.92484123926027,10.292874460151033,NaN,-0.47988709105423255
1,-1,79.99555036024452,10.291989229017256,NaN,-0.47999541420013936
1,-1,80.0662594806663,10.291103405875798,NaN,-0.4801036837224776
1,-1,80.13696860052913,10.290216993667835,NaN,-0.4802118997034606
1,-1,80.20767771983652,10.289329995322737,NaN,-0.4803200622250946
1,-1,80.27838683859201,10.288442413758036,NaN,-0.48042817136917476
1,-1,80.34909595679909,10.287554251879563,NaN,-0.48053622721729405
1,-1,80.41980507446127,10.286665512581408,NaN,-0.4806442298508347
1,-1,80.49051419158205,10.285776198746058,NaN,-0.48075217935097614
1,-1,80.56122330816493,10.284886313244401,NaN,-0.4808600757986893
1,-1,80.6319324242134,10.283995858935802,NaN,-0.48096791927474647
1,-1,80.70264153973098,10.283104838668125,NaN,-0.4810757098597087
1,-1,80.77335065472113,10.28221325527784,NaN,-0.48118344763394205
1,-1,80.84405976918734,10.281321111590017,NaN,-0.48129113267760143
1,-1,80.91476888313309,10.280428410418393,NaN,-0.48139876507064927
1,-1,80.98547799656185,10.279535154565467,NaN,-0.48150634489284116
1,-1,81.05618710947711,10.27864134682249,NaN,-0.481613872223736
1,-1,81.12689622188232,10.277746989969538,NaN,-0.48172134714268894
1,-1,81.19760533378096,10.27685208677558,NaN,-0.48182876972886435
1,-1,81.26831444517647,10.275956639998519,NaN,-0.4819361400612191
1,-1,81.33902355607232,10.275060652385225,NaN,-0.482043458218519
1,-1,81.40973266647194,10.274164126671591,NaN,-0.4821507242793331
1,-1,81.4804417763788,10.273267065582617,NaN,-0.48225793832202907
1,-1,81.55115088579632,10.272369471832404,NaN,-0.4823651004247879
1,-1,81.62185999472794,10.27147134812424,NaN,-0.48247221066558776
1,-1,81.69256910317709,10.270572697150651,NaN,-0.48257926912222
1,-1,81.76327821114721,10.269673521593418,NaN,-0.4826862758722752
1,-1,81.8339873186417,10.268773824123645,NaN,-0.4827932309931564
1,-1,81.904696425664,10.267873607401828,NaN,-0.4829001345620755
1,-1,81.97540553221751,10.26697287407785,NaN,-0.4830069866560524
1,-1,82.04611463830564,10.26607162679109,NaN,-0.4831137873519125
1,-1,82.11682374393179,10.265169868170421,NaN,-0.48322053672629695
1,-1,82.18753284909936,10.264267600834277,NaN,-0.4833272348556542
1,-1,82.25824195381172,10.263364827390715,NaN,-0.483433881816243
1,-1,82.32895105807228,10.262461550437424,NaN,-0.4835404776841375
1,-1,82.39966016188441,10.261557772561797,NaN,-0.4836470225352247
1,-1,82.4703692652515,10.260653496340984,NaN,-0.48375351644520054
1,-1,82.54107836817691,10.259748724341918,NaN,-0.48385995948958027
1,-1,82.61178747066401,10.258843459121362,NaN,-0.48396635174369157
1,-1,82.68249657271615,10.257937703225958,NaN,-0.4840726932826744
1,-1,82.75320567433668,10.257031459192305,NaN,-0.48417898418148986
1,-1,82.82391477552898,10.256124729546938,NaN,-0.4842852245149105
1,-1,82.89462387629636,10.255217516806427,NaN,-0.48439141435753374
1,-1,82.96533297664217,10.254309823477398,NaN,-0.4844975537837636
1,-1,83.03604207656974,10.253401652056588,NaN,-0.48460364286783236
1,-1,83.1067511760824,10.252493005030866,NaN,-0.4847096816837852
1,-1,83.17746027518346,10.2515838848773,NaN,-0.4848156703054916
1,-1,83.24816937387625,10.250674294063206,NaN,-0.4849216088066359
1,-1,83.31887847216407,10.249764235046175,NaN,-0.4850274972607301
1,-1,83.38958757005024,10.248853710274107,NaN,-0.48513333574110007
1,-1,83.46029666753803,10.247942722185268,NaN,-0.48523912432089844
1,-1,83.53100576463075,10.247031273208352,NaN,-0.4853448630731012
1,-1,83.60171486133167,10.246119365762478,NaN,-0.4854505520705058
1,-1,83.67242395764409,10.245207002257278,NaN,-0.4855561913857336
1,-1,83.74313305357127,10.24429418509289,NaN,-0.48566178109122726
1,-1,83.81384214911648,10.243380916660055,NaN,-0.48576732125926325
1,-1,83.88455124428299,10.242467199340126,NaN,-0.48587281196193466
1,-1,83.95526033907404,10.241553035505099,NaN,-0.4859782532711664
1,-1,84.02596943349289,10.24063842751768,NaN,-0.48608364525870706
1,-1,84.09667852754278,10.239723377731325,NaN,-0.48618898799613364
1,-1,84.16738762122695,10.23880788849022,NaN,-0.48629428155485305
1,-1,84.23809671454863,10.237891962129462,NaN,-0.486399526006097
1,-1,84.30880580751105,10.23697560097493,NaN,-0.4865047214209283
1,-1,84.37951490011741,10.236058807343445,NaN,-0.48660986787024263
1,-1,84.45022399237094,10.235141583542747,NaN,-0.48671496542475584
1,-1,84.52093308427483,10.234223931871565,NaN,-0.48682001415503096
1,-1,84.59164217583229,10.233305854619662,NaN,-0.48692501413144773
1,-1,84.66235126704652,10.232387354067841,NaN,-0.4870299654242232
1,-1,84.73306035792069,10.231468432488013,NaN,-0.4871348681034057
1,-1,84.803769448458,10.230549092143232,NaN,-0.4872397222388823
1,-1,84.8744785386616,10.229629335287717,NaN,-0.48734452790036353
1,-1,84.94518762853468,10.228709164166892,NaN,-0.48744928515740854
1,-1,85.01589671808038,10.227788581017467,NaN,-0.4875539940793914
1,-1,85.08660580730186,10.226867588067412,NaN,-0.4876586547355424
1,-1,85.15731489620228,10.225946187536046,NaN,-0.48776326719491164
1,-1,85.22802398478477,10.225024381634022,NaN,-0.48786783152639424
1,-1,85.29873307305246,10.224102172563445,NaN,-0.487972347798721
1,-1,85.3694421610085,10.22317956251783,NaN,-0.48807681608045617
1,-1,85.44015124865598,10.222256553682165,NaN,-0.4881812364400091
1,-1,85.51086033599803,10.221333148232976,NaN,-0.48828560894561923
1,-1,85.58156942303776,10.220409348338325,NaN,-0.4883899336653735
1,-1,85.65227850977827,10.219485156157862,NaN,-0.4884942106671889
1,-1,85.72298759622265,10.218560573842877,NaN,-0.4885984400188324
1,-1,85.79369668237399,10.217635603536301,NaN,-0.48870262178790813
1,-1,85.86440576823537,10.216710247372776,NaN,-0.48880675604185403
1,-1,85.93511485380986,10.215784507478665,NaN,-0.4889108428479624
1,-1,86.00582393910054,10.214858385972123,NaN,-0.4890148822733579
1,-1,86.07653302411046,10.213931884963078,NaN,-0.489118874385013
1,-1,86.14724210884268,10.213005006553313,NaN,-0.48922281924974276
1,-1,86.21795119330024,10.212077752836501,NaN,-0.4893267169342031
1,-1,86.28866027748617,10.211150125898184,NaN,-0.48943056750489633
1,-1,86.35936936140352,10.210222127815884,NaN,-0.4895343710281703
1,-1,86.43007844505532,10.20929376065909,NaN,-0.48963812757021985
1,-1,86.50078752844458,10.208365026489304,NaN,-0.48974183719707876
1,-1,86.5714966115743,10.20743592736007,NaN,-0.4898454999746327
1,-1,86.64220569444751,10.206506465317027,NaN,-0.48994911596861546
1,-1,86.7129147770672,10.20557664239791,NaN,-0.49005268524460144
1,-1,86.78362385943635,10.20464646063264,NaN,-0.4901562078680183
1,-1,86.85433294155796,10.203715922043262,NaN,-0.4902596839041442
1,-1,86.92504202343498,10.202785028644088,NaN,-0.4903631134180953
1,-1,86.99575110507041,10.201853782441667,NaN,-0.49046649647484986
1,-1,87.06646018646721,10.20092218543481,NaN,-0.4905698331392282
1,-1,87.13716926762832,10.199990239614673,NaN,-0.49067312347590303
1,-1,87.2078783485567,10.199057946964736,NaN,-0.49077636754939646
1,-1,87.2785874292553,10.198125309460881,NaN,-0.49087956542408384
1,-1,87.34929650972704,10.197192329071378,NaN,-0.4909827171641922
1,-1,87.42000558997486,10.196259007756975,NaN,-0.49108582283379787
1,-1,87.49071467000168,10.195325347470858,NaN,-0.4911888824968345
1,-1,87.5614237498104,10.194391350158769,NaN,-0.4912918962170814
1,-1,87.63213282940394,10.193457017758947,NaN,-0.49139486405817934
1,-1,87.7028419087852,10.192522352202234,NaN,-0.4914977860836206
1,-1,87.77355098795707,10.19158735541206,NaN,-0.4916006623567486
1,-1,87.84426006692242,10.190652029304513,NaN,-0.49170349294076476
1,-1,87.91496914568414,10.18971637578832,NaN,-0.4918062778987293
1,-1,87.9856782242451,10.188780396764917,NaN,-0.4919090172935481
1,-1,88.05638730260819,10.187844094128481,NaN,-0.4920117111879961
1,-1,88.12709638077624,10.186907469765936,NaN,-0.49211435964469524
1,-1,88.1978054587521,10.185970525556995,NaN,-0.492216962726129
1,-1,88.26851453653862,10.185033263374208,NaN,-0.4923195204946377
1,-1,88.33922361413863,10.184095685082951,NaN,-0.4924220330124223
1,-1,88.40993269155496,10.183157792541513,NaN,-0.49252450034153694
1,-1,88.48064176879043,10.18221958760106,NaN,-0.49262692254389906
1,-1,88.55135084584786,10.181281072105726,NaN,-0.4927292996812841
1,-1,88.62205992273006,10.180342247892598,NaN,-0.49283163181532896
1,-1,88.6927689994398,10.179403116791782,NaN,-0.49293391900753003
1,-1,88.76347807597992,10.17846368062638,NaN,-0.493036161319244
1,-1,88.83418715235317,10.177523941212618,NaN,-0.49313835881168855
1,-1,88.90489622856232,10.176583900359738,NaN,-0.4932405115459456
1,-1,88.97560530461017,10.175643559870135,NaN,-0.4933426195829555
1,-1,89.04631438049947,10.174702921539353,NaN,-0.49344468298352645
1,-1,89.11702345623297,10.1737619871561,NaN,-0.4935467018083216
1,-1,89.18773253181344,10.172820758502292,NaN,-0.49364867611787594
1,-1,89.2584416072436,10.17187923735307,NaN,-0.4937506059725838
1,-1,89.32915068252619,10.170937425476843,NaN,-0.4938524914327048
1,-1,89.39985975766395,10.169995324635313,NaN,-0.4939543325583651
1,-1,89.47056883265958,10.1690529365835,NaN,-0.49405612940955135
1,-1,89.5412779075158,10.168110263069734,NaN,-0.4941578820461196
1,-1,89.61198698223534,10.167167305835763,NaN,-0.49425959052779234
1,-1,89.68269605682086,10.16622406661672,NaN,-0.49436125491415545
1,-1,89.75340513127507,10.165280547141153,NaN,-0.4944628752646661
1,-1,89.82411420560067,10.164336749131062,NaN,-0.4945644516386415
1,-1,89.8948232798003,10.163392674301953,NaN,-0.4946659840952743
1,-1,89.96553235387665,10.162448324362824,NaN,-0.4947674726936225
1,-1,90.0362414278324,10.161503701016224,NaN,-0.49486891749261147
1,-1,90.10695050167017,10.160558805958228,NaN,-0.4949703185510339
1,-1,90.17765957539262,10.159613640878547,NaN,-0.49507167592755763
1,-1,90.2483686490024,10.158668207460464,NaN,-0.49517298968071527
1,-1,90.31907772250213,10.157722507380955,NaN,-0.4952742598689081
1,-1,90.38978679589445,10.156776542310624,NaN,-0.4953754865504162
1,-1,90.46049586918197,10.155830313913768,NaN,-0.4954766697833817
1,-1,90.5312049423673,10.154883823848452,NaN,-0.49557780962582115
1,-1,90.60191401545305,10.153937073766437,NaN,-0.49567890613562304
1,-1,90.67262308844181,10.15299006531328,NaN,-0.49577995937054997
1,-1,90.74333216133618,10.152042800128328,NaN,-0.4958809693882349
1,-1,90.81404123413874,10.151095279844764,NaN,-0.4959819362461825
1,-1,90.88475030685206,10.150147506089619,NaN,-0.4960828600017737
1,-1,90.95545937947871,10.149199480483784,NaN,-0.49618374071225996
1,-1,91.02616845202125,10.148251204642076,NaN,-0.4962845784347722
1,-1,91.09687752448224,10.147302680173212,NaN,-0.4963853732263071
1,-1,91.16758659686423,10.146353908679863,NaN,-0.49648612514374657
1,-1,91.23829566916974,10.145404891758693,NaN,-0.49658683424383776
1,-1,91.30900474140132,10.144455631000353,NaN,-0.4966875005832123
1,-1,91.3797138135615,10.14350612798953,NaN,-0.4967881242183691
1,-1,91.45042288565277,10.142556384304946,NaN,-0.4968887052056915
1,-1,91.52113195767767,10.141606401519399,NaN,-0.49698924360143615
1,-1,91.59184102963869,10.140656181199786,NaN,-0.49708973946173407
1,-1,91.66255010153832,10.139705724907135,NaN,-0.49719019284259786
1,-1,91.73325917337905,10.138755034196615,NaN,-0.4972906037999169
1,-1,91.80396824516338,10.137804110617562,NaN,-0.49739097238946167
1,-1,91.87467731689377,10.13685295571351,NaN,-0.4974912986668716
1,-1,91.94538638857269,10.135901571022206,NaN,-0.4975915826876765
1,-1,92.01609546020259,10.134949958075643,NaN,-0.4976918245072782
1,-1,92.08680453178594,10.133998118400086,NaN,-0.49779202418096336
1,-1,92.15751360332519,10.133046053516066,NaN,-0.49789218176389255
1,-1,92.22822267482276,10.13209376493845,NaN,-0.4979922973111141
1,-1,92.2989317462811,10.131141254176425,NaN,-0.4980923708775524
1,-1,92.36964081770262,10.130188522733542,NaN,-0.49819240251801145
1,-1,92.44034988908975,10.129235572107733,NaN,-0.4982923922871859
1,-1,92.51105896044488,10.128282403791324,NaN,-0.4983923402396383
1,-1,92.58176803177045,10.127329019271084,NaN,-0.4984922464298259
1,-1,92.65247710306882,10.12637542002822,NaN,-0.4985921109120808
1,-1,92.7231861743424,10.125421607538414,NaN,-0.4986919337406228
1,-1,92.79389524559356,10.124467583271839,NaN,-0.4987917149695529
1,-1,92.86460431682468,10.123513348693185,NaN,-0.4988914546528538
1,-1,92.93531338803813,10.122558905261688,NaN,-0.4989911528443952
1,-1,93.00602245923626,10.121604254431128,NaN,-0.4990908095979345
1,-1,93.07673153042144,10.1206493976499,NaN,-0.4991904249671055
1,-1,93.14744060159602,10.119694336360954,NaN,-0.49928999900542925
1,-1,93.21814967276232,10.118739072001919,NaN,-0.49938953176631773
1,-1,93.28885874392269,10.117783606005037,NaN,-0.49948902330306694
1,-1,93.35956781507943,10.116827939797242,NaN,-0.49958847366885345
1,-1,93.43027688623488,10.115872074800125,NaN,-0.4996878829167437
1,-1,93.50098595739135,10.114916012430035,NaN,-0.49978725109969235
1,-1,93.57169502855115,10.113959754098028,NaN,-0.4998865782705406
1,-1,93.64240409971656,10.113003301209913,NaN,-0.4999858644820149
1,-1,93.71311317088988,10.11204665516629,NaN,-0.5000851097867323
1,-1,93.7838222420734,10.111089817362556,NaN,-0.5001843142371956
1,-1,93.85453131326939,10.110132789188908,NaN,-0.5002834778857977
1,-1,93.92524038448012,10.109175572030399,NaN,-0.500382600784818
1,-1,93.99594945570784,10.108218167266928,NaN,-0.500481682986428
1,-1,94.06665852695482,10.107260576273298,NaN,-0.5005807245426894
1,-1,94.13736759822332,10.106302800419192,NaN,-0.5006797255055467
1,-1,94.20807666951556,10.105344841069215,NaN,-0.500778685926843
1,-1,94.27878574083378,10.104386699582927,NaN,-0.5008776058583064
1,-1,94.34949481218021,10.103428377314852,NaN,-0.5009764853515587
1,-1,94.42020388355708,10.102469875614476,NaN,-0.5010753244581072
1,-1,94.49091295496659,10.10151119582629,NaN,-0.5011741232293622
1,-1,94.56162202641096,10.100552339289841,NaN,-0.5012728817166133
1,-1,94.63233109789238,10.099593307339674,NaN,-0.5013715999710459
1,-1,94.70304016941304,10.09863410130542,NaN,-0.5014702780437436
1,-1,94.77374924097515,10.097674722511792,NaN,-0.5015689159856751
1,-1,94.84445831258087,10.0967151722786,NaN,-0.5016675138477046
1,-1,94.91516738423238,10.095755451920772,NaN,-0.5017660716805918
1,-1,94.98587645593183,10.094795562748379,NaN,-0.5018645895349849
1,-1,95.0565855276814,10.093835506066652,NaN,-0.5019630674614322
1,-1,95.12729459948325,10.092875283176008,NaN,-0.502061505510372
1,-1,95.1980036713395,10.091914895372044,NaN,-0.5021599037321381
1,-1,95.26871274325231,10.090954343945594,NaN,-0.5022582621769617
1,-1,95.33942181522379,10.089993630182718,NaN,-0.5023565808949623
1,-1,95.41013088725607,10.089032755364741,NaN,-0.5024548599361638
1,-1,95.48083995935129,10.088071720768237,NaN,-0.5025530993504786
1,-1,95.55154903151154,10.087110527665107,NaN,-0.5026512991877194
1,-1,95.62225810373894,10.086149177322529,NaN,-0.5027494594975933
1,-1,95.69296717603558,10.08518767100305,NaN,-0.5028475803297028
1,-1,95.76367624840356,10.084226009964537,NaN,-0.5029456617335526
1,-1,95.83438532084494,10.083264195460215,NaN,-0.5030437037585372
1,-1,95.90509439336184,10.08230222873873,NaN,-0.5031417064539532
1,-1,95.97580346595629,10.0813401110441,NaN,-0.5032396698689982
1,-1,96.04651253863038,10.080377843615796,NaN,-0.5033375940527601
1,-1,96.11722161138617,10.079415427688685,NaN,-0.5034354790542305
1,-1,96.1879306842257,10.078452864493121,NaN,-0.5035333249223002
1,-1,96.25863975715102,10.077490155254937,NaN,-0.5036311317057571
1,-1,96.32934883016416,10.07652730119545,NaN,-0.5037288994532841
1,-1,96.40005790326717,10.075564303531486,NaN,-0.5038266282134728
1,-1,96.47076697646206,10.074601163475405,NaN,-0.5039243180348087
1,-1,96.54147604975084,10.07363788223511,NaN,-0.5040219689656806
1,-1,96.61218512313555,10.072674461014069,NaN,-0.5041195810543723
1,-1,96.68289419661816,10.071710901011341,NaN,-0.5042171543490749
1,-1,96.7536032702007,10.070747203421575,NaN,-0.5043146888978781
1,-1,96.82431234388515,10.069783369435031,NaN,-0.5044121847487701
1,-1,96.8950214176735,10.068819400237594,NaN,-0.5045096419496459
1,-1,96.96573049156773,10.067855297010837,NaN,-0.5046070605482982
1,-1,97.0364395655698,10.06689106093197,NaN,-0.5047044405924246
1,-1,97.10714863968168,10.06592669317389,NaN,-0.5048017821296229
1,-1,97.17785771390534,10.064962194905194,NaN,-0.5048990852073962
1,-1,97.24856678824273,10.063997567290217,NaN,-0.5049963498731436
1,-1,97.31927586269579,10.063032811489006,NaN,-0.5050935761741799
1,-1,97.38998493726646,10.062067928657365,NaN,-0.505190764157713
1,-1,97.46069401195669,10.061102919946888,NaN,-0.5052879138708575
1,-1,97.53140308676839,10.06013778650492,NaN,-0.5053850253606339
1,-1,97.60211216170349,10.05917252947462,NaN,-0.5054820986739658
1,-1,97.6728212367639,10.058207149994972,NaN,-0.505579133857682
1,-1,97.74353031195153,10.057241649200794,NaN,-0.5056761309585127
1,-1,97.81423938726829,10.056276028222744,NaN,-0.505773090023103
1,-1,97.88494846271605,10.055310288187352,NaN,-0.505870011097991
1,-1,97.95565753829673,10.054344430217025,NaN,-0.5059668942296267
1,-1,98.0263666140122,10.053378455430089,NaN,-0.506063739464368
1,-1,98.09707568986434,10.05241236494076,NaN,-0.5061605468484749
1,-1,98.167784765855,10.051446159859188,NaN,-0.5062573164281166
1,-1,98.23849384198607,10.05047984129148,NaN,-0.5063540482493684
1,-1,98.30920291825939,10.049513410339687,NaN,-0.5064507423582127
1,-1,98.37991199467682,10.048546868101871,NaN,-0.5065473988005408
1,-1,98.4506210712402,10.047580215672047,NaN,-0.5066440176221426
1,-1,98.52133014795139,10.046613454140275,NaN,-0.5067405988687324
1,-1,98.5920392248122,10.045646584592598,NaN,-0.5068371425859178
1,-1,98.66274830182445,10.044679608111132,NaN,-0.5069336488192192
1,-1,98.73345737898997,10.043712525774046,NaN,-0.5070301176140712
1,-1,98.80416645631058,10.042745338655552,NaN,-0.5071265490158088
1,-1,98.87487553378809,10.041778047825984,NaN,-0.5072229430696834
1,-1,98.94558461142428,10.040810654351736,NaN,-0.5073192998208498
1,-1,99.01629368922096,10.039843159295362,NaN,-0.507415619314375
1,-1,99.08700276717992,10.03887556371552,NaN,-0.5075119015952363
1,-1,99.15771184530294,10.037907868667,NaN,-0.5076081467083206
1,-1,99.2284209235918,10.036940075200777,NaN,-0.5077043546984239
1,-1,99.29913000204827,10.035972184363999,NaN,-0.5078005256102597
1,-1,99.36983908067411,10.035004197199981,NaN,-0.5078966594884416
1,-1,99.44054815947108,10.03403611474828,NaN,-0.5079927563774992
1,-1,99.51125723844093,10.033067938044638,NaN,-0.5080888163218771
1,-1,99.58196631758543,10.032099668121042,NaN,-0.5081848393659256
1,-1,99.65267539690629,10.031131306005731,NaN,-0.5082808255539111
1,-1,99.72338447640526,10.030162852723207,NaN,-0.5083767749300121
1,-1,99.79409355608405,10.029194309294242,NaN,-0.5084726875383139
1,-1,99.8648026359444,10.028225676735895,NaN,-0.5085685634228244
1,-1,99.93551171598803,10.02725695606155,NaN,-0.5086644026274512
1,-1,100.00622079621664,10.026288148280894,NaN,-0.5087602051960268
1,-1,100.07692987663192,10.025319254399944,NaN,-0.5088559711722921
1,-1,100.1476389572356,10.024350275421082,NaN,-0.5089517005999002
1,-1,100.21834803802935,10.023381212343024,NaN,-0.5090473935224213
1,-1,100.28905711901486,10.022412066160898,NaN,-0.509143049983337
1,-1,100.35976620019382,10.021442837866196,NaN,-0.5092386700260484
1,-1,100.4304752815679,10.02047352844681,NaN,-0.5093342536938579
1,-1,100.50118436313876,10.01950413888707,NaN,-0.5094298010299997
1,-1,100.57189344490807,10.01853467016771,NaN,-0.5095253120776113
1,-1,100.6426025268775,10.017565123265937,NaN,-0.5096207868797493
1,-1,100.71331160904867,10.01659549915539,NaN,-0.509716225479387
1,-1,100.78402069142325,10.015625798806186,NaN,-0.5098116279194101
1,-1,100.85472977400288,10.014656023184953,NaN,-0.5099069942426206
1,-1,100.92543885678917,10.013686173254772,NaN,-0.5100023244917453
1,-1,100.99614793978378,10.01271624997526,NaN,-0.5100976187094133
1,-1,101.06685702298832,10.011746254302563,NaN,-0.5101928769381774
1,-1,101.13756610640439,10.010776187189355,NaN,-0.5102880992205082
1,-1,101.20827519003362,10.009806049584869,NaN,-0.510383285598796
1,-1,101.2789842738776,10.008835842434888,NaN,-0.5104784361153377
1,-1,101.34969335793794,10.007865566681792,NaN,-0.5105735508123597
1,-1,101.42040244221623,10.00689522326452,NaN,-0.5106686297319961
1,-1,101.49111152671405,10.005924813118648,NaN,-0.5107636729163089
1,-1,101.56182061143299,10.004954337176358,NaN,-0.5108586804072709
1,-1,101.63252969637463,10.003983796366448,NaN,-0.5109536522467752
1,-1,101.70323878154053,10.003013191614366,NaN,-0.5110485884766351
1,-1,101.77394786693228,10.002042523842222,NaN,-0.5111434891385783
1,-1,101.8446569525514,10.001071793968771,NaN,-0.5112383542742585
1,-1,101.91536603839947,10.000101002909469,NaN,-0.5113331839252452
1,-1,101.98607512447802,9.999130151576457,NaN,-0.5114279781330245
1,-1,102.0567842107886,9.998159240878573,NaN,-0.5115227369390047
1,-1,102.12749329733276,9.997188271721377,NaN,-0.511617460384516
1,-1,102.19820238411202,9.996217245007166,NaN,-0.5117121485108084
1,-1,102.26891147112791,9.995246161634979,NaN,-0.5118068013590485
1,-1,102.33962055838194,9.994275022500585,NaN,-0.5119014189703247
1,-1,102.41032964587563,9.993303828496538,NaN,-0.5119960013856513
1,-1,102.4810387336105,9.99233258051218,NaN,-0.5120905486459553
1,-1,102.55174782158805,9.991361279433617,NaN,-0.5121850607920928
1,-1,102.62245690980977,9.990389926143774,NaN,-0.5122795378648356
1,-1,102.69316599827715,9.989418521522392,NaN,-0.5123739799048824
1,-1,102.76387508699167,9.988447066446033,NaN,-0.5124683869528462
1,-1,102.83458417595483,9.987475561788099,NaN,-0.5125627590492704
1,-1,102.9052932651681,9.986504008418844,NaN,-0.5126570962346132
1,-1,102.97600235463295,9.985532407206108,NaN,-0.5127513985492957
1,-1,103.04671144435085,9.984560759012416,NaN,-0.5128456660335585
1,-1,103.11742053432324,9.983589064699375,NaN,-0.512939898727662
1,-1,103.1881296245516,9.982617325124744,NaN,-0.5130340966717599
1,-1,103.25883871503737,9.981645541143223,NaN,-0.5131282599059309
1,-1,103.32954780578198,9.980673713606398,NaN,-0.5132223884701721
1,-1,103.4002568967869,9.979701843362806,NaN,-0.5133164824044105
1,-1,103.47096598805354,9.97872993125791,NaN,-0.5134105417484897
1,-1,103.54167507958331,9.977757978134148,NaN,-0.5135045665421824
1,-1,103.61238417137767,9.976785984830915,NaN,-0.5135985568251876
1,-1,103.68309326343801,9.975813952184575,NaN,-0.5136925126371216
1,-1,103.75380235576576,9.974841881028501,NaN,-0.5137864340175293
1,-1,103.82451144836232,9.973869772193046,NaN,-0.5138803210058872
1,-1,103.89522054122908,9.972897626505583,NaN,-0.5139741736415838
1,-1,103.96592963436746,9.97192544479051,NaN,-0.5140679919639434
1,-1,104.03663872777882,9.970953227869254,NaN,-0.514161776012212
1,-1,104.10734782146457,9.969980976560288,NaN,-0.5142555258255581
1,-1,104.17805691542608,9.969008691679125,NaN,-0.5143492414430813
1,-1,104.24876600966473,9.968036374038379,NaN,-0.514442922903809
1,-1,104.3194751041819,9.967064024447705,NaN,-0.5145365702466854
1,-1,104.39018419897894,9.96609164371388,NaN,-0.5146301835105929
1,-1,104.46089329405721,9.965119232640747,NaN,-0.5147237627343295
1,-1,104.53160238941807,9.964146792029275,NaN,-0.5148173079566294
1,-1,104.60231148506286,9.96317432267756,NaN,-0.5149108192161471
1,-1,104.67302058099293,9.96220182538081,NaN,-0.5150042965514687
1,-1,104.74372967720961,9.9612293009314,NaN,-0.5150977400011093
1,-1,104.81443877371426,9.960256750118822,NaN,-0.515191149603503
1,-1,104.88514787050819,9.959284173729772,NaN,-0.5152845253970186
1,-1,104.95585696759274,9.958311572548078,NaN,-0.515377867419955
1,-1,105.0265660649692,9.957338947354803,NaN,-0.5154711757105347
1,-1,105.09727516263891,9.956366298928147,NaN,-0.5155644503069076
1,-1,105.16798426060316,9.95539362804355,NaN,-0.5156576912471579
1,-1,105.23869335886327,9.954420935473662,NaN,-0.5157508985692912
1,-1,105.30940245742053,9.953448221988348,NaN,-0.5158440723112505
1,-1,105.38011155627623,9.952475488354716,NaN,-0.5159372125108995
1,-1,105.45082065543167,9.951502735337124,NaN,-0.5160303192060398
1,-1,105.52152975488814,9.950529963697171,NaN,-0.5161233924343936
1,-1,105.5922388546469,9.949557174193739,NaN,-0.5162164322336211
1,-1,105.66294795470922,9.948584367582969,NaN,-0.5163094386413041
1,-1,105.73365705507639,9.947611544618308,NaN,-0.5164024116949618
1,-1,105.80436615574968,9.946638706050477,NaN,-0.5164953514320414
1,-1,105.87507525673033,9.945665852627517,NaN,-0.5165882578899189
1,-1,105.9457843580196,9.94469298509479,NaN,-0.516681131105899
1,-1,106.01649345961873,9.94372010419496,NaN,-0.5167739711172259
1,-1,106.08720256152898,9.942747210668047,NaN,-0.516866777961065
1,-1,106.15791166375159,9.941774305251418,NaN,-0.5169595516745173
1,-1,106.22862076628778,9.940801388679775,NaN,-0.5170522922946149
1,-1,106.29932986913879,9.939828461685206,NaN,-0.5171449998583222
1,-1,106.37003897230585,9.93885552499715,NaN,-0.517237674402532
1,-1,106.44074807579017,9.937882579342473,NaN,-0.5173303159640739
1,-1,106.51145717959297,9.936909625445375,NaN,-0.5174229245797048
1,-1,106.58216628371547,9.93593666402751,NaN,-0.5175155002861174
1,-1,106.65287538815886,9.934963695807923,NaN,-0.5176080431199336
1,-1,106.72358449292436,9.933990721503061,NaN,-0.5177005531177099
1,-1,106.79429359801316,9.933017741826848,NaN,-0.5177930303159373
1,-1,106.86500270342644,9.932044757490619,NaN,-0.5178854747510351
1,-1,106.93571180916541,9.931071769203161,NaN,-0.5179778864593569
1,-1,107.00642091523123,9.930098777670718,NaN,-0.5180702654771967
1,-1,107.0771300216251,9.929125783597025,NaN,-0.5181626118407694
1,-1,107.14783912834817,9.928152787683269,NaN,-0.5182549255862338
1,-1,107.21854823540163,9.927179790628141,NaN,-0.518347206749677
1,-1,107.28925734278663,9.92620679312781,NaN,-0.518439455367125
1,-1,107.35996645050434,9.925233795875966,NaN,-0.5185316714745317
1,-1,107.43067555855592,9.92426079956382,NaN,-0.5186238551077882
1,-1,107.5013846669425,9.923287804880085,NaN,-0.5187160063027212
1,-1,107.57209377566524,9.922314812511013,NaN,-0.5188081250950923
1,-1,107.64280288472528,9.921341823140423,NaN,-0.5189002115205934
1,-1,107.71351199412376,9.92036883744965,NaN,-0.5189922656148566
1,-1,107.78422110386181,9.919395856117594,NaN,-0.5190842874134479
1,-1,107.85493021394055,9.918422879820747,NaN,-0.5191762769518636
1,-1,107.9256393243611,9.91744990923315,NaN,-0.5192682342655448
1,-1,107.9963484351246,9.916476945026455,NaN,-0.5193601593898586
1,-1,108.06705754623215,9.915503987869887,NaN,-0.5194520523601142
1,-1,108.13776665768486,9.914531038430278,NaN,-0.5195439132115535
1,-1,108.20847576948384,9.913558097372086,NaN,-0.5196357419793595
1,-1,108.27918488163019,9.912585165357385,NaN,-0.5197275386986417
1,-1,108.349893994125,9.911612243045864,NaN,-0.5198193034044547
1,-1,108.42060310696935,9.910639331094856,NaN,-0.5199110361317886
1,-1,108.49131222016436,9.90966643015935,NaN,-0.520002736915568
1,-1,108.56202133371109,9.908693540892,NaN,-0.5200944057906502
1,-1,108.63273044761063,9.907720663943083,NaN,-0.5201860427918411
1,-1,108.70343956186404,9.906747799960579,NaN,-0.5202776479538741
1,-1,108.77414867647241,9.905774949590144,NaN,-0.5203692213114213
1,-1,108.84485779143678,9.90480211347512,NaN,-0.520460762899095
1,-1,108.91556690675823,9.903829292256551,NaN,-0.5205522727514463
1,-1,108.98627602243782,9.902856486573171,NaN,-0.5206437509029573
1,-1,109.05698513847659,9.901883697061436,NaN,-0.5207351973880582
1,-1,109.12769425487559,9.900910924355543,NaN,-0.5208266122411068
1,-1,109.19840337163588,9.899938169087376,NaN,-0.5209179954964087
1,-1,109.26911248875847,9.898965431886602,NaN,-0.5210093471882007
1,-1,109.33982160624441,9.897992713380603,NaN,-0.5211006673506612
1,-1,109.41053072409474,9.897020014194528,NaN,-0.5211919560179086
1,-1,109.48123984231049,9.896047334951284,NaN,-0.5212832132239977
1,-1,109.55194896089266,9.89507467627157,NaN,-0.5213744390029252
1,-1,109.62265807984228,9.894102038773815,NaN,-0.521465633388625
1,-1,109.69336719916038,9.893129423074289,NaN,-0.5215567964149664
1,-1,109.76407631884794,9.892156829787014,NaN,-0.5216479281157682
1,-1,109.83478543890598,9.891184259523843,NaN,-0.5217390285247809
1,-1,109.90549455933551,9.890211712894423,NaN,-0.5218300976756968
1,-1,109.97620368013752,9.889239190506222,NaN,-0.5219211356021511
1,-1,110.046912801313,9.888266692964532,NaN,-0.5220121423377149
1,-1,110.11762192286294,9.887294220872493,NaN,-0.5221031179159009
1,-1,110.18833104478833,9.886321774831066,NaN,-0.5221940623701615
1,-1,110.25904016709015,9.885349355439072,NaN,-0.5222849757338929
1,-1,110.32974928976938,9.884376963293183,NaN,-0.5223758580404294
1,-1,110.40045841282699,9.883404598987953,NaN,-0.5224667093230458
1,-1,110.47116753626395,9.882432263115772,NaN,-0.5225575296149602
1,-1,110.54187666008121,9.881459956266953,NaN,-0.5226483189493307
1,-1,110.61258578427974,9.880487679029653,NaN,-0.5227390773592582
1,-1,110.6832949088605,9.879515431989963,NaN,-0.5228298048777765
1,-1,110.75400403382444,9.87854321573186,NaN,-0.5229205015378777
1,-1,110.82471315917252,9.877571030837213,NaN,-0.5230111673724762
1,-1,110.89542228490566,9.876598877885836,NaN,-0.523101802414443
1,-1,110.96613141102482,9.875626757455453,NaN,-0.523192406696587
1,-1,111.03684053753092,9.87465467012172,NaN,-0.5232829802516533
1,-1,111.10754966442491,9.873682616458247,NaN,-0.5233735231123422
1,-1,111.1782587917077,9.872710597036557,NaN,-0.5234640353112805
1,-1,111.24896791938025,9.871738612426165,NaN,-0.5235545168810496
1,-1,111.31967704744343,9.870766663194521,NaN,-0.5236449678541707
1,-1,111.3903861758982,9.869794749907063,NaN,-0.5237353882631046
1,-1,111.46109530474546,9.868822873127192,NaN,-0.5238257781402581
1,-1,111.5318044339861,9.867851033416292,NaN,-0.523916137517982
1,-1,111.60251356362105,9.866879231333732,NaN,-0.5240064664285646
1,-1,111.67322269365118,9.865907467436891,NaN,-0.5240967649042483
1,-1,111.74393182407742,9.864935742281157,NaN,-0.5241870329772085
1,-1,111.81464095490065,9.863964056419901,NaN,-0.5242772706795715
1,-1,111.88535008612176,9.862992410404543,NaN,-0.5243674780433994
1,-1,111.95605921774164,9.86202080478451,NaN,-0.5244576551007079
1,-1,112.02676834976116,9.861049240107267,NaN,-0.5245478018834491
1,-1,112.0974774821812,9.860077716918322,NaN,-0.5246379184235275
1,-1,112.16818661500265,9.859106235761224,NaN,-0.5247280047527793
1,-1,112.23889574822637,9.858134797177566,NaN,-0.524818060903003
1,-1,112.30960488185322,9.857163401707023,NaN,-0.5249080869059238
1,-1,112.38031401588407,9.856192049887317,NaN,-0.5249980827932221
1,-1,112.45102315031977,9.855220742254263,NaN,-0.5250880485965217
1,-1,112.52173228516119,9.85424947934173,NaN,-0.5251779843473896
1,-1,112.59244142040917,9.853278261681698,NaN,-0.5252678900773382
1,-1,112.66315055606456,9.85230708980423,NaN,-0.5253577658178306
1,-1,112.73385969212822,9.851335964237489,NaN,-0.5254476116002644
1,-1,112.80456882860096,9.85036488550776,NaN,-0.5255374274559922
1,-1,112.87527796548365,9.849393854139418,NaN,-0.5256272134163101
1,-1,112.9459871027771,9.84842287065497,NaN,-0.5257169695124583
1,-1,113.01669624048213,9.847451935575059,NaN,-0.525806695775625
1,-1,113.0874053785996,9.846481049418445,NaN,-0.5258963922369421
1,-1,113.1581145171303,9.84551021270205,NaN,-0.525986058927491
1,-1,113.22882365607506,9.84453942594092,NaN,-0.5260756958782956
1,-1,113.2995327954347,9.843568689648263,NaN,-0.5261653031203293
1,-1,113.37024193521003,9.842598004335455,NaN,-0.5262548806845126
1,-1,113.44095107540186,9.841627370512025,NaN,-0.5263444286017105
1,-1,113.51166021601098,9.840656788685699,NaN,-0.5264339469027338
1,-1,113.5823693570382,9.83968625936234,NaN,-0.5265234356183458
1,-1,113.65307849848432,9.838715783046036,NaN,-0.5266128947792501
1,-1,113.72378764035012,9.837745360239058,NaN,-0.5267023244161047
1,-1,113.7944967826364,9.83677499144185,NaN,-0.5267917245595066
1,-1,113.86520592534394,9.835804677153096,NaN,-0.5268810952400077
1,-1,113.93591506847353,9.834834417869683,NaN,-0.526970436488108
1,-1,114.00662421202595,9.833864214086685,NaN,-0.5270597483342472
1,-1,114.07733335600197,9.832894066297433,NaN,-0.5271490308088208
1,-1,114.14804250040237,9.83192397499348,NaN,-0.5272382839421652
1,-1,114.2187516452279,9.830953940664607,NaN,-0.5273275077645767
1,-1,114.28946079047934,9.829983963798846,NaN,-0.5274167023062868
1,-1,114.36016993615745,9.829014044882465,NaN,-0.5275058675974821
1,-1,114.43087908226298,9.82804418439999,NaN,-0.5275950036682973
1,-1,114.50158822879669,9.82707438283422,NaN,-0.5276841105488116
1,-1,114.57229737575933,9.826104640666209,NaN,-0.5277731882690629
1,-1,114.64300652315166,9.82513495837529,NaN,-0.5278622368590269
1,-1,114.71371567097441,9.824165336439057,NaN,-0.5279512563486336
1,-1,114.78442481922832,9.823195775333408,NaN,-0.5280402467677622
1,-1,114.85513396791414,9.822226275532524,NaN,-0.5281292081462389
1,-1,114.9258431170326,9.82125683750889,NaN,-0.5282181405138453
1,-1,114.99655226658442,9.820287461733272,NaN,-0.5283070439003024
1,-1,115.06726141657033,9.819318148674771,NaN,-0.5283959183352902
1,-1,115.13797056699107,9.818348898800783,NaN,-0.5284847638484327
1,-1,115.20867971784735,9.817379712577024,NaN,-0.5285735804693062
1,-1,115.27938886913988,9.81641059046756,NaN,-0.5286623682274367
1,-1,115.35009802086938,9.815441532934752,NaN,-0.5287511271523019
1,-1,115.42080717303656,9.81447254043933,NaN,-0.5288398572733244
1,-1,115.49151632564214,9.813503613440343,NaN,-0.5289285586198836
1,-1,115.56222547868681,9.812534752395203,NaN,-0.529017231221306
1,-1,115.63293463217128,9.81156595775968,NaN,-0.5291058751068667
1,-1,115.70364378609624,9.810597229987888,NaN,-0.5291944903057968
1,-1,115.77435294046238,9.809628569532324,NaN,-0.5292830768472734
1,-1,115.84506209527039,9.808659976843849,NaN,-0.5293716347604261
1,-1,115.91577125052098,9.807691452371698,NaN,-0.5294601640743365
1,-1,115.98648040621481,9.806722996563483,NaN,-0.5295486648180404
1,-1,116.05718956235258,9.805754609865225,NaN,-0.5296371370205147
1,-1,116.12789871893496,9.804786292721337,NaN,-0.5297255807106966
1,-1,116.19860787596262,9.803818045574598,NaN,-0.5298139959174737
1,-1,116.26931703343624,9.802849868866234,NaN,-0.5299023826696817
1,-1,116.34002619135647,9.801881763035855,NaN,-0.5299907409961105
1,-1,116.410735349724,9.800913728521506,NaN,-0.5300790709255041
1,-1,116.48144450853948,9.799945765759633,NaN,-0.530167372486552
1,-1,116.55215366780358,9.798977875185123,NaN,-0.5302556457079002
1,-1,116.62286282751694,9.798010057231297,NaN,-0.5303438906181432
1,-1,116.69357198768022,9.797042312329902,NaN,-0.530432107245839
1,-1,116.76428114829406,9.796074640911131,NaN,-0.5305202956194861
1,-1,116.83499030935913,9.795107043403654,NaN,-0.530608455767536
1,-1,116.90569947087604,9.794139520234538,NaN,-0.530696587718397
1,-1,116.97640863284546,9.793172071829357,NaN,-0.5307846915004314
1,-1,117.04711779526802,9.792204698612142,NaN,-0.5308727671419491
1,-1,117.11782695814435,9.791237401005372,NaN,-0.5309608146712179
1,-1,117.18853612147508,9.790270179430024,NaN,-0.531048834116455
1,-1,117.25924528526085,9.789303034305538,NaN,-0.5311368255058333
1,-1,117.32995444950227,9.788335966049857,NaN,-0.5312247888674783
1,-1,117.40066361419996,9.787368975079398,NaN,-0.531312724229466
1,-1,117.47137277935454,9.786402061809094,NaN,-0.531400631619834
1,-1,117.54208194496664,9.785435226652357,NaN,-0.531488511066559
1,-1,117.61279111103687,9.784468470021118,NaN,-0.5315763625975887
1,-1,117.68350027756583,9.783501792325808,NaN,-0.5316641862408115
1,-1,117.75420944455412,9.782535193975392,NaN,-0.5317519820240769
1,-1,117.82491861200236,9.781568675377349,NaN,-0.5318397499751832
1,-1,117.89562777991115,9.780602236937677,NaN,-0.5319274901218888
1,-1,117.96633694828108,9.779635879060914,NaN,-0.5320152024918987
1,-1,118.0,9.779175846140392,NaN,-0.5320569506352543
2,1,20.0,9.48280989736908,NaN,-0.34711733697227565
2,1,20.01411406905646,9.484667853186355,NaN,-0.3471739118253618
2,1,20.034732069555982,9.487376115305409,NaN,-0.34725648860581937
2,1,20.064075950624844,9.491218597857138,NaN,-0.347373873542368
2,1,20.105838850859506,9.496663196284,NaN,-0.3475406567188709
2,1,20.165277189618546,9.5043636147663,NaN,-0.34777746054116637
2,1,20.23585380795008,9.51343367882202,NaN,-0.3480577804925845
2,1,20.306432631719343,9.522425203772881,NaN,-0.34833718483215254
2,1,20.37701361765034,9.531339027854237,NaN,-0.34861568195919496
2,1,20.44759672485802,9.54017597741105,NaN,-0.34889328015651666
2,1,20.518181913357967,9.548936866933643,NaN,-0.3491699875869877
2,1,20.58876914404331,9.557622499277368,NaN,-0.34944581229590943
2,1,20.659358378662283,9.566233665877398,NaN,-0.3497207622133053
2,1,20.72994957979646,9.574771146958359,NaN,-0.3499948451561842
2,1,20.80054271083964,9.583235711739352,NaN,-0.35026806883071343
2,1,20.87113773597733,9.591628118634238,NaN,-0.35054044083436775
2,1,20.941734620166844,9.59994911544739,NaN,-0.3508119686580024
2,1,21.01233332911796,9.608199439565075,NaN,-0.35108265968789715
2,1,21.082933829274165,9.616379818142464,NaN,-0.3513525212077348
2,1,21.1535360877944,9.624490968286622,NaN,-0.3516215604005385
2,1,21.22414007253537,9.632533597235268,NaN,-0.3518897843505639
2,1,21.29474575203432,9.640508402531697,NaN,-0.35215720004514417
2,1,21.36535309549233,9.648416072195818,NaN,-0.3524238143764943
2,1,21.435962072758073,9.656257284891433,NaN,-0.35268963414346494
2,1,21.506572654312016,9.664032710089922,NaN,-0.3529546660532682
2,1,21.577184811251083,9.67174300823033,NaN,-0.3532189167231509
2,1,21.647798515273745,9.67938883087601,NaN,-0.3534823926820396
2,1,21.718413738665515,9.686970820867923,NaN,-0.35374510037213514
2,1,21.789030454284852,9.694489612474628,NaN,-0.3540070461504845
2,1,21.859648635549455,9.70194583153909,NaN,-0.3542682362905071
2,1,21.930268256422927,9.709340095622402,NaN,-0.35452867698348955
2,1,22.000889291401812,9.7166730141444,NaN,-0.3547883743400505
2,1,22.071511715502982,9.723945188521416,NaN,-0.35504733439156355
2,1,22.142135504251367,9.731157212301108,NaN,-0.355305563091554
2,1,22.21276063366802,9.738309671294406,NaN,-0.3555630663170716
2,1,22.283387080258496,9.745403143704875,NaN,-0.3558198498700132
2,1,22.35401482100156,9.752438200255314,NaN,-0.356075919478439
2,1,22.424643833338173,9.759415404311689,NaN,-0.35633128079784415
2,1,22.495274095160795,9.766335312004669,NaN,-0.35658593941240735
2,1,22.565905584802955,9.773198472348621,NaN,-0.3568399008362165
2,1,22.636538281029114,9.780005427358107,NaN,-0.357093170514461
2,1,22.707172163024772,9.786756712162205,NaN,-0.35734575382460065
2,1,22.777807210386857,9.793452855116316,NaN,-0.35759765607751315
2,1,22.848443403114356,9.800094377911904,NaN,-0.3578488825186151
2,1,22.91908072159919,9.806681795683991,NaN,-0.3580994383289506
2,1,22.989719146617333,9.81321561711642,NaN,-0.35834932862627455
2,1,23.060358659320144,9.819696344545191,NaN,-0.3585985584660994
2,1,23.130999241225947,9.826124474059645,NaN,-0.35884713284271696
2,1,23.2016408742118,9.832500495601675,NaN,-0.35909505669021763
2,1,23.27228354050551,9.838824893063066,NaN,-0.3593423348834686
2,1,23.3429272226778,9.845098144380826,NaN,-0.35958897223908254
2,1,23.413571903634747,9.851320721630772,NaN,-0.35983497351636295
2,1,23.484217566610333,9.857493091119222,NaN,-0.3600803434182277
2,1,23.554864195159244,9.863615713472983,NaN,-0.3603250865921237
2,1,23.62551177314982,9.869689043727574,NaN,-0.36056920763091005
2,1,23.6961602847572,9.875713531413767,NaN,-0.36081271107373153
2,1,23.766809714456617,9.881689620642558,NaN,-0.36105560140687165
2,1,23.837460047016872,9.887617750188275,NaN,-0.36129788306459326
2,1,23.908111267493982,9.893498353570537,NaN,-0.36153956042994845
2,1,23.978763361224964,9.899331859134238,NaN,-0.3617806378355957
2,1,24.04941631382178,9.905118690128303,NaN,-0.3620211195645748
2,1,24.12007011116544,9.91085926478289,NaN,-0.3622610098510901
2,1,24.190724739400228,9.916553996385142,NaN,-0.3625003128812584
2,1,24.261380184928093,9.92220329335352,NaN,-0.36273903279385433
2,1,24.332036434403168,9.927807559310876,NaN,-0.3629771736810433
2,1,24.402693474726416,9.93336719315597,NaN,-0.3632147395890892
2,1,24.473351293040402,9.938882589133927,NaN,-0.363451734519051
2,1,24.54400987672421,9.944354136905186,NaN,-0.36368816242747953
2,1,24.61466921338847,9.949782221613328,NaN,-0.3639240272270828
2,1,24.685329290870495,9.955167223951623,NaN,-0.3641593327873888
2,1,24.755990097229553,9.960509520228399,NaN,-0.36439408293539655
2,1,24.826651620742233,9.965809482431183,NaN,-0.3646282814562012
2,1,24.897313849897944,9.97106747828974,NaN,-0.3648619320936342
2,1,24.967976773394494,9.976283871338003,NaN,-0.3650950385508588
2,1,25.03864038013379,9.9814590209748,NaN,-0.36532760449098334
2,1,25.10930465921763,9.986593282523614,NaN,-0.3655596335376415
2,1,25.179969599943615,9.991687007291253,NaN,-0.36579112927557433
2,1,25.250635191801113,9.99674054262543,NaN,-0.36602209525120016
2,1,25.32130142446737,10.001754231971372,NaN,-0.366252534973169
2,1,25.39196828780367,10.006728414927466,NaN,-0.3664824519129095
2,1,25.4626357718516,10.011663427299906,NaN,-0.36671184950516844
2,1,25.533303866829396,10.01655960115636,NaN,-0.3669407311485353
2,1,25.603972563128394,10.021417264878757,NaN,-0.36716910020596033
2,1,25.67464185130953,10.026236743215133,NaN,-0.3673969600052657
2,1,25.745311722099938,10.03101835733061,NaN,-0.36762431383964006
2,1,25.815982166389627,10.035762424857415,NaN,-0.36785116496813636
2,1,25.886653175228222,10.04046925994422,NaN,-0.36807751661614346
2,1,25.957324739821793,10.045139173304417,NaN,-0.36830337197586877
2,1,26.027996851529746,10.04977247226378,NaN,-0.3685287342067935
2,1,26.098669501861785,10.054369460807129,NaN,-0.3687536064361384
2,1,26.16934268247495,10.05893043962443,NaN,-0.36897799175930557
2,1,26.240016385170716,10.063455706155848,NaN,-0.3692018932403238
2,1,26.310690601892137,10.067945554636312,NaN,-0.3694253139122748
2,1,26.381365324721102,10.072400276139142,NaN,-0.36964825677772584
2,1,26.452040545875597,10.076820158619041,NaN,-0.36987072480914207
2,1,26.52271625770707,10.081205486954344,NaN,-0.3700927209493028
2,1,26.59339245269783,10.08555654298858,NaN,-0.3703142481116992
2,1,26.664069123458514,10.089873605571357,NaN,-0.3705353091809344
2,1,26.7347462627256,10.094156950598524,NaN,-0.37075590701311406
2,1,26.805423863358985,10.098406851051745,NaN,-0.37097604443622906
2,1,26.876101918339614,10.102623577037368,NaN,-0.37119572425053016
2,1,26.946780420767155,10.106807395824722,NaN,-0.371414949228899
2,1,27.017459363857725,10.110958571883682,NaN,-0.37163372211721996
2,1,27.08813874094167,10.115077366921783,NaN,-0.3718520456347243
2,1,27.158818545461394,10.119164039920587,NaN,-0.3720699224743559
2,1,27.229498770969226,10.123218847171566,NaN,-0.3722873553031055
2,1,27.300179411125338,10.127242042311341,NaN,-0.3725043467623647
2,1,27.370860459695717,10.13123387635641,NaN,-0.37272089946824805
2,1,27.44154191055016,10.135194597737291,NaN,-0.37293701601193124
2,1,27.512223757660326,10.139124452332126,NaN,-0.3731526989599676
2,1,27.58290599509783,10.143023683499768,NaN,-0.37336795085461494
2,1,27.653588617032362,10.146892532112323,NaN,-0.37358277421414393
2,1,27.724271617729876,10.150731236587184,NaN,-0.3737971715331464
2,1,27.79495499155078,10.154540032918609,NaN,-0.3740111452828407
2,1,27.8656387329482,10.158319154708703,NaN,-0.37422469791137025
2,1,27.93632283646624,10.16206883319803,NaN,-0.3744378318440938
2,1,28.00700729673832,10.165789297295657,NaN,-0.3746505494838792
2,1,28.07769210848552,10.169480773608809,NaN,-0.37486285321138624
2,1,28.148377266514984,10.173143486471982,NaN,-0.37507474538533886
2,1,28.219062765718313,10.176777657975684,NaN,-0.37528622834282
2,1,28.28974860107004,10.180383507994707,NaN,-0.3754973043995152
2,1,28.360434767626113,10.1839612542159,NaN,-0.3757079758500059
2,1,28.431121260522414,10.187511112165653,NaN,-0.3759182449680145
2,1,28.50180807497329,10.191033295236863,NaN,-0.37612811400666946
2,1,28.57249520627016,10.19452801471547,NaN,-0.376337585198758
2,1,28.64318264978009,10.19799547980667,NaN,-0.3765466607569764
2,1,28.713870400944455,10.201435897660712,NaN,-0.3767553428741809
2,1,28.784558455277576,10.20484947339822,NaN,-0.3769636337236255
2,1,28.855246808365433,10.208236410135296,NaN,-0.37717153545919757
2,1,28.925935455864362,10.211596909008065,NaN,-0.3773790502156652
2,1,28.99662439349981,10.214931169197012,NaN,-0.377586180108896
2,1,29.067313617065103,10.21823938795083,NaN,-0.3777929272360945
2,1,29.138003122420223,10.221521760609997,NaN,-0.3779992936760185
2,1,29.208692905490636,10.224778480629977,NaN,-0.3782052814892122
2,1,29.279382962266137,10.228009739604078,NaN,-0.3784108927182095
2,1,29.3500732887997,10.231215727285955,NaN,-0.37861612938776107
2,1,29.42076388120637,10.234396631611803,NaN,-0.3788209935050377
2,1,29.49145473566217,10.237552638722235,NaN,-0.3790254870598436
2,1,29.56214584840303,10.240683932983806,NaN,-0.37922961202482
2,1,29.632837215723743,10.243790697010258,NaN,-0.3794333703556447
2,1,29.70352883397692,10.246873111683447,NaN,-0.37963676399123425
2,1,29.774220699572005,10.249931356173896,NaN,-0.3798397948539399
2,1,29.844912808974264,10.252965607961244,NaN,-0.3800424648497402
2,1,29.915605158703826,10.255976042854119,NaN,-0.3802447758684292
2,1,29.986297745334728,10.258962835009994,NaN,-0.38044672978380745
2,1,30.05699056549399,10.261926156954582,NaN,-0.38064832845386676
2,1,30.127683615860697,10.264866179601027,NaN,-0.38084957372096756
2,1,30.198376893165094,10.267783072268795,NaN,-0.3810504674120262
2,1,30.26907039418772,10.270677002702342,NaN,-0.38125101133868655
2,1,30.33976411575854,10.273548137089461,NaN,-0.38145120729749216
2,1,30.4104580547561,10.276396640079362,NaN,-0.38165105707006397
2,1,30.48115220810669,10.279222674800561,NaN,-0.38185056242327176
2,1,30.551846572783546,10.282026402878486,NaN,-0.38204972510938806
2,1,30.62254114580604,10.284807984452817,NaN,-0.3822485468662644
2,1,30.693235924238895,10.287567578194581,NaN,-0.38244702941749353
2,1,30.76393090519143,10.29030534132306,NaN,-0.3826451744725624
2,1,30.834626085816794,10.293021429622405,NaN,-0.3828429837270161
2,1,30.90532146331124,10.295715997458041,NaN,-0.3830404588626084
2,1,30.97601703491338,10.298389197792853,NaN,-0.3832376015474588
2,1,31.046712797903492,10.301041182203141,NaN,-0.3834344134362029
2,1,31.117408749602813,10.303672100894333,NaN,-0.3836308961701394
2,1,31.18810488737286,10.306282102716557,NaN,-0.38382705137738005
2,1,31.258801208614745,10.308871335179854,NaN,-0.3840228806729926
2,1,31.329497710768532,10.311439944469377,NaN,-0.3842183856591415
2,1,31.400194391312578,10.313988075460218,NaN,-0.3844135679252305
2,1,31.4708912477629,10.31651587173209,NaN,-0.38460842904805015
2,1,31.541588277672552,10.319023475583844,NaN,-0.3848029705919013
2,1,31.61228547863102,10.32151102804774,NaN,-0.38499719410873334
2,1,31.682982848263602,10.323978668903557,NaN,-0.385191101138285
2,1,31.753680384230847,10.326426536692471,NaN,-0.3853846932082105
2,1,31.824378084227945,10.32885476873083,NaN,-0.38557797183420767
2,1,31.895075945984182,10.331263501123633,NaN,-0.38577093852015043
2,1,31.965773967262376,10.333652868777897,NaN,-0.38596359475820957
2,1,32.03647214585832,10.336023005415875,NaN,-0.38615594202898473
2,1,32.107170479600256,10.338374043587992,NaN,-0.38634798180161833
2,1,32.17786896634834,10.340706114685712,NaN,-0.3865397155339264
2,1,32.24856760399413,10.343019348954195,NaN,-0.38673114467250913
2,1,32.31926639046007,10.34531387550478,NaN,-0.386922270652873
2,1,32.389965323699,10.347589822327318,NaN,-0.38711309489955015
2,1,32.46066440169365,10.349847316302295,NaN,-0.38730361882620723
2,1,32.53136362245617,10.3520864832129,NaN,-0.38749384383576524
2,1,32.60206298402766,10.354307447756835,NaN,-0.3876837713205017
2,1,32.6727624844777,10.356510333557999,NaN,-0.3878734026621746
2,1,32.74346212190388,10.358695263178046,NaN,-0.38806273923212065
2,1,32.81416189443138,10.360862358127758,NaN,-0.3882517823913645
2,1,32.884861800212505,10.363011738878312,NaN,-0.3884405334907308
2,1,32.955561837426266,10.365143524872332,NaN,-0.38862899387094096
2,1,33.026262004277946,10.367257834534895,NaN,-0.38881716486272255
2,1,33.09696229899869,10.36935478528429,NaN,-0.38900504778690786
2,1,33.1676627198451,10.371434493542735,NaN,-0.3891926439545377
2,1,33.23836326509881,10.373497074746878,NaN,-0.38937995466695896
2,1,33.309063933066135,10.375542643358214,NaN,-0.3895669812159193
2,1,33.37976472207762,10.377571312873354,NaN,-0.38975372488367394
2,1,33.450465630487706,10.37958319583415,NaN,-0.38994018694306887
2,1,33.52116665667434,10.381578403837736,NaN,-0.3901263686576468
2,1,33.59186779903861,10.383557047546349,NaN,-0.3903122712817315
2,1,33.66256905600437,10.38551923669715,NaN,-0.39049789606052354
2,1,33.73327042601791,10.387465080111811,NaN,-0.3906832442301966
2,1,33.80397190754756,10.389394685706062,NaN,-0.3908683170179751
2,1,33.87467349908342,10.39130816049905,NaN,-0.39105311564223416
2,1,33.94537519913694,10.393205610622644,NaN,-0.3912376413125806
2,1,34.01607700624064,10.395087141330581,NaN,-0.3914218952299403
2,1,34.08677891894778,10.396952857007461,NaN,-0.39160587858665014
2,1,34.15748093583201,10.398802861177838,NaN,-0.39178959256653023
2,1,34.22818305548711,10.400637256514798,NaN,-0.3919730383449783
2,1,34.2988852765266,10.402456144848912,NaN,-0.3921562170890436
2,1,34.36958759758351,10.404259627176666,NaN,-0.3923391299575175
2,1,34.440290017310055,10.406047803669074,NaN,-0.3925217781010025
2,1,34.51099253437732,10.407820773679969,NaN,-0.3927041626620028
2,1,34.58169514747501,10.409578635754388,NaN,-0.39288628477498977
2,1,34.65239785531112,10.41132148763671,NaN,-0.39306814556649616
2,1,34.723100656611706,10.413049426278747,NaN,-0.39324974615517205
2,1,34.79380355012056,10.414762547847735,NaN,-0.3934310876518806
2,1,34.86450653459898,10.416460947734265,NaN,-0.39361217115975494
2,1,34.93520960882549,10.418144720560004,NaN,-0.3937929977742869
2,1,35.00591277159557,10.41981396018548,NaN,-0.3939735685833879
2,1,35.076616021721414,10.42146875971761,NaN,-0.3941538846674659
2,1,35.14731935803167,10.423109211517316,NaN,-0.3943339470995003
2,1,35.2180227793712,10.424735407206835,NaN,-0.39451375694510293
2,1,35.28872628460082,10.426347437677151,NaN,-0.39469331526259577
2,1,35.35942987259706,10.427945393095206,NaN,-0.3948726231030748
2,1,35.430133542251966,10.429529362911067,NaN,-0.395051681510479
2,1,35.50083729247281,10.431099435864995,NaN,-0.3952304915216569
2,1,35.57154112218191,10.43265569999445,NaN,-0.39540905416643335
2,1,35.64224503031639,10.434198242641003,NaN,-0.39558737046767606
2,1,35.71294901582793,10.435727150457145,NaN,-0.3957654414413555
2,1,35.78365307768261,10.437242509413066,NaN,-0.3959432680966137
2,1,35.854357214860634,10.438744404803291,NaN,-0.396120851435825
2,1,35.92506142635616,10.440232921253282,NaN,-0.39629819245465736
2,1,35.995765711177086,10.441708142725943,NaN,-0.39647529214213884
2,1,36.06647006834483,10.443170152528081,NaN,-0.396652151480709
2,1,36.13717449689415,10.444619033316718,NaN,-0.39682877144629225
2,1,36.20787899587294,10.44605486710542,NaN,-0.397005153008344
2,1,36.27858356434203,10.447477735270507,NaN,-0.39718129712991823
2,1,36.34928820137501,10.44888771855714,NaN,-0.39735720476771985
2,1,36.419992906058035,10.450284897085458,NaN,-0.39753287687217176
2,1,36.490697677489635,10.451669350356516,NaN,-0.3977083143874607
2,1,36.56140251478054,10.453041157258276,NaN,-0.3978835182515942
2,1,36.6321074170535,10.454400396071422,NaN,-0.3980584893964649
2,1,36.70281238344312,10.455747144475144,NaN,-0.39823322874789824
2,1,36.77351741309567,10.457081479552906,NaN,-0.3984077372257095
2,1,36.84422250516892,10.458403477798083,NaN,-0.3985820157437511
2,1,36.91492765883199,10.459713215119548,NaN,-0.39875606520998064
2,1,36.98563287326517,10.46101076684721,NaN,-0.39892988652649564
2,1,37.05633814765974,10.462296207737506,NaN,-0.399103480589597
2,1,37.127043481217854,10.463569611978764,NaN,-0.3992768482898348
2,1,37.19774887315236,10.464831053196592,NaN,-0.39944999051206165
2,1,37.26845432268663,10.466080604459131,NaN,-0.3996229081354824
2,1,37.33915982905444,10.46731833828228,NaN,-0.39979560203370235
2,1,37.40986539149979,10.468544326634884,NaN,-0.3999680730747785
2,1,37.480571009276794,10.469758640943837,NaN,-0.4001403221212651
2,1,37.55127668164949,10.470961352099087,NaN,-0.4003123500302632
2,1,37.621982407891736,10.472152530458713,NaN,-0.4004841576534701
2,1,37.692688187287054,10.473332245853781,NaN,-0.40065574583722324
2,1,37.76339401912849,10.474500567593283,NaN,-0.4008271154225439
2,1,37.83409990271848,10.475657564468912,NaN,-0.4009982672451933
2,1,37.90480583736872,10.476803304759898,NaN,-0.401169202135706
2,1,37.97551182240003,10.47793785623768,NaN,-0.4013399209194404
2,1,38.04621785714224,10.479061286170582,NaN,-0.40151042441662554
2,1,38.11692394093402,10.480173661328465,NaN,-0.4016807134424022
2,1,38.18763007312282,10.481275047987253,NaN,-0.4018507888068609
2,1,38.258336253064684,10.482365511933448,NaN,-0.4020206513150991
2,1,38.32904248012416,10.483445118468637,NaN,-0.4021903017672458
2,1,38.39974875367418,10.484513932413861,NaN,-0.402359740958519
2,1,38.470455073095934,10.485572018114027,NaN,-0.4025289696792584
2,1,38.54116143777876,10.486619439442173,NaN,-0.40269798871496887
2,1,38.61186784712002,10.487656259803803,NaN,-0.4028667988463627
2,1,38.68257430052499,10.488682542141083,NaN,-0.40303540084939526
2,1,38.753280797406774,10.489698348937003,NaN,-0.40320379549531393
2,1,38.823987337186146,10.490703742219553,NaN,-0.4033719835506864
2,1,38.89469391929149,10.491698783565806,NaN,-0.40353996577744355
2,1,38.96540054315867,10.492683534105922,NaN,-0.4037077429329277
2,1,39.03610720823093,10.493658054527192,NaN,-0.403875315769913
2,1,39.10681391395878,10.494622405078005,NaN,-0.4040426850366582
2,1,39.177520659799924,10.495576645571745,NaN,-0.40420985147693655
2,1,39.248227445219136,10.496520835390639,NaN,-0.4043768158300757
2,1,39.31893426968817,10.49745503348966,NaN,-0.40454357883099246
2,1,39.38964113268567,10.49837929840025,NaN,-0.40471014121023
2,1,39.460348033697045,10.499293688234124,NaN,-0.4048765036939944
2,1,39.53105497221442,10.500198260686956,NaN,-0.4050426670041861
2,1,39.60176194773651,10.501093073042036,NaN,-0.40520863185844347
2,1,39.67246895976855,10.501978182173948,NaN,-0.40537439897016914
2,1,39.743176007822186,10.502853644552147,NaN,-0.4055399690485668
2,1,39.8138830914154,10.503719516244475,NaN,-0.405705342798675
2,1,39.884590210072425,10.504575852920746,NaN,-0.4058705209214069
2,1,39.95529736332365,10.505422709856195,NaN,-0.4060355041135718
2,1,40.02600455070555,10.506260141934916,NaN,-0.40620029306792105
2,1,40.096711771760575,10.50708820365331,NaN,-0.40636488847317
2,1,40.1674190260371,10.507906949123392,NaN,-0.4065292910140354
2,1,40.23812631308934,10.508716432076207,NaN,-0.40669350137126825
2,1,40.30883363247724,10.509516705865083,NaN,-0.40685752022168364
2,1,40.37954098376643,10.510307823468912,NaN,-0.4070213482381907
2,1,40.45024836652814,10.5110898374954,NaN,-0.4071849860898273
2,1,40.520955780339115,10.51186280018425,NaN,-0.4073484344417882
2,1,40.59166322478155,10.512626763410339,NaN,-0.40751169395545317
2,1,40.66237069944301,10.513381778686858,NaN,-0.40767476528842783
2,1,40.73307820391636,10.514127897168402,NaN,-0.407837649094557
2,1,40.803785737799686,10.514865169654072,NaN,-0.40800034602396645
2,1,40.87449330069625,10.51559364659048,NaN,-0.40816285672308905
2,1,40.94520089221439,10.516313378074763,NaN,-0.4083251818346918
2,1,41.01590851196746,10.517024413857595,NaN,-0.4084873219979066
2,1,41.08661615957378,10.517726803346084,NaN,-0.40864927784825833
2,1,41.157323834656545,10.518420595606734,NaN,-0.40881105001769047
2,1,41.22803153684377,10.519105839368313,NaN,-0.40897263913459747
2,1,41.29873926576824,10.519782583024705,NaN,-0.4091340458238468
2,1,41.369447021067415,10.520450874637747,NaN,-0.40929527070680966
2,1,41.4401548023834,10.521110761940042,NaN,-0.4094563144013875
2,1,41.51086260936285,10.521762292337705,NaN,-0.4096171775220431
2,1,41.58157044165696,10.522405512913128,NaN,-0.40977786067981364
2,1,41.652278298921324,10.523040470427684,NaN,-0.4099383644823523
2,1,41.72298618081597,10.523667211324435,NaN,-0.41009868953394685
2,1,41.793694087005235,10.524285781730773,NaN,-0.4102588364355416
2,1,41.86440201715772,10.524896227461056,NaN,-0.41041880578477463
2,1,41.93510997094627,10.525498594019243,NaN,-0.41057859817598774
2,1,42.00581794804786,10.526092926601446,NaN,-0.41073821420026857
2,1,42.07652594814359,10.526679270098498,NaN,-0.4108976544454581
2,1,42.1472339709186,10.5272576690985,NaN,-0.41105691949618395
2,1,42.21794201606203,10.527828167889307,NaN,-0.4112160099338905
2,1,42.28865008326698,10.528390810461014,NaN,-0.41137492633685
2,1,42.359358172230415,10.528945640508418,NaN,-0.411533669280194
2,1,42.430066282653165,10.529492701433469,NaN,-0.4116922393359369
2,1,42.50077441423984,10.530032036347627,NaN,-0.41185063707299313
2,1,42.5714825666988,10.530563688074293,NaN,-0.4120088630572136
2,1,42.642190739742084,10.531087699151156,NaN,-0.41216691785139425
2,1,42.71289893308539,10.53160411183254,NaN,-0.4123248020153035
2,1,42.783607146448006,10.532112968091692,NaN,-0.4124825161057065
2,1,42.85431537955277,10.53261430962312,NaN,-0.41264006067639325
2,1,42.92502363212603,10.533108177844818,NaN,-0.4127974362781798
2,1,42.99573190389757,10.533594613900531,NaN,-0.41295464345896027
2,1,43.06644019460061,10.534073658661997,NaN,-0.4131116827637008
2,1,43.13714850397173,10.534545352731127,NaN,-0.41326855473447854
2,1,43.20785683175084,10.5350097364422,NaN,-0.41342525991049583
2,1,43.278565177681116,10.535466849864033,NaN,-0.41358179882809976
2,1,43.34927354150899,10.535916732802104,NaN,-0.41373817202080865
2,1,43.419981922984086,10.536359424800688,NaN,-0.4138943800193268
2,1,43.49069032185917,10.536794965144939,NaN,-0.4140504233515728
2,1,43.56139873789014,10.537223392862986,NaN,-0.41420630254268925
2,1,43.63210717083596,10.537644746728002,NaN,-0.41436201811507256
2,1,43.70281562045864,10.5380590652602,NaN,-0.41451757058838273
2,1,43.77352408652316,10.538466386728913,NaN,-0.41467296047957675
2,1,43.84423256879749,10.538866749154542,NaN,-0.4148281883029177
2,1,43.91494106705249,10.53926019031058,NaN,-0.41498325456999097
2,1,43.98564958106192,10.53964674772554,NaN,-0.41513815978973645
2,1,44.05635811060238,10.540026458684919,NaN,-0.415292904468458
2,1,44.12706665545328,10.540399360233126,NaN,-0.4154474891098443
2,1,44.19777521539678,10.540765489175373,NaN,-0.41560191421498616
2,1,44.268483790217815,10.541124882079583,NaN,-0.4157561802823996
2,1,44.339192379703995,10.541477575278249,NaN,-0.4159102878080401
2,1,44.4099009836456,10.541823604870295,NaN,-0.41606423728531994
2,1,44.480609601835546,10.542163006722914,NaN,-0.41621802920513185
2,1,44.551318234069356,10.54249581647337,NaN,-0.4163716640558584
2,1,44.62202688014511,10.542822069530828,NaN,-0.4165251423234002
2,1,44.69273553986341,10.543141801078116,NaN,-0.41667846449117985
2,1,44.76344421302739,10.54345504607349,NaN,-0.4168316310401744
2,1,44.83415289944263,10.543761839252427,NaN,-0.41698464244892064
2,1,44.904861598917144,10.544062215129307,NaN,-0.417137499193539
2,1,44.97557031126137,10.544356207999177,NaN,-0.4172902017477459
2,1,45.04627903628813,10.544643851939401,NaN,-0.41744275058287617
2,1,45.11698777381255,10.544925180811413,NaN,-0.4175951461678921
2,1,45.18769652365213,10.545200228262338,NaN,-0.417747388969406
2,1,45.25840528562661,10.545469027726671,NaN,-0.41789947945169315
2,1,45.329114059558016,10.545731612427941,NaN,-0.4180514180767123
2,1,45.39982284527059,10.545988015380255,NaN,-0.4182032053041145
2,1,45.470531642590785,10.546238269390008,NaN,-0.41835484159126857
2,1,45.54124045134723,10.546482407057415,NaN,-0.4185063273932633
2,1,45.61194927137068,10.546720460778118,NaN,-0.41865766316294084
2,1,45.68265810249405,10.546952462744747,NaN,-0.4188088493508949
2,1,45.75336694455231,10.54717844494848,NaN,-0.41895988640549675
2,1,45.82407579738251,10.547398439180558,NaN,-0.41911077477290815
2,1,45.894784660823746,10.547612477033837,NaN,-0.4192615148970902
2,1,45.96549353471712,10.547820589904301,NaN,-0.41941210721983346
2,1,46.03620241890574,10.548022808992503,NaN,-0.4195625521807532
2,1,46.10691131323466,10.548219165305134,NaN,-0.4197128502173192
2,1,46.17762021755089,10.548409689656422,NaN,-0.41986300176486396
2,1,46.24832913170334,10.548594412669622,NaN,-0.42001300725659774
2,1,46.31903805554284,10.548773364778471,NaN,-0.4201628671236226
2,1,46.38974698892206,10.548946576228566,NaN,-0.42031258179494685
2,1,46.460455931695535,10.549114077078828,NaN,-0.42046215169750467
2,1,46.531164883719605,10.549275897202905,NaN,-0.4206115772561547
2,1,46.60187384485243,10.549432066290539,NaN,-0.4207608588937154
2,1,46.67258281495393,10.549582613848951,NaN,-0.4209099970309571
2,1,46.74329179388579,10.549727569204238,NaN,-0.4210589920866352
2,1,46.81400078151143,10.549866961502683,NaN,-0.4212078444774855
2,1,46.88470977769598,10.55000081971213,NaN,-0.42135655461825355
2,1,46.95541878230626,10.550129172623311,NaN,-0.4215051229216972
2,1,47.02612779521076,10.55025204885113,NaN,-0.42165354979860203
2,1,47.09683681627962,10.550369476836023,NaN,-0.4218018356577981
2,1,47.1675458453846,10.550481484845236,NaN,-0.4219499809061705
2,1,47.23825488239909,10.550588100974062,NaN,-0.4220979859486692
2,1,47.30896392719804,10.550689353147195,NaN,-0.42224585118832714
2,1,47.379672979658004,10.550785269119931,NaN,-0.42239357702627117
2,1,47.45038203965706,10.550875876479429,NaN,-0.42254116386172647
2,1,47.52109110707482,10.550961202645976,NaN,-0.4226886120920458
2,1,47.59180018179241,10.551041274874178,NaN,-0.42283592211270593
2,1,47.66250926369245,10.551116120254209,NaN,-0.4229830943173287
2,1,47.733218352659044,10.551185765712994,NaN,-0.42313012909768677
2,1,47.803927448577745,10.551250238015443,NaN,-0.42327702684372326
2,1,47.87463655133554,10.551309563765578,NaN,-0.4234237879435558
2,1,47.94534566082085,10.551363769407745,NaN,-0.42357041278349583
2,1,48.01605477692348,10.551412881227805,NaN,-0.4237169017480542
2,1,48.086763899534645,10.551456925354211,NaN,-0.42386325521995316
2,1,48.15747302854692,10.551495927759248,NaN,-0.4240094735801452
2,1,48.228182163854214,10.55152991426009,NaN,-0.4241555572078115
2,1,48.29889130535181,10.551558910519965,NaN,-0.4243015064803889
2,1,48.369600452936275,10.551582942049263,NaN,-0.4244473217735676
2,1,48.44030960650551,10.55160203420665,NaN,-0.4245930034613054
2,1,48.511018765958674,10.551616212200122,NaN,-0.42473855191585064
2,1,48.58172793119623,10.551625501088163,NaN,-0.42488396750773083
2,1,48.65243710211987,10.551629925780755,NaN,-0.4250292506057852
2,1,48.72314627863254,10.551629511040485,NaN,-0.42517440157716313
2,1,48.79385546063841,10.551624281483605,NaN,-0.4253194207873397
2,1,48.86456464804287,10.55161426158105,NaN,-0.4254643086001213
2,1,48.935273840752494,10.551599475659513,NaN,-0.42560906537766385
2,1,49.00598303867504,10.551579947902452,NaN,-0.4257536914804762
2,1,49.07669224171944,10.551555702351147,NaN,-0.42589818726743167
2,1,49.14740144979578,10.551526762905672,NaN,-0.4260425530957805
2,1,49.21811066281528,10.55149315332592,NaN,-0.4261867893211648
2,1,49.288819880690276,10.551454897232617,NaN,-0.42633089629761645
2,1,49.35952910333424,10.551412018108289,NaN,-0.4264748743775768
2,1,49.43023833066172,10.55136453929824,NaN,-0.42661872391190014
2,1,49.50094756258837,10.55131248401154,NaN,-0.42676244524987544
2,1,49.571656799030904,10.551255875321992,NaN,-0.42690603873921573
2,1,49.64236603990709,10.55119473616906,NaN,-0.4270495047260912
2,1,49.71307528513575,10.55112908935885,NaN,-0.4271928435551203
2,1,49.78378453463674,10.551058957565026,NaN,-0.4273360555693879
2,1,49.854493788330934,10.550984363329748,NaN,-0.4274791411104531
2,1,49.92520304614022,10.550905329064609,NaN,-0.4276221005183639
2,1,49.995912307987474,10.550821877051526,NaN,-0.4277649341316506
2,1,50.06662157379657,10.550734029443689,NaN,-0.4279076422873567
2,1,50.13733084349233,10.5506418082664,NaN,-0.42805022532103276
2,1,50.20804011700057,10.550545235418047,NaN,-0.42819268356674733
2,1,50.27874939424804,10.550444332670903,NaN,-0.4283350173571048
2,1,50.34945867516241,10.550339121672081,NaN,-0.42847722702324165
2,1,50.42016795967231,10.550229623944364,NaN,-0.4286193128948464
2,1,50.49087724770727,10.550115860887068,NaN,-0.4287612753001632
2,1,50.56158653919771,10.54999785377692,NaN,-0.4289031145659995
2,1,50.632295834074974,10.549875623768889,NaN,-0.42904483101773894
2,1,50.703005132271265,10.549749191897055,NaN,-0.4291864249793452
2,1,50.77371443371967,10.54961857907541,NaN,-0.4293278967733758
2,1,50.84442373835413,10.549483806098696,NaN,-0.4294692467209872
2,1,50.91513304610945,10.549344893643266,NaN,-0.42961047514193973
2,1,50.98584235692127,10.54920186226785,NaN,-0.4297515823546131
2,1,51.05655167072605,10.54905473241438,NaN,-0.42989256867601566
2,1,51.12726098746109,10.548903524408793,NaN,-0.43003343442178155
2,1,51.19797030706449,10.548748258461863,NaN,-0.43017417990619067
2,1,51.26867962947515,10.548588954669908,NaN,-0.4303148054421688
2,1,51.33938895463278,10.54842563301565,NaN,-0.4304553113413001
2,1,51.410098282477854,10.548258313368967,NaN,-0.4305956979138372
2,1,51.48080761295162,10.54808701548765,NaN,-0.43073596546869963
2,1,51.551516945996106,10.547911759018156,NaN,-0.4308761143134928
2,1,51.62222628155408,10.54773256349642,NaN,-0.4310161447545091
2,1,51.692935619569056,10.547549448348542,NaN,-0.43115605709673765
2,1,51.7636449599853,10.547362432891589,NaN,-0.43129585164387213
2,1,51.83435430274779,10.54717153633429,NaN,-0.431435528698318
2,1,51.90506364780224,10.546976777777786,NaN,-0.43157508856119753
2,1,51.975772995095056,10.546778176216366,NaN,-0.43171453153236294
2,1,52.04648234457336,10.546575750538178,NaN,-0.43185385791039976
2,1,52.11719169618497,10.546369519525939,NaN,-0.4319930679926373
2,1,52.18790104987837,10.546159501857678,NaN,-0.43213216207515354
2,1,52.25861040560275,10.545945716107395,NaN,-0.4322711404527776
2,1,52.32931976330796,10.545728180745787,NaN,-0.43241000341910996
2,1,52.40002912294449,10.54550691414093,NaN,-0.43254875126651726
2,1,52.47073848446351,10.545281934558979,NaN,-0.4326873842861444
2,1,52.54144784781683,10.545053260164845,NaN,-0.4328259027679253
2,1,52.6121572129569,10.54482090902288,NaN,-0.43296430700058164
2,1,52.6828665798368,10.544584899097499,NaN,-0.4331025972716334
2,1,52.75357594841022,10.544345248253917,NaN,-0.43324077386741344
2,1,52.82428531863149,10.544101974258782,NaN,-0.4333788370730617
2,1,52.894994690455526,10.543855094780811,NaN,-0.43351678717253533
2,1,52.965704063837855,10.543604627391472,NaN,-0.4336546244486249
2,1,53.036413438734606,10.543350589565582,NaN,-0.43379234918295306
2,1,53.10712281510248,10.543092998682022,NaN,-0.4339299616559793
2,1,53.17783219289877,10.542831872024294,NaN,-0.43406746214700875
2,1,53.24854157208134,10.542567226781188,NaN,-0.43420485093420613
2,1,53.31925095260863,10.542299080047423,NaN,-0.4343421282945891
2,1,53.38996033443961,10.542027448824241,NaN,-0.4344792945040443
2,1,53.460669717533825,10.541752350020019,NaN,-0.43461634983732933
2,1,53.53137910185138,10.541473800450909,NaN,-0.4347532945680857
2,1,53.60208848735289,10.541191816841408,NaN,-0.4348901289688332
2,1,53.67279787399952,10.540906415824985,NaN,-0.43502685331098945
2,1,53.743507261752974,10.540617613944676,NaN,-0.4351634678648659
2,1,53.81421665057545,10.540325427653649,NaN,-0.4352999728996815
2,1,53.88492604042969,10.540029873315829,NaN,-0.43543636868356206
2,1,53.955635431278914,10.53973096720644,NaN,-0.4355726554835515
2,1,54.02634482308687,10.539428725512655,NaN,-0.4357088335656153
2,1,54.0970542158178,10.53912316433405,NaN,-0.4358449031946505
2,1,54.16776360943643,10.53881429968329,NaN,-0.4359808646344834
2,1,54.23847300390796,10.538502147486637,NaN,-0.43611671814788633
2,1,54.30918239919811,10.538186723584513,NaN,-0.43625246399657347
2,1,54.37989179527302,10.537868043732072,NaN,-0.436388102441214
2,1,54.45060119209934,10.537546123599743,NaN,-0.4365236337414329
2,1,54.521310589644166,10.537220978773744,NaN,-0.4366590581558244
2,1,54.592019987875055,10.536892624756723,NaN,-0.4367943759419437
2,1,54.66272938676001,10.53656107696817,NaN,-0.4369295873563279
2,1,54.7334387862675,10.536226350745055,NaN,-0.43706469265449377
2,1,54.804148186366405,10.53588846134231,NaN,-0.4371996920909421
2,1,54.87485758702606,10.535547423933354,NaN,-0.43733458591916663
2,1,54.94556698821623,10.535203253610627,NaN,-0.43746937439166145
2,1,55.016276389907105,10.534855965386111,NaN,-0.4376040577599225
2,1,55.08698579206929,10.534505574191858,NaN,-0.43773863627445336
2,1,55.15769519467382,10.534152094880476,NaN,-0.43787311018477126
2,1,55.228404597692126,10.533795542225628,NaN,-0.43800747973941234
2,1,55.29911400109605,10.533435930922574,NaN,-0.4381417451859436
2,1,55.36982340485784,10.533073275588647,NaN,-0.43827590677095596
2,1,55.44053280895014,10.532707590763723,NaN,-0.43840996474007266
2,1,55.51124221334597,10.5323388909108,NaN,-0.4385439193379696
2,1,55.58195161801876,10.531967190416376,NaN,-0.43867777080835646
2,1,55.65266102294232,10.531592503590995,NaN,-0.43881151939399904
2,1,55.72337042809082,10.531214844669726,NaN,-0.43894516533671935
2,1,55.79407983343881,10.530834227812644,NaN,-0.43907870887740263
2,1,55.86478923896122,10.53045066710526,NaN,-0.43921215025599425
2,1,55.93549864463335,10.530064176559055,NaN,-0.43934548971151466
2,1,56.006208050430835,10.529674770111898,NaN,-0.4394787274820627
2,1,56.07691745632969,10.529282461628528,NaN,-0.4396118638048154
2,1,56.14762686230627,10.528887264901005,NaN,-0.43974489891603735
2,1,56.21833626833728,10.528489193649191,NaN,-0.4398778330510831
2,1,56.28904567439978,10.528088261521175,NaN,-0.4400106664444021
2,1,56.359755080471146,10.527684482093738,NaN,-0.4401433993295491
2,1,56.43046448652911,10.527277868872769,NaN,-0.4402760319391811
2,1,56.50117389255173,10.52686843529377,NaN,-0.44040856450506516
2,1,56.5718832985174,10.526456194722241,NaN,-0.4405409972580832
2,1,56.64259270440482,10.52604116045412,NaN,-0.4406733304282396
2,1,56.71330211019303,10.52562334571626,NaN,-0.44080556424465844
2,1,56.784011515861366,10.525202763666801,NaN,-0.440937698935599
2,1,56.85472092138949,10.52477942739563,NaN,-0.44106973472844935
2,1,56.92543032675738,10.524353349924821,NaN,-0.441201671849736
2,1,56.9961397319453,10.523924544208997,NaN,-0.44133351052513037
2,1,57.066849136933826,10.523493023135822,NaN,-0.4414652509794528
2,1,57.13755854170384,10.523058799526348,NaN,-0.44159689343666697
2,1,57.208267946236504,10.522621886135473,NaN,-0.4417284381199036
2,1,57.27897735051328,10.52218229565232,NaN,-0.4418598852514455
2,1,57.349686754515915,10.521740040700658,NaN,-0.4419912350527459
2,1,57.42039615822644,10.521295133839304,NaN,-0.4421224877444254
2,1,57.491105561627165,10.520847587562534,NaN,-0.4422536435462759
2,1,57.56181496470069,10.520397414300424,NaN,-0.4423847026772701
2,1,57.63252436742987,10.519944626419331,NaN,-0.4425156653555632
2,1,57.70323376979785,10.519489236222187,NaN,-0.44264653179849667
2,1,57.77394317178803,10.519031255948988,NaN,-0.44277730222260103
2,1,57.84465257338407,10.518570697777092,NaN,-0.44290797684359995
2,1,57.91536197456991,10.51810757382164,NaN,-0.4430385558764237
2,1,57.98607137532974,10.517641896135967,NaN,-0.44316903953519643
2,1,58.056780775648,10.5171736767119,NaN,-0.44329942803325717
2,1,58.12749017550939,10.516702927480209,NaN,-0.443429721583149
2,1,58.198199574898844,10.516229660310923,NaN,-0.4435599203966377
2,1,58.268908973801565,10.515753887013727,NaN,-0.4436900246847057
2,1,58.339618372202985,10.515275619338347,NaN,-0.4438200346575562
2,1,58.410327770088784,10.514794868974855,NaN,-0.4439499505246247
2,1,58.481037167444875,10.514311647554083,NaN,-0.44407977249457115
2,1,58.5517465642574,10.513825966647973,NaN,-0.444209500775298
2,1,58.622455960512745,10.513337837769885,NaN,-0.44433913557394294
2,1,58.693165356197525,10.512847272375023,NaN,-0.444468677096889
2,1,58.76387475129857,10.512354281860736,NaN,-0.4445981255497619
2,1,58.83458414580294,10.511858877566882,NaN,-0.4447274811374434
2,1,58.90529353969792,10.511361070776166,NaN,-0.4448567440640647
2,1,58.976002932971014,10.510860872714495,NaN,-0.4449859145330202
2,1,59.04671232560993,10.510358294551324,NaN,-0.44511499274696303
2,1,59.11742171760261,10.509853347399948,NaN,-0.44524397890781103
2,1,59.188131108937185,10.509346042317915,NaN,-0.44537287321675634
2,1,59.25884049960201,10.50883639030729,NaN,-0.4455016758742585
2,1,59.329549889585635,10.508324402315008,NaN,-0.4456303870800584
2,1,59.40025927887682,10.507810089233248,NaN,-0.4457590070331744
2,1,59.47096866746452,10.507293461899671,NaN,-0.4458875359319113
2,1,59.541678055337904,10.506774531097816,NaN,-0.44601597397385817
2,1,59.612387442486316,10.506253307557412,NaN,-0.44614432135589643
2,1,59.68309682889931,10.505729801954661,NaN,-0.4462725782742056
2,1,59.75380621456662,10.505204024912594,NaN,-0.4464007449242601
2,1,59.82451559947819,10.504675987001349,NaN,-0.44652882150083595
2,1,59.89522498362412,10.504145698738546,NaN,-0.4466568081980138
2,1,59.96593436699471,10.503613170589533,NaN,-0.44678470520918445
2,1,60.03664374958045,10.503078412967714,NaN,-0.44691251272705046
2,1,60.107353131372,10.502541436234878,NaN,-0.44704023094363105
2,1,60.178062512360206,10.502002250701464,NaN,-0.4471678600502633
2,1,60.248771892536084,10.501460866626914,NaN,-0.4472954002376004
2,1,60.31948127189082,10.500917294219922,NaN,-0.44742285169563445
2,1,60.39019065041578,10.500371543638776,NaN,-0.4475502146136723
2,1,60.4609000281025,10.499823624991608,NaN,-0.4476774891803626
2,1,60.53160940494267,10.499273548336733,NaN,-0.4478046755836843
2,1,60.602318780928165,10.498721323682904,NaN,-0.44793177401095907
2,1,60.67302815605101,10.498166960989643,NaN,-0.4480587846488431
2,1,60.7437375303034,10.497610470167476,NaN,-0.44818570768334753
2,1,60.814446903677684,10.497051861078269,NaN,-0.4483125432998247
2,1,60.88515627616637,10.496491143535462,NaN,-0.44843929168298147
2,1,60.955865647762124,10.495928327304426,NaN,-0.44856595301687846
2,1,61.02657501845776,10.495363422102633,NaN,-0.44869252748493316
2,1,61.09728438824626,10.494796437600076,NaN,-0.44881901526992574
2,1,61.167993757120726,10.49422738341939,NaN,-0.44894541655399944
2,1,61.238703125074444,10.493656269136235,NaN,-0.44907173151866486
2,1,61.30941249210082,10.493083104279545,NaN,-0.4491979603448002
2,1,61.38012185819341,10.492507898331779,NaN,-0.4493241032126609
2,1,61.45083122334593,10.491930660729194,NaN,-0.4494501603018778
2,1,61.52154058755222,10.491351400862124,NaN,-0.44957613179145917
2,1,61.592249950806256,10.490770128075239,NaN,-0.4497020178597969
2,1,61.66295931310217,10.490186851667813,NaN,-0.4498278186846646
2,1,61.73366867443422,10.48960158089397,NaN,-0.44995353444322816
2,1,61.8043780347968,10.489014324962952,NaN,-0.4500791653120453
2,1,61.875087394184426,10.488425093039398,NaN,-0.4502047114670614
2,1,61.94579675259176,10.487833894243558,NaN,-0.4503301730836252
2,1,62.016506110013594,10.487240737651586,NaN,-0.4504555503364826
2,1,62.08721546644484,10.486645632295769,NaN,-0.45058084339978144
2,1,62.157924821880535,10.486048587164785,NaN,-0.4507060524470758
2,1,62.22863417631584,10.48544961120396,NaN,-0.45083117765132863
2,1,62.29934352974606,10.484848713315507,NaN,-0.4509562191849094
2,1,62.3700528821666,10.484245902358772,NaN,-0.45108117721961005
2,1,62.44076223357298,10.483641187150468,NaN,-0.4512060519266329
2,1,62.51147158396087,10.483034576464965,NaN,-0.4513308434765968
2,1,62.58218093332602,10.48242607903445,NaN,-0.4514555520395509
2,1,62.65289028166432,10.481815703549236,NaN,-0.4515801777849644
2,1,62.72359962897177,10.481203458657971,NaN,-0.45170472088173386
2,1,62.794308975244476,10.480589352967892,NaN,-0.4518291814981883
2,1,62.86501832047867,10.479973395045029,NaN,-0.4519535598020854
2,1,62.93572766467067,10.479355593414455,NaN,-0.4520778559606229
2,1,63.006437007816935,10.478735956560536,NaN,-0.45220207014043645
2,1,63.077146349914,10.478114492927125,NaN,-0.4523262025075995
2,1,63.14785569095853,10.477491210917812,NaN,-0.45245025322763
2,1,63.21856503094728,10.47686611889614,NaN,-0.45257422246549284
2,1,63.28927436987712,10.47623922518586,NaN,-0.45269811038560276
2,1,63.35998370774501,10.475610538071114,NaN,-0.452821917151823
2,1,63.43069304454802,10.474980065796677,NaN,-0.4529456429274724
2,1,63.50140238028332,10.474347816568178,NaN,-0.45306928787532164
2,1,63.572111714948164,10.473713798552321,NaN,-0.4531928521576084
2,1,63.64282104853992,10.473078019877093,NaN,-0.4533163359360254
2,1,63.71353038105605,10.472440488632012,NaN,-0.4534397393717299
2,1,63.78423971249411,10.47180121286827,NaN,-0.45356306262534696
2,1,63.85494904285174,10.47116020059903,NaN,-0.4536863058569721
2,1,63.925658372126684,10.470517459799606,NaN,-0.4538094692261636
2,1,63.99636770031677,10.46987299840765,NaN,-0.4539325528919661
2,1,64.06707702741991,10.469226824323385,NaN,-0.4540555570128904
2,1,64.13778635343412,10.468578945409837,NaN,-0.45417848174692854
2,1,64.20849567835751,10.467929369492968,NaN,-0.45430132725155314
2,1,64.27920500218823,10.467278104361965,NaN,-0.4544240936837217
2,1,64.34991432492458,10.466625157769395,NaN,-0.454546781199876
2,1,64.4206236465649,10.46597053743143,NaN,-0.454669389955946
2,1,64.49133296710764,10.465314251028024,NaN,-0.4547919201073506
2,1,64.5620422865513,10.464656306203134,NaN,-0.45491437180900196
2,1,64.6327516048945,10.463996710564917,NaN,-0.4550367452153084
2,1,64.70346092213589,10.463335471685905,NaN,-0.45515904048017475
2,1,64.77417023827425,10.46267259710325,NaN,-0.4552812577570049
2,1,64.84487955330842,10.462008094318861,NaN,-0.4554033971987019
2,1,64.9155888672373,10.461341970799639,NaN,-0.4555254589576789
2,1,64.9862981800599,10.460674233977638,NaN,-0.4556474431858486
2,1,65.05700749177528,10.460004891250318,NaN,-0.4557693500346358
2,1,65.12771680238258,10.45933394998062,NaN,-0.4558911796549778
2,1,65.198426111881,10.458661417497302,NaN,-0.4560129321973191
2,1,65.26913542026985,10.457987301094992,NaN,-0.45613460781162307
2,1,65.33984472754845,10.457311608034452,NaN,-0.45625620664736893
2,1,65.41055403371627,10.456634345542744,NaN,-0.45637772885355793
2,1,65.48126333877276,10.455955520813417,NaN,-0.4564991745787094
2,1,65.55197264271753,10.45527514100669,NaN,-0.4566205439708667
2,1,65.62268194555018,10.454593213249606,NaN,-0.45674183717760236
2,1,65.69339124727043,10.453909744636258,NaN,-0.4568630543460097
2,1,65.76410054787802,10.453224742227938,NaN,-0.4569841956227209
2,1,65.8348098473728,10.452538213053323,NaN,-0.45710526115389577
2,1,65.90551914575465,10.451850164108663,NaN,-0.45722625108522746
2,1,65.97622844302354,10.451160602357916,NaN,-0.4573471655619439
2,1,66.04693773917948,10.45046953473298,NaN,-0.4574680047288193
2,1,66.11764703422256,10.449776968133843,NaN,-0.457588768730158
2,1,66.1883563281529,10.449082909428727,NaN,-0.45770945770981497
2,1,66.25906562097073,10.448387365454298,NaN,-0.4578300718111834
2,1,66.32977491267629,10.447690343015838,NaN,-0.4579506111772044
2,1,66.4004842032699,10.44699184888737,NaN,-0.4580710759503719
2,1,66.47119349275194,10.446291889811857,NaN,-0.45819146627272656
2,1,66.54190278112283,10.445590472501399,NaN,-0.4583117822858587
2,1,66.61261206838307,10.444887603637335,NaN,-0.45843202413092077
2,1,66.68332135453322,10.444183289870447,NaN,-0.45855219194861285
2,1,66.75403063957386,10.443477537821112,NaN,-0.45867228587919706
2,1,66.82473992350563,10.442770354079501,NaN,-0.45879230606249777
2,1,66.89544920632926,10.44206174520567,NaN,-0.4589122526378983
2,1,66.96615848804548,10.441351717729772,NaN,-0.45903212574434793
2,1,67.03686776865511,10.440640278152216,NaN,-0.4591519255203608
2,1,67.10757704815902,10.439927432943811,NaN,-0.4592716521040175
2,1,67.1782863265581,10.439213188545926,NaN,-0.4593913056329709
2,1,67.24899560385332,10.438497551370642,NaN,-0.45951088624444436
2,1,67.31970488004568,10.437780527800921,NaN,-0.459630394075233
2,1,67.39041415513624,10.437062124190762,NaN,-0.45974982926171126
2,1,67.4611234291261,10.436342346865327,NaN,-0.45986919193982795
2,1,67.53183270201642,10.435621202121142,NaN,-0.4599884822451063
2,1,67.60254197380837,10.434898696226195,NaN,-0.46010770031266013
2,1,67.6732512445032,10.434174835420134,NaN,-0.46022684627717825
2,1,67.74396051410221,10.43344962591438,NaN,-0.46034592027293764
2,1,67.81466978260671,10.432723073892308,NaN,-0.4604649224337947
2,1,67.88537905001809,10.431995185509365,NaN,-0.4605838528932079
2,1,67.95608831633774,10.431265966893248,NaN,-0.46070271178420774
2,1,68.02679758156714,10.430535424144015,NaN,-0.46082149923942844
2,1,68.09750684570777,10.429803563334282,NaN,-0.46094021539109176
2,1,68.16821610876117,10.429070390509297,NaN,-0.4610588603710194
2,1,68.23892537072894,10.428335911687158,NaN,-0.46117743431062097
2,1,68.30963463161268,10.42760013285889,NaN,-0.4612959373409147
2,1,68.38034389141406,10.42686305998865,NaN,-0.46141436959251314
2,1,68.45105315013477,10.426124699013794,NaN,-0.46153273119562893
2,1,68.52176240777655,10.425385055845105,NaN,-0.4616510222800843
2,1,68.59247166434116,10.424644136366851,NaN,-0.4617692429753012
2,1,68.66318091983042,10.423901946436972,NaN,-0.4618873934103078
2,1,68.73389017424618,10.42315849188721,NaN,-0.4620054737137498
2,1,68.80459942759032,10.42241377852323,NaN,-0.46212348401386966
2,1,68.87530867986474,10.421667812124772,NaN,-0.46224142443853133
2,1,68.94601793107142,10.420920598445772,NaN,-0.46235929511520935
2,1,69.01672718121233,10.420172143214515,NaN,-0.4624770961709923
2,1,69.08743643028949,10.419422452133755,NaN,-0.46259482773258565
2,1,69.15814567830495,10.418671530880843,NaN,-0.4627124899263144
2,1,69.2288549252608,10.417919385107886,NaN,-0.46283008287812394
2,1,69.29956417115916,10.41716602044183,NaN,-0.4629476067135787
2,1,69.37027341600218,10.416411442484645,NaN,-0.46306506155786564
2,1,69.44098265979204,10.415655656813403,NaN,-0.4631824475358006
2,1,69.51169190253096,10.414898668980458,NaN,-0.4632997647718259
2,1,69.58240114422115,10.414140484513531,NaN,-0.46341701339000185
2,1,69.65311038486492,10.413381108915864,NaN,-0.4635341935140291
2,1,69.72381962446454,10.412620547666323,NaN,-0.4636513052672344
2,1,69.79452886302235,10.41185880621956,NaN,-0.46376834877257656
2,1,69.86523810054072,10.411095890006074,NaN,-0.4638853241526516
2,1,69.93594733702203,10.41033180443243,NaN,-0.46400223152968717
2,1,70.00665657246869,10.409566554881271,NaN,-0.4641190710255503
2,1,70.07736580688312,10.40880014671156,NaN,-0.46423584276174445
2,1,70.14807504026781,10.408032585258573,NaN,-0.4643525468594146
2,1,70.21878427262526,10.407263875834142,NaN,-0.46446918343934407
2,1,70.28949350395797,10.406494023726683,NaN,-0.4645857526219679
2,1,70.3602027342685,10.40572303420138,NaN,-0.4647022545273538
2,1,70.4309119635594,10.404950912500249,NaN,-0.46481868927522196
2,1,70.50162119183327,10.40417766384231,NaN,-0.4649350569849403
2,1,70.57233041909274,10.403403293423661,NaN,-0.46505135777552287
2,1,70.64303964534044,10.402627806417618,NaN,-0.46516759176563505
2,1,70.71374887057902,10.401851207974833,NaN,-0.46528375907359587
2,1,70.7844580948112,10.401073503223376,NaN,-0.46539985981736975
2,1,70.85516731803966,10.400294697268915,NaN,-0.4655158941145862
2,1,70.92587654026715,10.399514795194763,NaN,-0.46563186208252405
2,1,70.99658576149642,10.398733802062011,NaN,-0.46574776383811994
2,1,71.06729498173024,10.397951722909676,NaN,-0.465863599497969
2,1,71.13800420097141,10.39716856275476,NaN,-0.4659793691783337
2,1,71.20871341922273,10.396384326592417,NaN,-0.46609507299512554
2,1,71.27942263648706,10.395599019396004,NaN,-0.4662107110639272
2,1,71.35013185276723,10.39481264611722,NaN,-0.46632628349998295
2,1,71.42084106806615,10.39402521168625,NaN,-0.46644179041820283
2,1,71.4915502823867,10.393236721011807,NaN,-0.4665572319331662
2,1,71.56225949573178,10.392447178981287,NaN,-0.46667260815911604
2,1,71.63296870810433,10.391656590460855,NaN,-0.4667879192099696
2,1,71.7036779195073,10.390864960295554,NaN,-0.4669031651993106
2,1,71.77438712994366,10.390072293309453,NaN,-0.46701834624039673
2,1,71.8450963394164,10.389278594305663,NaN,-0.46713346244616444
2,1,71.91580554792851,10.388483868066544,NaN,-0.46724851392921624
2,1,71.98651475548303,10.38768811935371,NaN,-0.46736350080183575
2,1,72.05722396208297,10.38689135290822,NaN,-0.46747842317598554
2,1,72.1279331677314,10.38609357345065,NaN,-0.46759328116329985
2,1,72.19864237243138,10.385294785681156,NaN,-0.4677080748751037
2,1,72.269351576186,10.384494994279631,NaN,-0.46782280442239266
2,1,72.34006077899835,10.383694203905774,NaN,-0.46793746991585256
2,1,72.41076998087155,10.382892419199228,NaN,-0.4680520714658483
2,1,72.48147918180872,10.382089644779619,NaN,-0.46816660918243397
2,1,72.55218838181301,10.381285885246703,NaN,-0.4682810831753485
2,1,72.62289758088758,10.380481145180477,NaN,-0.4683954935540144
2,1,72.69360677903559,10.379675429141198,NaN,-0.4685098404275515
2,1,72.76431597626024,10.378868741669594,NaN,-0.4686241239047614
2,1,72.8350251725647,10.37806108728686,NaN,-0.46873834409414344
2,1,72.90573436795219,10.377252470494822,NaN,-0.46885250110388194
2,1,72.97644356242594,10.376442895776007,NaN,-0.4689665950418619
2,1,73.04715275598919,10.375632367593715,NaN,-0.4690806260156627
2,1,73.11786194864517,10.374820890392177,NaN,-0.46919459413255726
2,1,73.18857114039716,10.374008468596577,NaN,-0.4693084994995157
2,1,73.2592803312484,10.373195106613199,NaN,-0.46942234222321005
2,1,73.32998952120221,10.3723808088295,NaN,-0.46953612241000864
2,1,73.40069871026185,10.371565579614206,NaN,-0.4696498401659813
2,1,73.47140789843063,10.370749423317399,NaN,-0.4697634955968992
2,1,73.54211708571187,10.369932344270607,NaN,-0.4698770888082421
2,1,73.61282627210889,10.369114346786922,NaN,-0.4699906199051863
2,1,73.68353545762503,10.368295435161036,NaN,-0.47010408899262124
2,1,73.75424464226363,10.367475613669402,NaN,-0.470217496175138
2,1,73.82495382602804,10.366654886570256,NaN,-0.4703308415570352
2,1,73.89566300892163,10.365833258103773,NaN,-0.47044412524232515
2,1,73.96637219094777,10.365010732492056,NaN,-0.4705573473347259
2,1,74.03708137210982,10.364187313939357,NaN,-0.47067050793766996
2,1,74.1077905524112,10.36336300663206,NaN,-0.4707836071542984
2,1,74.1784997318553,10.362537814738806,NaN,-0.47089664508746754
2,1,74.24920891044552,10.361711742410577,NaN,-0.4710096218397535
2,1,74.31991808818528,10.360884793780803,NaN,-0.47112253751343836
2,1,74.390627265078,10.36005697296538,NaN,-0.4712353922105296
2,1,74.4613364411271,10.35922828406286,NaN,-0.471348186032745
2,1,74.53204561633602,10.35839873115443,NaN,-0.4714609190815286
2,1,74.6027547907082,10.357568318304065,NaN,-0.4715735914580418
2,1,74.6734639642471,10.356737049558596,NaN,-0.47168620326316546
2,1,74.74417313695619,10.355904928947771,NaN,-0.4717987545975023
2,1,74.81488230883892,10.355071960484375,NaN,-0.47191124556138275
2,1,74.88559147989875,10.35423814816426,NaN,-0.47202367625485875
2,1,74.95630065013916,10.353403495966491,NaN,-0.4721360467777056
2,1,75.02700981956363,10.352568007853385,NaN,-0.4722483572294288
2,1,75.09771898817566,10.3517316877706,NaN,-0.4723606077092599
2,1,75.16842815597873,10.350894539647216,NaN,-0.4724727983161571
2,1,75.23913732297635,10.350056567395814,NaN,-0.47258492914881245
2,1,75.30984648917202,10.34921777491257,NaN,-0.4726970003056453
2,1,75.38055565456925,10.348378166077309,NaN,-0.47280901188480706
2,1,75.45126481917156,10.347537744753605,NaN,-0.4729209639841816
2,1,75.52197398298244,10.346696514788839,NaN,-0.47303285670138856
2,1,75.59268314600544,10.345854480014314,NaN,-0.4731446901337784
2,1,75.66339230824408,10.34501164424528,NaN,-0.4732564643784455
2,1,75.7341014697019,10.344168011281049,NaN,-0.4733681795322082
2,1,75.8048106303824,10.343323584905079,NaN,-0.473479835691634
2,1,75.87551979028916,10.342478368884983,NaN,-0.4735914329530232
2,1,75.9462289494257,10.341632366972718,NaN,-0.4737029714124159
2,1,76.01693810779557,10.340785582904537,NaN,-0.47381445116559506
2,1,76.08764726540231,10.339938020401162,NaN,-0.473925872308087
2,1,76.15835642224948,10.339089683167785,NaN,-0.4740372349351549
2,1,76.22906557834064,10.338240574894215,NaN,-0.4741485391418099
2,1,76.29977473367934,10.337390699254875,NaN,-0.47425978502280475
2,1,76.37048388826915,10.33654005990895,NaN,-0.4743709726726406
2,1,76.44119304211361,10.335688660500377,NaN,-0.47448210218556525
2,1,76.51190219521631,10.334836504658002,NaN,-0.47459317365556997
2,1,76.5826113475808,10.333983595995589,NaN,-0.4747041871763993
2,1,76.65332049921065,10.333129938111924,NaN,-0.47481514284154025
2,1,76.72402965010944,10.332275534590872,NaN,-0.4749260407442395
2,1,76.79473880028074,10.331420389001472,NaN,-0.47503688097748775
2,1,76.86544794972812,10.330564504897955,NaN,-0.475147663634029
2,1,76.93615709845517,10.329707885819873,NaN,-0.4752583888063629
2,1,77.00686624646545,10.328850535292126,NaN,-0.47536905658673734
2,1,77.07757539376254,10.327992456825067,NaN,-0.47547966706716494
2,1,77.14828454035003,10.327133653914528,NaN,-0.4755902203394047
2,1,77.2189936862315,10.326274130041936,NaN,-0.4757007164949746
2,1,77.28970283141051,10.325413888674337,NaN,-0.4758111556251514
2,1,77.36041197589066,10.324552933264492,NaN,-0.4759215378209729
2,1,77.43112111967552,10.323691267250945,NaN,-0.47603186317322865
2,1,77.50183026276869,10.32282889405806,NaN,-0.47614213177247783
2,1,77.57253940517374,10.321965817096128,NaN,-0.47625234370903324
2,1,77.64324854689426,10.321102039761413,NaN,-0.47636249907297457
2,1,77.71395768793381,10.320237565436193,NaN,-0.47647259795414093
2,1,77.78466682829601,10.319372397488886,NaN,-0.4765826404421351
2,1,77.85537596798441,10.318506539274058,NaN,-0.47669262662633033
2,1,77.92608510700262,10.31763999413253,NaN,-0.4768025565958549
2,1,77.9967942453542,10.316772765391388,NaN,-0.4769124304396132
2,1,78.06750338304273,10.315904856364115,NaN,-0.47702224824627165
2,1,78.1382125200718,10.315036270350596,NaN,-0.4771320101042692
2,1,78.208921656445,10.314167010637235,NaN,-0.477241716101806
2,1,78.27963079216589,10.313297080496966,NaN,-0.4773513663268576
2,1,78.35033992723805,10.31242648318935,NaN,-0.47746096086716905
2,1,78.42104906166507,10.311555221960623,NaN,-0.4775704998102587
2,1,78.49175819545052,10.310683300043758,NaN,-0.4776799832434137
2,1,78.56246732859796,10.30981072065854,NaN,-0.4777894112536941
2,1,78.63317646111099,10.308937487011606,NaN,-0.47789878392793683
2,1,78.70388559299316,10.30806360229653,NaN,-0.4780081013527525
2,1,78.77459472424805,10.307189069693859,NaN,-0.47811736361452606
2,1,78.84530385487922,10.306313892371207,NaN,-0.4782265707994191
2,1,78.91601298489024,10.305438073483256,NaN,-0.4783357229933721
2,1,78.98672211428467,10.304561616171904,NaN,-0.47844482028209767
2,1,79.05743124306609,10.303684523566217,NaN,-0.4785538627510992
2,1,79.12814037123803,10.302806798782585,NaN,-0.47866285048564605
2,1,79.19884949880408,10.301928444924735,NaN,-0.47877178357079464
2,1,79.26955862576777,10.301049465083784,NaN,-0.47888066209138264
2,1,79.34026775213268,10.300169862338313,NaN,-0.47898948613202963
2,1,79.41097687790233,10.299289639754424,NaN,-0.47909825577713433
2,1,79.48168600308028,10.29840880038579,NaN,-0.47920697111088506
2,1,79.55239512767008,10.297527347273704,NaN,-0.47931563221724593
2,1,79.62310425167527,10.296645283447177,NaN,-0.4794242391799761
2,1,79.6938133750994,10.295762611922932,NaN,-0.47953279208261024
2,1,79.76452249794599,10.294879335705515,NaN,-0.47964129100847785
2,1,79.8352316202186,10.29399545778732,NaN,-0.47974973604069227
2,1,79.90594074192073,10.293110981148658,NaN,-0.47985812726215576
2,1,79.97664986305593,10.292225908757802,NaN,-0.4799664647555581
2,1,80.04735898362772,10.291340243571062,NaN,-0.48007474860337884
2,1,80.11806810363962,10.290453988532807,NaN,-0.48018297888788897
2,1,80.18877722309514,10.289567146575548,NaN,-0.4802911556911485
2,1,80.25948634199781,10.288679720620005,NaN,-0.48039927909501245
2,1,80.33019546035113,10.287791713575093,NaN,-0.4805073491811268
2,1,80.40090457815862,10.286903128338055,NaN,-0.480615366030927
2,1,80.47161369542377,10.286013967794469,NaN,-0.48072332972565
2,1,80.54232281215009,10.28512423481833,NaN,-0.48083124034632346
2,1,80.61303192834107,10.284233932272063,NaN,-0.48093909797376594
2,1,80.68374104400021,10.283343063006614,NaN,-0.48104690268860323
2,1,80.754450159131,10.282451629861486,NaN,-0.4811546545712472
2,1,80.82515927373692,10.281559635664777,NaN,-0.48126235370191195
2,1,80.89586838782144,10.280667083233276,NaN,-0.4813700001606139
2,1,80.96657750138806,10.279773975372471,NaN,-0.4814775940271586
2,1,81.03728661444023,10.278880314876606,NaN,-0.48158513538116043
2,1,81.10799572698144,10.277986104528738,NaN,-0.48169262430202864
2,1,81.17870483901514,10.277091347100818,NaN,-0.4818000608689764
2,1,81.24941395054479,10.27619604535369,NaN,-0.4819074451610192
2,1,81.32012306157385,10.275300202037158,NaN,-0.48201477725697256
2,1,81.39083217210577,10.274403819890065,NaN,-0.48212205723545654
2,1,81.46154128214401,10.273506901640314,NaN,-0.48222928517489455
2,1,81.53225039169199,10.2726094500049,NaN,-0.48233646115351625
2,1,81.60295950075316,10.27171146769,NaN,-0.48244358524935604
2,1,81.67366860933095,10.27081295739103,NaN,-0.48255065754025217
2,1,81.74437771742878,10.269913921792615,NaN,-0.4826576781038506
2,1,81.81508682505007,10.269014363568719,NaN,-0.4827646470176036
2,1,81.88579593219826,10.268114285382671,NaN,-0.4828715643587761
2,1,81.95650503887674,10.267213689887177,NaN,-0.482978430204437
2,1,82.02721414508893,10.266312579724445,NaN,-0.4830852446314632
2,1,82.09792325083824,10.26541095752611,NaN,-0.48319200771654813
2,1,82.16863235612804,10.264508825913442,NaN,-0.48329871953618553
2,1,82.23934146096175,10.263606187497212,NaN,-0.48340538016669393
2,1,82.31005056534275,10.262703044877915,NaN,-0.48351198968419096
2,1,82.38075966927443,10.261799400645678,NaN,-0.48361854816461247
2,1,82.45146877276015,10.260895257380387,NaN,-0.4837250556837109
2,1,82.5221778758033,10.259990617651699,NaN,-0.4838315123170427
2,1,82.59288697840722,10.25908548401909,NaN,-0.4839379181399893
2,1,82.6635960805753,10.258179859031912,NaN,-0.48404427322774257
2,1,82.73430518231088,10.257273745229435,NaN,-0.4841505776553099
2,1,82.80501428361731,10.256367145140887,NaN,-0.4842568314975114
2,1,82.87572338449795,10.25546006128549,NaN,-0.4843630348289929
2,1,82.94643248495612,10.254552496172522,NaN,-0.4844691877242132
2,1,83.01714158499516,10.253644452301367,NaN,-0.48457529025744867
2,1,83.0878506846184,10.252735932161519,NaN,-0.4846813425027905
2,1,83.15855978382916,10.25182693823268,NaN,-0.4847873445341593
2,1,83.22926888263076,10.250917472984746,NaN,-0.48489329642528817
2,1,83.29997798102652,10.250007538877906,NaN,-0.4849991982497358
2,1,83.37068707901972,10.249097138362659,NaN,-0.4851050500808729
2,1,83.44139617661367,10.248186273879835,NaN,-0.48521085199190694
2,1,83.51210527381166,10.247274947860687,NaN,-0.48531660405585414
2,1,83.58281437061699,10.246363162726873,NaN,-0.48542230634556227
2,1,83.65352346703293,10.245450920890583,NaN,-0.4855279589336967
2,1,83.72423256306276,10.244538224754468,NaN,-0.4856335618927521
2,1,83.79494165870975,10.243625076711785,NaN,-0.48573911529504876
2,1,83.86565075397716,10.242711479146386,NaN,-0.4858446192127281
2,1,83.93635984886825,10.241797434432774,NaN,-0.4859500737177555
2,1,84.00706894338627,10.240882944936132,NaN,-0.48605547888193124
2,1,84.07777803753447,10.239968013012358,NaN,-0.4861608347768802
2,1,84.14848713131607,10.239052641008165,NaN,-0.4862661414740504
2,1,84.21919622473433,10.23813683126104,NaN,-0.4863713990447196
2,1,84.28990531779246,10.237220586099314,NaN,-0.4864766075600007
2,1,84.36061441049368,10.236303907842245,NaN,-0.4865817670908288
2,1,84.43132350284121,10.235386798799988,NaN,-0.4866868777079726
2,1,84.50203259483824,10.234469261273698,NaN,-0.48679193948203314
2,1,84.57274168648799,10.233551297555488,NaN,-0.48689695248343795
2,1,84.64345077779365,10.23263290992859,NaN,-0.4870019167824467
2,1,84.7141598687584,10.23171410066727,NaN,-0.4871068324491582
2,1,84.78486895938543,10.230794872036947,NaN,-0.4872116995535
2,1,84.85557804967792,10.229875226294208,NaN,-0.48731651816522836
2,1,84.92628713963903,10.228955165686818,NaN,-0.4874212883539407
2,1,84.99699622927193,10.228034692453805,NaN,-0.48752601018906644
2,1,85.06770531857977,10.227113808825475,NaN,-0.4876306837398702
2,1,85.13841440756569,10.226192517023462,NaN,-0.4877353090754517
2,1,85.20912349623285,10.22527081926073,NaN,-0.4878398862647484
2,1,85.27983258458438,10.224348717741668,NaN,-0.48794441537653055
2,1,85.35054167262341,10.223426214662071,NaN,-0.4880488964794122
2,1,85.42125076035306,10.222503312209213,NaN,-0.48815332964184155
2,1,85.49195984777644,10.221580012561882,NaN,-0.48825771493210035
2,1,85.56266893489668,10.220656317890382,NaN,-0.48836205241831976
2,1,85.63337802171687,10.219732230356634,NaN,-0.4884663421684661
2,1,85.7040871082401,10.218807752114124,NaN,-0.4885705842503395
2,1,85.77479619446947,10.21788288530805,NaN,-0.48867477873158843
2,1,85.84550528040806,10.216957632075239,NaN,-0.48877892567970116
2,1,85.91621436605894,10.216031994544279,NaN,-0.4888830251620008
2,1,85.98692345142518,10.215105974835513,NaN,-0.4889870772456629
2,1,86.05763253650986,10.21417957506106,NaN,-0.4890910819976976
2,1,86.128341621316,10.213252797324882,NaN,-0.4891950394849622
2,1,86.19905070584667,10.212325643722803,NaN,-0.48929894977415567
2,1,86.26975979010491,10.211398116342552,NaN,-0.48940281293182164
2,1,86.34046887409376,10.210470217263792,NaN,-0.4895066290243509
2,1,86.41117795781624,10.209541948558144,NaN,-0.48961039811797324
2,1,86.48188704127537,10.208613312289243,NaN,-0.4897141202787705
2,1,86.55259612447418,10.20768431051276,NaN,-0.48981779557266925
2,1,86.62330520741565,10.206754945276444,NaN,-0.48992142406543604
2,1,86.69401429010281,10.205825218620152,NaN,-0.4900250058226969
2,1,86.76472337253864,10.204895132575851,NaN,-0.4901285409099144
2,1,86.83543245472612,10.20396468916773,NaN,-0.4902320293924052
2,1,86.90614153666823,10.203033890412149,NaN,-0.4903354713353309
2,1,86.97685061836795,10.202102738317732,NaN,-0.49043886680370563
2,1,87.04755969982824,10.201171234885347,NaN,-0.4905422158623948
2,1,87.11826878105207,10.200239382108196,NaN,-0.490645518576108
2,1,87.18897786204238,10.199307181971818,NaN,-0.4907487750094053
2,1,87.2596869428021,10.198374636454103,NaN,-0.49085198522670637
2,1,87.3303960233342,10.19744174752538,NaN,-0.49095514929227324
2,1,87.40110510364158,10.196508517148375,NaN,-0.49105826727022434
2,1,87.47181418372719,10.195574947278313,NaN,-0.4911613392245318
2,1,87.54252326359392,10.19464103986291,NaN,-0.4912643652190153
2,1,87.61323234324469,10.193706796842411,NaN,-0.4913673453173543
2,1,87.68394142268241,10.19277222014964,NaN,-0.491470279583077
2,1,87.75465050190996,10.191837311709998,NaN,-0.4915731680795716
2,1,87.82535958093024,10.190902073441526,NaN,-0.4916760108700744
2,1,87.89606865974612,10.189966507254937,NaN,-0.49177880801768115
2,1,87.96677773836048,10.18903061505359,NaN,-0.49188155958534596
2,1,88.03748681677618,10.188094398733613,NaN,-0.4919842656358717
2,1,88.10819589499607,10.187157860183849,NaN,-0.4920869262319231
2,1,88.17890497302302,10.186221001285956,NaN,-0.4921895414360211
2,1,88.24961405085988,10.185283823914382,NaN,-0.49229211131054634
2,1,88.32032312850946,10.184346329936435,NaN,-0.4923946359177345
2,1,88.39103220597461,10.183408521212268,NaN,-0.4924971153196783
2,1,88.46174128325815,10.182470399594964,NaN,-0.49259954957833274
2,1,88.53245036036289,10.181531966930535,NaN,-0.4927019387555135
2,1,88.60315943729164,10.180593225057954,NaN,-0.49280428291289136
2,1,88.67386851404721,10.17965417580918,NaN,-0.49290658211199967
2,1,88.74457759063239,10.1787148210092,NaN,-0.49300883641423443
2,1,88.81528666704996,10.177775162476044,NaN,-0.4931110458808514
2,1,88.88599574330271,10.17683520202083,NaN,-0.49321321057296813
2,1,88.95670481939341,10.175894941447805,NaN,-0.4933153305515588
2,1,89.02741389532481,10.174954382554306,NaN,-0.49341740587747107
2,1,89.0981229710997,10.174013527130896,NaN,-0.4935194366114055
2,1,89.16883204672081,10.173072376961283,NaN,-0.49362142281393295
2,1,89.23954112219089,10.172130933822428,NaN,-0.49372336454548227
2,1,89.31025019751266,10.171189199484527,NaN,-0.49382526186635367
2,1,89.38095927268887,10.170247175711081,NaN,-0.4939271148367026
2,1,89.45166834772223,10.169304864258883,NaN,-0.49402892351655536
2,1,89.52237742261546,10.16836226687806,NaN,-0.49413068796580556
2,1,89.59308649737126,10.167419385312117,NaN,-0.49423240824420744
2,1,89.66379557199234,10.166476221297936,NaN,-0.49433408441138893
2,1,89.73450464648138,10.165532776565835,NaN,-0.49443571652683527
2,1,89.8052137208411,10.164589052839567,NaN,-0.4945373046499071
2,1,89.87592279507413,10.163645051836362,NaN,-0.4946388488398258
2,1,89.94663186918318,10.162700775266956,NaN,-0.49474034915568665
2,1,90.0173409431709,10.161756224835612,NaN,-0.49484180565644864
2,1,90.08805001703993,10.160811402240153,NaN,-0.49494321840094346
2,1,90.15875909079296,10.159866309171978,NaN,-0.49504458744787017
2,1,90.22946816443259,10.158920947316075,NaN,-0.49514591285579757
2,1,90.30017723796148,10.15797531835112,NaN,-0.4952471946831631
2,1,90.37088631138225,10.157029423949398,NaN,-0.49534843298827724
2,1,90.44159538469752,10.156083265776925,NaN,-0.4954496278293189
2,1,90.5123044579099,10.155136845493384,NaN,-0.49555077926434
2,1,90.58301353102202,10.154190164752249,NaN,-0.4956518873512634
2,1,90.65372260403646,10.15324322520072,NaN,-0.4957529521478876
2,1,90.7244316769558,10.152296028479807,NaN,-0.4958539737118719
2,1,90.79514074978265,10.151348576224343,NaN,-0.4959549521007623
2,1,90.86584982251956,10.150400870062985,NaN,-0.49605588737197004
2,1,90.93655889516913,10.149452911618276,NaN,-0.4961567795827837
2,1,91.00726796773391,10.148504702506653,NaN,-0.49625762879036306
2,1,91.07797704021645,10.147556244338446,NaN,-0.4963584350517435
2,1,91.1486861126193,10.14660753871797,NaN,-0.4964591984238347
2,1,91.21939518494501,10.14565858724347,NaN,-0.4965599189634203
2,1,91.2901042571961,10.144709391507208,NaN,-0.49666059672716556
2,1,91.36081332937512,10.143759953095458,NaN,-0.4967612317716038
2,1,91.43152240148457,10.142810273588525,NaN,-0.4968618241531484
2,1,91.50223147352696,10.141860354560809,NaN,-0.49696237392808895
2,1,91.5729405455048,10.140910197580782,NaN,-0.497062881152591
2,1,91.6436496174206,10.139959804211024,NaN,-0.49716334588269967
2,1,91.71435868927685,10.139009176008274,NaN,-0.49726376817433715
2,1,91.78506776107601,10.138058314523418,NaN,-0.49736414808330054
2,1,91.85577683282057,10.137107221301553,NaN,-0.49746448566527135
2,1,91.926485904513,10.136155897881958,NaN,-0.49756478097580636
2,1,91.99719497615577,10.135204345798169,NaN,-0.4976650340703403
2,1,92.06790404775133,10.134252566577972,NaN,-0.49776524500419117
2,1,92.13861311930212,10.133300561743434,NaN,-0.49786541383255545
2,1,92.2093221908106,10.132348332810935,NaN,-0.49796554061050763
2,1,92.28003126227918,10.13139588129117,NaN,-0.49806562539300786
2,1,92.3507403337103,10.130443208689202,NaN,-0.4981656682348925
2,1,92.42144940510639,10.129490316504468,NaN,-0.49826566919087983
2,1,92.49215847646984,10.128537206230783,NaN,-0.4983656283155766
2,1,92.56286754780307,10.12758387935639,NaN,-0.49846554566346185
2,1,92.63357661910847,10.126630337363997,NaN,-0.49856542128890097
2,1,92.70428569038843,10.125676581730744,NaN,-0.498665255246149
2,1,92.77499476164535,10.124722613928292,NaN,-0.49876504758933293
2,1,92.8457038328816,10.123768435422788,NaN,-0.49886479837247055
2,1,92.91641290409954,10.122814047674918,NaN,-0.49896450764946304
2,1,92.98712197530155,10.121859452139923,NaN,-0.499064175474093
2,1,93.05783104648997,10.120904650267633,NaN,-0.49916380190002896
2,1,93.12854011766714,10.119949643502459,NaN,-0.4992633869808244
2,1,93.19924918883542,10.118994433283437,NaN,-0.4993629307699192
2,1,93.26995825999714,10.118039021044254,NaN,-0.49946243332063694
2,1,93.34066733115462,10.117083408213253,NaN,-0.49956189468618983
2,1,93.4113764023102,10.11612759621347,NaN,-0.4996613149196757
2,1,93.48208547346617,10.115171586462639,NaN,-0.499760694074076
2,1,93.55279454462485,10.11421538037323,NaN,-0.4998600322022605
2,1,93.62350361578854,10.113258979352453,NaN,-0.49995932935698806
2,1,93.69421268695952,10.112302384802305,NaN,-0.5000585855909062
2,1,93.76492175814009,10.111345598119561,NaN,-0.5001578009565465
2,1,93.83563082933252,10.110388620695801,NaN,-0.5002569755063333
2,1,93.90633990053908,10.109431453917468,NaN,-0.500356109292575
2,1,93.97704897176204,10.108474099165836,NaN,-0.5004552023674707
2,1,94.04775804300367,10.107516557817059,NaN,-0.5005542547831126
2,1,94.1184671142662,10.106558831242186,NaN,-0.500653266591478
2,1,94.18917618555187,10.10560092080718,NaN,-0.5007522378444335
2,1,94.25988525686293,10.104642827872947,NaN,-0.5008511685937398
2,1,94.33059432820161,10.103684553795352,NaN,-0.5009500588910483
2,1,94.40130339957012,10.102726099925235,NaN,-0.5010489087878987
2,1,94.4720124709707,10.101767467608418,NaN,-0.5011477183357194
2,1,94.54272154240553,10.10080865818576,NaN,-0.5012464875858379
2,1,94.61343061387683,10.099849672993136,NaN,-0.5013452165894691
2,1,94.6841396853868,10.098890513361518,NaN,-0.5014439053977181
2,1,94.75484875693762,10.097931180616902,NaN,-0.5015425540615891
2,1,94.82555782853147,10.096971676080415,NaN,-0.5016411626319734
2,1,94.89626690017053,10.096012001068283,NaN,-0.5017397311596559
2,1,94.96697597185697,10.09505215689189,NaN,-0.5018382596953174
2,1,95.03768504359293,10.094092144857747,NaN,-0.5019367482895343
2,1,95.10839411538059,10.09313196626756,NaN,-0.5020351969927697
2,1,95.17910318722208,10.092171622418203,NaN,-0.5021336058553872
2,1,95.24981225911957,10.091211114601796,NaN,-0.5022319749276455
2,1,95.32052133107516,10.090250444105662,NaN,-0.5023303042596956
2,1,95.39123040309099,10.089289612212387,NaN,-0.5024285939015842
2,1,95.46193947516917,10.088328620199823,NaN,-0.5025268439032544
2,1,95.53264854731184,10.08736746934112,NaN,-0.5026250543145472
2,1,95.60335761952108,10.086406160904716,NaN,-0.5027232251851947
2,1,95.674066691799,10.085444696154378,NaN,-0.5028213565648302
2,1,95.7447757641477,10.084483076349233,NaN,-0.5029194485029853
2,1,95.81548483656927,10.08352130274375,NaN,-0.5030175010490803
2,1,95.88619390906578,10.08255937658779,NaN,-0.5031155142524413
2,1,95.9569029816393,10.081597299126612,NaN,-0.5032134881622903
2,1,96.02761205429191,10.080635071600891,NaN,-0.503311422827744
2,1,96.09832112702566,10.079672695246733,NaN,-0.5034093182978213
2,1,96.1690301998426,10.078710171295695,NaN,-0.5035071746214402
2,1,96.23973927274479,10.077747500974814,NaN,-0.503604991847413
2,1,96.31044834573426,10.076784685506615,NaN,-0.503702770024455
2,1,96.38115741881305,10.075821726109115,NaN,-0.5038005092011797
2,1,96.45186649198317,10.074858623995887,NaN,-0.5038982094260986
2,1,96.52257556524665,10.073895380375998,NaN,-0.5039958707476305
2,1,96.59328463860552,10.072931996454109,NaN,-0.5040934932140855
2,1,96.66399371206178,10.071968473430466,NaN,-0.5041910768736808
2,1,96.73470278561742,10.071004812500872,NaN,-0.5042886217745317
2,1,96.80541185927443,10.07004101485677,NaN,-0.5043861279646535
2,1,96.87612093303481,10.069077081685228,NaN,-0.5044835954919686
2,1,96.94683000690054,10.068113014168958,NaN,-0.5045810244042923
2,1,97.01753908087359,10.067148813486327,NaN,-0.5046784147493513
2,1,97.08824815495593,10.066184480811387,NaN,-0.5047757665747661
2,1,97.15895722914952,10.065220017313898,NaN,-0.504873079928071
2,1,97.22966630345633,10.064255424159319,NaN,-0.5049703548566882
2,1,97.30037537787828,10.063290702508832,NaN,-0.505067591407957
2,1,97.37108445241734,10.062325853519392,NaN,-0.5051647896291123
2,1,97.44179352707542,10.061360878343704,NaN,-0.5052619495672966
2,1,97.51250260185446,10.060395778130255,NaN,-0.5053590712695545
2,1,97.58321167675639,10.059430554023319,NaN,-0.5054561547828327
2,1,97.65392075178312,10.058465207163,NaN,-0.505553200153986
2,1,97.72462982693656,10.057499738685214,NaN,-0.5056502074297757
2,1,97.79533890221862,10.05653414972174,NaN,-0.5057471766568631
2,1,97.86604797763118,10.055568441400204,NaN,-0.5058441078818179
2,1,97.93675705317615,10.054602614844129,NaN,-0.5059410011511158
2,1,98.0074661288554,10.053636671172907,NaN,-0.5060378565111344
2,1,98.07817520467081,10.05267061150186,NaN,-0.506134674008165
2,1,98.14888428062427,10.051704436942233,NaN,-0.5062314536883967
2,1,98.21959335671762,10.050738148601196,NaN,-0.5063281955979337
2,1,98.29030243295274,10.049771747581904,NaN,-0.5064248997827788
2,1,98.36101150933148,10.04880523498347,NaN,-0.5065215662888487
2,1,98.43172058585567,10.047838611900977,NaN,-0.506618195161966
2,1,98.50242966252716,10.046871879425554,NaN,-0.5067147864478592
2,1,98.5731387393478,10.045905038644324,NaN,-0.5068113401921646
2,1,98.6438478163194,10.044938090640441,NaN,-0.5069078564404313
2,1,98.71455689344377,10.043971036493126,NaN,-0.50700433523811
2,1,98.78526597072275,10.043003877277668,NaN,-0.5071007766305642
2,1,98.85597504815813,10.042036614065402,NaN,-0.507197180663069
2,1,98.92668412575173,10.041069247923804,NaN,-0.5072935473808046
2,1,98.99739320350534,10.040101779916426,NaN,-0.507389876828864
2,1,99.06810228142075,10.03913421110297,NaN,-0.5074861690522446
2,1,99.13881135949974,10.03816654253928,NaN,-0.5075824240958591
2,1,99.2095204377441,10.037198775277341,NaN,-0.5076786420045282
2,1,99.2802295161556,10.036230910365319,NaN,-0.5077748228229845
2,1,99.350938594736,10.035262948847555,NaN,-0.5078709665958682
2,1,99.42164767348704,10.034294891764596,NaN,-0.5079670733677389
2,1,99.49235675241052,10.033326740153212,NaN,-0.5080631431830563
2,1,99.56306583150815,10.032358495046404,NaN,-0.5081591760861974
2,1,99.6337749107817,10.031390157473396,NaN,-0.5082551721214525
2,1,99.70448399023289,10.030421728459686,NaN,-0.5083511313330236
2,1,99.77519306986345,10.029453209027054,NaN,-0.5084470537650185
2,1,99.8459021496751,10.028484600193538,NaN,-0.5085429394614679
2,1,99.91661122966957,10.027515902973512,NaN,-0.5086387884663044
2,1,99.98732030984856,10.026547118377636,NaN,-0.5087346008233848
2,1,100.05802939021378,10.025578247412932,NaN,-0.5088303765764703
2,1,100.12873847076693,10.024609291082719,NaN,-0.508926115769238
2,1,100.1994475515097,10.023640250386732,NaN,-0.5090218184452823
2,1,100.2701566324438,10.022671126321017,NaN,-0.509117484648105
2,1,100.34086571357089,10.02170191987806,NaN,-0.5092131144211298
2,1,100.41157479489264,10.020732632046704,NaN,-0.5093087078076887
2,1,100.48228387641075,10.019763263812234,NaN,-0.5094042648510312
2,1,100.55299295812685,10.018793816156347,NaN,-0.5094997855943211
2,1,100.62370204004262,10.017824290057188,NaN,-0.5095952700806357
2,1,100.6944111221597,10.016854686489342,NaN,-0.5096907183529724
2,1,100.76512020447976,10.01588500642388,NaN,-0.509786130454239
2,1,100.83582928700442,10.014915250828345,NaN,-0.5098815064272634
2,1,100.90653836973532,10.013945420666776,NaN,-0.5099768463147869
2,1,100.97724745267408,10.012975516899711,NaN,-0.5100721501594634
2,1,101.04795653582234,10.012005540484227,NaN,-0.5101674180038758
2,1,101.11866561918171,10.011035492373924,NaN,-0.5102626498905103
2,1,101.18937470275381,10.01006537351895,NaN,-0.5103578458617744
2,1,101.26008378654024,10.009095184866,NaN,-0.510453005959999
2,1,101.33079287054258,10.00812492735838,NaN,-0.5105481302274226
2,1,101.40150195476245,10.00715460193594,NaN,-0.5106432187062073
2,1,101.47221103920144,10.006184209535157,NaN,-0.5107382714384322
2,1,101.54292012386112,10.005213751089107,NaN,-0.5108332884660947
2,1,101.61362920874308,10.004243227527494,NaN,-0.5109282698311114
2,1,101.68433829384888,10.003272639776684,NaN,-0.5110232155753113
2,1,101.7550473791801,10.002301988759644,NaN,-0.5111181257404523
2,1,101.82575646473829,10.001331275396051,NaN,-0.5112130003682036
2,1,101.89646555052501,10.000360500602227,NaN,-0.5113078395001565
2,1,101.9671746365418,9.999389665291186,NaN,-0.5114026431778215
2,1,102.03788372279021,9.998418770372684,NaN,-0.5114974114426266
2,1,102.10859280927178,9.997447816753137,NaN,-0.5115921443359231
2,1,102.17930189598805,9.996476805335703,NaN,-0.5116868418989825
2,1,102.25001098294054,9.995505737020295,NaN,-0.5117815041729925
2,1,102.32072007013076,9.994534612703559,NaN,-0.5118761311990672
2,1,102.39142915756025,9.993563433278911,NaN,-0.5119707230182332
2,1,102.4621382452305,9.992592199636542,NaN,-0.5120652796714469
2,1,102.53284733314304,9.991620912663429,NaN,-0.5121598011995796
2,1,102.60355642129934,9.99064957324334,NaN,-0.5122542876434277
2,1,102.67426550970092,9.989678182256885,NaN,-0.5123487390437063
2,1,102.74497459834923,9.988706740581438,NaN,-0.5124431554410565
2,1,102.81568368724578,9.987735249091275,NaN,-0.5125375368760358
2,1,102.88639277639206,9.986763708657483,NaN,-0.5126318833891276
2,1,102.95710186578953,9.985792120148725,NaN,-0.5127261950207731
2,1,103.02781095543963,9.984820484428388,NaN,-0.5128204718112306
2,1,103.09852004534386,9.98384880235889,NaN,-0.5129147138007822
2,1,103.16922913550366,9.982877074798836,NaN,-0.5130089210296056
2,1,103.23993822592047,9.981905302603725,NaN,-0.513103093537794
2,1,103.31064731659575,9.98093348662598,NaN,-0.5131972313653701
2,1,103.38135640753094,9.979961627714953,NaN,-0.513291334552276
2,1,103.45206549872748,9.978989726716929,NaN,-0.513385403138383
2,1,103.52277459018678,9.97801778447516,NaN,-0.5134794371634801
2,1,103.59348368191029,9.977045801829844,NaN,-0.5135734366672836
2,1,103.6641927738994,9.976073779618158,NaN,-0.5136674016894358
2,1,103.73490186615554,9.975101718674276,NaN,-0.5137613322694974
2,1,103.8056109586801,9.97412961982934,NaN,-0.5138552284469641
2,1,103.87632005147451,9.973157483911546,NaN,-0.5139490902612491
2,1,103.94702914454015,9.97218531174606,NaN,-0.5140429177516931
2,1,104.01773823787842,9.971213104155124,NaN,-0.51413671095756
2,1,104.0884473314907,9.97024086195798,NaN,-0.5142304699180453
2,1,104.15915642537837,9.96926858597096,NaN,-0.5143241946722648
2,1,104.22986551954281,9.968296277007408,NaN,-0.5144178852592612
2,1,104.3005746139854,9.967323935877811,NaN,-0.5145115417180053
2,1,104.3712837087075,9.966351563389685,NaN,-0.5146051640873929
2,1,104.44199280371046,9.965379160347673,NaN,-0.5146987524062476
2,1,104.51270189899566,9.964406727553508,NaN,-0.5147923067133187
2,1,104.58341099456442,9.96343426580605,NaN,-0.5148858270472818
2,1,104.6541200904181,9.962461775901277,NaN,-0.514979313446743
2,1,104.72482918655805,9.961489258632316,NaN,-0.5150727659502342
2,1,104.7955382829856,9.960516714789446,NaN,-0.5151661845962133
2,1,104.86624737970209,9.959544145160093,NaN,-0.5152595694230631
2,1,104.93695647670881,9.95857155052886,NaN,-0.5153529204691052
2,1,105.00766557400712,9.957598931677541,NaN,-0.5154462377725816
2,1,105.07837467159831,9.956626289385099,NaN,-0.5155395213716594
2,1,105.14908376948371,9.955653624427715,NaN,-0.5156327713044401
2,1,105.21979286766461,9.954680937578786,NaN,-0.515725987608956
2,1,105.29050196614232,9.953708229608912,NaN,-0.5158191703231604
2,1,105.36121106491812,9.952735501285954,NaN,-0.5159123194849421
2,1,105.43192016399333,9.95176275337498,NaN,-0.5160054351321139
2,1,105.5026292633692,9.950789986638345,NaN,-0.5160985173024252
2,1,105.57333836304703,9.949817201835646,NaN,-0.5161915660335508
2,1,105.64404746302809,9.948844399723768,NaN,-0.5162845813630949
2,1,105.71475656331366,9.947871581056866,NaN,-0.5163775633285883
2,1,105.78546566390499,9.946898746586388,NaN,-0.5164705119675028
2,1,105.85617476480336,9.94592589706109,NaN,-0.5165634273172308
2,1,105.92688386601,9.94495303322706,NaN,-0.5166563094150965
2,1,105.99759296752619,9.943980155827667,NaN,-0.5167491582983599
2,1,106.06830206935315,9.943007265603653,NaN,-0.5168419740042092
2,1,106.13901117149214,9.942034363293073,NaN,-0.5169347565697597
2,1,106.20972027394438,9.94106144963137,NaN,-0.5170275060320653
2,1,106.28042937671113,9.940088525351293,NaN,-0.517120222428107
2,1,106.35113847979359,9.93911559118302,NaN,-0.5172129057947961
2,1,106.42184758319299,9.938142647854084,NaN,-0.5173055561689786
2,1,106.49255668691055,9.937169696089411,NaN,-0.5173981735874313
2,1,106.56326579094747,9.93619673661132,NaN,-0.5174907580868645
2,1,106.63397489530497,9.935223770139556,NaN,-0.5175833097039202
2,1,106.70468399998425,9.934250797391275,NaN,-0.5176758284751704
2,1,106.77539310498652,9.93327781908106,NaN,-0.5177683144371241
2,1,106.84610221031295,9.932304835920927,NaN,-0.5178607676262192
2,1,106.91681131596475,9.931331848620358,NaN,-0.5179531880788303
2,1,106.98752042194309,9.930358857886292,NaN,-0.5180455758312621
2,1,107.05822952824916,9.929385864423104,NaN,-0.5181379309197549
2,1,107.12893863488412,9.928412868932677,NaN,-0.5182302533804798
2,1,107.19964774184916,9.92743987211435,NaN,-0.5183225432495435
2,1,107.27035684914543,9.926466874664996,NaN,-0.51841480056299
2,1,107.3410659567741,9.925493877278937,NaN,-0.5185070253567873
2,1,107.41177506473632,9.924520880648071,NaN,-0.5185992176668508
2,1,107.48248417303324,9.923547885461751,NaN,-0.5186913775290194
2,1,107.55319328166601,9.922574892406914,NaN,-0.5187835049790739
2,1,107.62390239063578,9.921601902168009,NaN,-0.5188756000527255
2,1,107.69461149994368,9.920628915427038,NaN,-0.5189676627856201
2,1,107.76532060959084,9.91965593286356,NaN,-0.5190596932133408
2,1,107.8360297195784,9.918682955154697,NaN,-0.5191516913714054
2,1,107.90673882990748,9.917709982975154,NaN,-0.5192436572952701
2,1,107.9774479405792,9.916737016997208,NaN,-0.5193355910203166
2,1,108.04815705159467,9.91576405789075,NaN,-0.5194274925818736
2,1,108.11886616295502,9.914791106323241,NaN,-0.5195193620152048
2,1,108.18957527466132,9.913818162959771,NaN,-0.5196111993555013
2,1,108.2602843867147,9.91284522846305,NaN,-0.5197030046378949
2,1,108.33099349911626,9.911872303493404,NaN,-0.5197947778974578
2,1,108.40170261186708,9.910899388708806,NaN,-0.5198865191691935
2,1,108.47241172496825,9.909926484764863,NaN,-0.5199782284880438
2,1,108.54312083842086,9.908953592314841,NaN,-0.52006990588889
2,1,108.61382995222598,9.90798071200966,NaN,-0.5201615514065439
2,1,108.6845390663847,9.907007844497922,NaN,-0.5202531650757619
2,1,108.75524818089808,9.906034990425903,NaN,-0.5203447469312338
2,1,108.82595729576718,9.905062150437546,NaN,-0.5204362970075855
2,1,108.89666641099308,9.904089325174523,NaN,-0.5205278153393873
2,1,108.96737552657683,9.90311651527618,NaN,-0.5206193019611369
2,1,109.0380846425195,9.902143721379579,NaN,-0.5207107569072782
2,1,109.1087937588221,9.90117094411952,NaN,-0.5208021802121915
2,1,109.17950287548571,9.90019818412851,NaN,-0.5208935719101911
2,1,109.25021199251135,9.899225442036805,NaN,-0.5209849320355383
2,1,109.32092110990007,9.898252718472396,NaN,-0.5210762606224215
2,1,109.3916302276529,9.897280014061026,NaN,-0.5211675577049791
2,1,109.46233934577086,9.89630732942622,NaN,-0.521258823317283
2,1,109.53304846425499,9.895334665189221,NaN,-0.5213500574933426
2,1,109.6037575831063,9.894362021969107,NaN,-0.5214412602671088
2,1,109.6744667023258,9.893389400382715,NaN,-0.5215324316724714
2,1,109.74517582191451,9.892416801044655,NaN,-0.5216235717432576
2,1,109.81588494187343,9.891444224567369,NaN,-0.521714680513242
2,1,109.88659406220357,9.890471671561084,NaN,-0.5218057580161324
2,1,109.95730318290592,9.889499142633856,NaN,-0.5218968042855692
2,1,110.02801230398147,9.888526638391562,NaN,-0.521987819355151
2,1,110.09872142543122,9.887554159437913,NaN,-0.522078803258403
2,1,110.16943054725616,9.886581706374447,NaN,-0.5221697560287938
2,1,110.24013966945726,9.885609279800557,NaN,-0.5222606776997352
2,1,110.31084879203551,9.884636880313497,NaN,-0.5223515683045781
2,1,110.38155791499189,9.883664508508378,NaN,-0.5224424278766107
2,1,110.45226703832735,9.882692164978172,NaN,-0.5225332564490688
2,1,110.52297616204287,9.881719850313745,NaN,-0.5226240540551252
2,1,110.59368528613939,9.88074756510383,NaN,-0.5227148207278944
2,1,110.66439441061789,9.87977530993507,NaN,-0.5228055565004334
2,1,110.73510353547931,9.878803085392004,NaN,-0.52289626140574
2,1,110.80581266072461,9.877830892057059,NaN,-0.5229869354767518
2,1,110.87652178635473,9.87685873051061,NaN,-0.5230775787463533
2,1,110.94723091237061,9.875886601330937,NaN,-0.5231681912473669
2,1,111.0179400387732,9.874914505094239,NaN,-0.5232587730125544
2,1,111.08864916556342,9.873942442374666,NaN,-0.5233493240746303
2,1,111.15935829274221,9.872970413744316,NaN,-0.523439844466239
2,1,111.23006742031048,9.871998419773245,NaN,-0.523530334219976
2,1,111.30077654826916,9.871026461029428,NaN,-0.5236207933683779
2,1,111.37148567661916,9.870054538078865,NaN,-0.5237112219439207
2,1,111.44219480536141,9.869082651485481,NaN,-0.5238016199790301
2,1,111.5129039344968,9.868110801811207,NaN,-0.523891987506063
2,1,111.58361306402627,9.86713898961596,NaN,-0.5239823245573333
2,1,111.65432219395069,9.866167215457644,NaN,-0.5240726311650897
2,1,111.72503132427097,9.86519547989216,NaN,-0.5241629073615282
2,1,111.79574045498799,9.864223783473447,NaN,-0.5242531531787853
2,1,111.86644958610266,9.86325212675342,NaN,-0.5243433686489439
2,1,111.93715871761586,9.862280510282053,NaN,-0.5244335538040322
2,1,112.00786784952847,9.86130893460733,NaN,-0.5245237086760182
2,1,112.07857698184137,9.860337400275286,NaN,-0.5246138332968183
2,1,112.14928611455544,9.859365907829988,NaN,-0.5247039276982881
2,1,112.21999524767153,9.858394457813555,NaN,-0.5247939919122346
2,1,112.29070438119054,9.85742305076617,NaN,-0.5248840259704021
2,1,112.36141351511331,9.856451687226079,NaN,-0.5249740299044864
2,1,112.43212264944071,9.855480367729607,NaN,-0.525064003746124
2,1,112.50283178417361,9.854509092811133,NaN,-0.5251539475268968
2,1,112.57354091931283,9.853537863003156,NaN,-0.5252438612783323
2,1,112.64425005485924,9.852566678836242,NaN,-0.5253337450319058
2,1,112.71495919081369,9.851595540839075,NaN,-0.525423598819035
2,1,112.785668327177,9.850624449538408,NaN,-0.5255134226710847
2,1,112.85637746395003,9.849653405459154,NaN,-0.525603216619362
2,1,112.9270866011336,9.848682409124322,NaN,-0.5256929806951265
2,1,112.99779573872854,9.847711461055027,NaN,-0.5257827149295751
2,1,113.06850487673569,9.846740561770561,NaN,-0.5258724193538615
2,1,113.13921401515586,9.845769711788323,NaN,-0.5259620939990739
2,1,113.20992315398986,9.844798911623842,NaN,-0.5260517388962566
2,1,113.28063229323853,9.843828161790851,NaN,-0.5261413540763927
2,1,113.35134143290266,9.842857462801195,NaN,-0.526230939570418
2,1,113.42205057298307,9.841886815164903,NaN,-0.5263204954092153
2,1,113.49275971348057,9.84091621939017,NaN,-0.5264100216236065
2,1,113.56346885439595,9.839945675983369,NaN,-0.5264995182443684
2,1,113.63417799573001,9.83897518544906,NaN,-0.5265889853022206
2,1,113.70488713748355,9.838004748289991,NaN,-0.5266784228278327
2,1,113.77559627965736,9.837034365007103,NaN,-0.5267678308518207
2,1,113.84630542225223,9.836064036099557,NaN,-0.5268572094047463
2,1,113.91701456526893,9.835093762064695,NaN,-0.5269465585171218
2,1,113.98772370870824,9.834123543398091,NaN,-0.5270358782194058
2,1,114.05843285257096,9.833153380593547,NaN,-0.5271251685420039
2,1,114.12914199685784,9.83218327414308,NaN,-0.5272144295152713
2,1,114.19985114156965,9.831213224536942,NaN,-0.5273036611695114
2,1,114.27056028670718,9.830243232263637,NaN,-0.5273928635349726
2,1,114.34126943227116,9.829273297809905,NaN,-0.5274820366418549
2,1,114.41197857826238,9.828303421660747,NaN,-0.5275711805203078
2,1,114.48268772468157,9.827333604299406,NaN,-0.5276602952004295
2,1,114.55339687152949,9.826363846207407,NaN,-0.527749380712257
2,1,114.62410601880688,9.825394147864543,NaN,-0.5278384370857933
2,1,114.69481516651452,9.82442450974887,NaN,-0.5279274643509764
2,1,114.7655243146531,9.823454932336746,NaN,-0.5280164625377012
2,1,114.83623346322341,9.822485416102804,NaN,-0.5281054316758071
2,1,114.90694261222615,9.821515961519983,NaN,-0.5281943717950833
2,1,114.97765176166206,9.820546569059516,NaN,-0.528283282925273
2,1,115.04836091153187,9.819577239190929,NaN,-0.5283721650960638
2,1,115.11907006183631,9.818607972382093,NaN,-0.5284610183370959
2,1,115.1897792125761,9.817638769099167,NaN,-0.5285498426779602
2,1,115.26048836375195,9.816669629806649,NaN,-0.5286386381481935
2,1,115.33119751536458,9.815700554967362,NaN,-0.5287274047772847
2,1,115.4019066674147,9.814731545042475,NaN,-0.5288161425946752
2,1,115.47261581990304,9.813762600491472,NaN,-0.5289048516297553
2,1,115.54332497283028,9.812793721772216,NaN,-0.5289935319118617
2,1,115.61403412619711,9.811824909340917,NaN,-0.529082183470287
2,1,115.68474328000426,9.810856163652122,NaN,-0.5291708063342728
2,1,115.7554524342524,9.809887485158756,NaN,-0.5292594005330122
2,1,115.82616158894224,9.808918874312132,NaN,-0.5293479660956467
2,1,115.89687074407446,9.807950331561898,NaN,-0.5294365030512685
2,1,115.96757989964975,9.806981857356126,NaN,-0.5295250114289275
2,1,116.03828905566878,9.80601345214124,NaN,-0.5296134912576178
2,1,116.10899821213225,9.805045116362088,NaN,-0.5297019425662821
2,1,116.17970736904081,9.804076850461891,NaN,-0.5297903653838272
2,1,116.25041652639516,9.803108654882285,NaN,-0.5298787597391008
2,1,116.32112568419595,9.802140530063319,NaN,-0.5299671256609029
2,1,116.39183484244386,9.801172476443432,NaN,-0.5300554631779917
2,1,116.46254400113953,9.800204494459527,NaN,-0.5301437723190701
2,1,116.53325316028365,9.799236584546891,NaN,-0.5302320531127964
2,1,116.60396231987686,9.79826874713926,NaN,-0.5303203055877831
2,1,116.67467147991981,9.79730098266881,NaN,-0.5304085297725909
2,1,116.74538064041316,9.796333291566157,NaN,-0.5304967256957344
2,1,116.81608980135755,9.795365674260351,NaN,-0.5305848933856825
2,1,116.88679896275363,9.794398131178905,NaN,-0.5306730328708543
2,1,116.95750812460204,9.793430662747797,NaN,-0.5307611441796198
2,1,117.02821728690341,9.792463269391451,NaN,-0.5308492273403067
2,1,117.09892644965839,9.791495951532777,NaN,-0.5309372823811953
2,1,117.1696356128676,9.790528709593145,NaN,-0.5310253093305136
2,1,117.24034477653167,9.789561543992413,NaN,-0.5311133082164479
2,1,117.31105394065123,9.788594455148917,NaN,-0.5312012790671328
2,1,117.38176310522691,9.787627443479483,NaN,-0.5312892219106625
2,1,117.4524722702593,9.78666050939944,NaN,-0.5313771367750806
2,1,117.52318143574905,9.785693653322598,NaN,-0.5314650236883858
2,1,117.59389060169676,9.78472687566129,NaN,-0.5315528826785263
2,1,117.66459976810303,9.783760176826359,NaN,-0.5316407137734104
2,1,117.73530893496849,9.782793557227151,NaN,-0.5317285170008983
2,1,117.80601810229373,9.781827017271526,NaN,-0.5318162923888016
2,1,117.87672727007936,9.780860557365912,NaN,-0.5319040399648856
2,1,117.94743643832597,9.779894177915212,NaN,-0.5319917597568773
2,1,118.0,9.779175846140387,NaN,-0.5320569506352557
2,-1,20.0,9.48280989736908,NaN,-0.34711733697227565
2,-1,19.985886024978853,9.480948684319317,NaN,-0.34706072433458324
2,-1,19.965268499880867,9.478223955088845,NaN,-0.3469779565320099
2,-1,19.935925987473073,9.47433406500273,NaN,-0.34686002165836827
2,-1,19.894166437079516,9.468773439224945,NaN,-0.3466918925452021
2,-1,19.8347357063665,9.460809525770507,NaN,-0.34645203216009224
2,-1,19.76417245733512,9.451276515595291,NaN,-0.3461663420740498
2,-1,19.69361171577525,9.441659034071407,NaN,-0.34587967685114585
2,-1,19.6230535330824,9.431956142058505,NaN,-0.34559202706461395
2,-1,19.552497960213795,9.422166885923719,NaN,-0.3453033831349625
2,-1,19.48194504932407,9.41229029747318,NaN,-0.34501373533332536
2,-1,19.411394853798456,9.402325393660638,NaN,-0.3447230737782625
2,-1,19.340847428287045,9.392271176288821,NaN,-0.34399787440575574
2,-1,19.2703028287402,9.382126631703143,NaN,-0.3425073890180017
2,-1,19.1997611124451,9.371890730477627,NaN,-0.3410172070377628
2,-1,19.1292223380635,9.361562427092661,NaN,-0.33952732474667724
2,-1,19.058686565670744,9.351140659604525,NaN,-0.33803773835138107
2,-1,18.98815385679606,9.340624349306324,NaN,-0.3365484439816328
2,-1,18.917624274464227,9.330012400379907,NaN,-0.3350594376884114
2,-1,18.847097883238632,9.319303699538835,NaN,-0.3335707154419144
2,-1,18.77657474926578,9.308497115661654,NaN,-0.33208227312952826
2,-1,18.706054940321323,9.29759149941569,NaN,-0.330594106553706
2,-1,18.63553852585766,9.286585682870513,NaN,-0.32910621142979907
2,-1,18.56502557705317,9.275478479101094,NaN,-0.32761858338380007
2,-1,18.49451616686316,9.264268681780209,NaN,-0.326131217950032
2,-1,18.424010370072562,9.252955064759655,NaN,-0.32464411056873954
2,-1,18.353508263350488,9.241536381640044,NaN,-0.3231572565836204
2,-1,18.283009925306697,9.23001136532862,NaN,-0.3216706512392684
2,-1,18.212515436550053,9.218378727584868,NaN,-0.32018428967852275
2,-1,18.142024879749062,9.206637158553326,NaN,-0.31869816693974057
2,-1,18.071538339694584,9.194785326283313,NaN,-0.3172122779539697
2,-1,18.001055903364776,9.182821876234936,NaN,-0.3157266175420314
2,-1,17.93057765999241,9.170745430771095,NaN,-0.31424118041149074
2,-1,17.860103701134612,9.15855458863488,NaN,-0.3127559611535385
2,-1,17.789634120745184,9.14624792441175,NaN,-0.311270954239752
2,-1,17.719169015249555,9.133823987976157,NaN,-0.30978615401875
2,-1,17.64870848362253,9.121281303921943,NaN,-0.3083015547127197
2,-1,17.578252627468935,9.10861837097583,NaN,-0.3068171504138362
2,-1,17.507801551107264,9.09583366139357,NaN,-0.3053329350805377
2,-1,17.437355361656508,9.082925620337967,NaN,-0.3038489025336716
2,-1,17.36691416912627,9.069892665238118,NaN,-0.3023650464525093
2,-1,17.296478086510312,9.056733185129298,NaN,-0.3008813603706016
2,-1,17.226047229883704,9.043445539972549,NaN,-0.29939783767148825
2,-1,17.155621718503753,9.030028059953349,NaN,-0.2979144715842482
2,-1,17.08520167491482,9.016479044758489,NaN,-0.2964312551788807
2,-1,17.014787225057294,9.002796762830403,NaN,-0.294948181361514
2,-1,16.944378498380825,8.988979450597958,NaN,-0.2934652428694349
2,-1,16.87397562796208,8.975025311682785,NaN,-0.29198243226591547
2,-1,16.803578750627196,8.960932516080323,NaN,-0.2904997419348565
2,-1,16.733188007079185,8.946699199314411,NaN,-0.28901716407521516
2,-1,16.662803542030485,8.932323461564367,NaN,-0.2875346906952084
2,-1,16.592425504340916,8.917803366763613,NaN,-0.28605231360629685
2,-1,16.522054047161348,8.903136941668413,NaN,-0.2845700244169226
2,-1,16.451689328083276,8.888322174895734,NaN,-0.28308781452600074
2,-1,16.381331509294668,8.873357015928763,NaN,-0.2816056751161405
2,-1,16.310980757742332,8.858239374088868,NaN,-0.28012359714659696
2,-1,16.24063724530119,8.842967117472373,NaN,-0.2786415713459278
2,-1,16.170301148950742,8.827538071850991,NaN,-0.27715958820434583
2,-1,16.09997265095913,8.811950019533885,NaN,-0.27567763796575684
2,-1,16.02965193907517,8.796200698190086,NaN,-0.2741957106194509
2,-1,15.959339206728743,8.780287799629338,NaN,-0.27271379589145234
2,-1,15.889034653240037,8.764208968539512,NaN,-0.2712318832354931
2,-1,15.818738484038018,8.747961801178771,NaN,-0.26974996182359046
2,-1,15.748450910888696,8.73154384402022,NaN,-0.268268020536222
2,-1,15.678172152133643,8.714952592347196,NaN,-0.26678604795206545
2,-1,15.607902432939357,8.698185488796558,NaN,-0.2653040323372795
2,-1,15.537641985558036,8.681239921847897,NaN,-0.26382196163430865
2,-1,15.467391049600387,8.664113224255845,NaN,-0.262339823450181
2,-1,15.39714987232113,8.646802671422988,NaN,-0.260857605044268
2,-1,15.326918708917908,8.629305479710442,NaN,-0.2593752933154893
2,-1,15.256697822844355,8.611618804683077,NaN,-0.2578928747889174
2,-1,15.186487486138105,8.593739739286265,NaN,-0.2564103356017519
2,-1,15.116287979764618,8.575665311950647,NaN,-0.2549276614886443
2,-1,15.046099593977715,8.557392484621458,NaN,-0.2534448377663013
2,-1,14.975922628697814,8.538918150708575,NaN,-0.25196184931736654
2,-1,14.905757393908882,8.52023913295309,NaN,-0.25047868057350386
2,-1,14.835604210075221,8.501352181206517,NaN,-0.24899531549765835
2,-1,14.765463408579297,8.482253970117489,NaN,-0.24751173756543343
2,-1,14.695335332181848,8.4629410967217,NaN,-0.2460279297455384
2,-1,14.62522033550567,8.443410077929446,NaN,-0.24454387447924447
2,-1,14.555118785544506,8.423657347905602,NaN,-0.2430595536587947
2,-1,14.485031062198638,8.40367925533603,NaN,-0.2415749486047003
2,-1,14.414957558838843,8.383472060574084,NaN,-0.2400900400418538
2,-1,14.344898682900524,8.363031932660821,NaN,-0.23860480807438422
2,-1,14.274854856509979,8.342354946211513,NaN,-0.23711923215917574
2,-1,14.204826517144864,8.321437078160999,NaN,-0.23563329107797049
2,-1,14.134814118331143,8.300274204359809,NaN,-0.2341469629079455
2,-1,14.06481813037892,8.278862096012087,NaN,-0.2326602249906885
2,-1,13.994839041159803,8.257196415946359,NaN,-0.2311730538994432
2,-1,13.9248773569286,8.235272714708765,NaN,-0.22968542540452774
2,-1,13.854933603192428,8.213086426468362,NaN,-0.22819731443679117
2,-1,13.785008325630523,8.190632864722742,NaN,-0.22670869504897687
2,-1,13.715102091068353,8.16790721779167,NaN,-0.22521954037484979
2,-1,13.64521548850989,8.144904544085461,NaN,-0.22372982258593122
2,-1,13.57534913023227,8.121619767133677,NaN,-0.22223951284567378
2,-1,13.505503652947395,8.098047670358785,NaN,-0.22074858126088318
2,-1,13.435679719035456,8.074182891578008,NaN,-0.21925699683021319
2,-1,13.365878017855778,8.050019917215424,NaN,-0.21776472738948513
2,-1,13.296099267140873,8.025553076204938,NaN,-0.2162717395536311
2,-1,13.226344214480116,8.000776533562941,NaN,-0.21477799865498398
2,-1,13.156613638900062,7.975684283608017,NaN,-0.21328346867764897
2,-1,13.086908352549052,7.950270142802887,NaN,-0.21178811218766372
2,-1,13.0172292024945,7.924527742191922,NaN,-0.21029189025859396
2,-1,12.94757707264202,7.898450519404989,NaN,-0.2087947623922416
2,-1,12.877952885786495,7.872031710196016,NaN,-0.20729668643404986
2,-1,12.808357605806119,7.845264339481885,NaN,-0.2057976184827907
2,-1,12.738792240011584,7.818141211843902,NaN,-0.20429751279406191
2,-1,12.66925784166382,7.790654901450951,NaN,-0.20279632167709516
2,-1,12.599755512675037,7.762797741359527,NaN,-0.20129399538429252
2,-1,12.530286406509397,7.734561812141524,NaN,-0.19979048199289812
2,-1,12.460851731301352,7.705938929786003,NaN,-0.1982857272781156
2,-1,12.391452753211626,7.676920632816212,NaN,-0.19677967457692375
2,-1,12.322090800043007,7.647498168556836,NaN,-0.19527226464177544
2,-1,12.252767265140601,7.617662478480373,NaN,-0.19376343548326688
2,-1,12.183483611603924,7.5874041825541605,NaN,-0.1922531222007733
2,-1,12.114241376841425,7.556713562501387,NaN,-0.19074125679994425
2,-1,12.045042177501559,7.525580543880398,NaN,-0.18922776799582028
2,-1,11.975887714818594,7.493994676876458,NaN,-0.1877125810002075
2,-1,11.906779780415972,7.461945115688397,NaN,-0.18619561729178802
2,-1,11.837720262615266,7.4294205963800515,NaN,-0.18467679436726997
2,-1,11.768711153304864,7.396409413051078,NaN,-0.1831560254716898
2,-1,11.699754555429351,7.362899392165992,NaN,-0.18163321930575005
2,-1,11.630852691168533,7.328877864860699,NaN,-0.18010827970783536
2,-1,11.56200791088414,7.294331637025118,NaN,-0.17858110530804724
2,-1,11.493222702922836,7.259246956935552,NaN,-0.17705158915128477
2,-1,11.42449970437631,7.223609480183386,NaN,-0.17551961828601387
2,-1,11.355841712913408,7.187404231614325,NaN,-0.17398507331495094
2,-1,11.287251699815748,7.150615563956595,NaN,-0.17244782790337865
2,-1,11.218732824367478,7.11322711277426,NaN,-0.17090774824026234
2,-1,11.15028844977235,7.075221747333999,NaN,-0.1693646924466778
2,-1,11.081922160797722,7.036581516918018,NaN,-0.1678185099252991
2,-1,11.013637783376247,6.99728759205127,NaN,-0.16626904064383718
2,-1,10.945439406432808,6.957320200036713,NaN,-0.16471611434429134
2,-1,10.877331406247926,6.916658554105005,NaN,-0.16315954966869864
2,-1,10.80931847372083,6.875280775383909,NaN,-0.16159915319069376
2,-1,10.741405644957512,6.8331638067732685,NaN,-0.16003471834055244
2,-1,10.673598335683545,6.790283317672207,NaN,-0.15846602420952274
2,-1,10.605902380071203,6.746613598340472,NaN,-0.1568928342169778
2,-1,10.53832407467896,6.702127442481191,NaN,-0.15531489462130096
2,-1,10.470870228333302,6.6567960164020175,NaN,-0.15373193285227285
2,-1,10.403548218943799,6.610588712836952,NaN,-0.15214365563898605
2,-1,10.33636605843975,6.563472987183581,NaN,-0.15054974690288897
2,-1,10.269332467260273,6.515414173517614,NaN,-0.14894986538020652
2,-1,10.202456960131173,6.466375277274835,NaN,-0.1473436419316058
2,-1,10.135749945238132,6.416316740919834,NaN,-0.14573067648926025
2,-1,10.069222839376836,6.365196178231057,NaN,-0.14411053458213802
2,-1,10.002888202255212,6.3129680719911185,NaN,-0.14248274336904593
2,-1,9.936759893877321,6.25958342884674,NaN,-0.1408467870951881
2,-1,9.870853259902681,6.204989383846399,NaN,-0.1392021018712224
2,-1,9.805185351115597,6.149128745619963,NaN,-0.13754806965323807
2,-1,9.739775184747876,6.091939471260665,NaN,-0.13588401127688465
2,-1,9.674644057500572,6.03335405761494,NaN,-0.13420917836793406
2,-1,9.609815922880113,5.973298832766792,NaN,-0.1325227439135072
2,-1,9.545317849144745,5.911693127881056,NaN,-0.13082379123147844
2,-1,9.481180579092722,5.848448305074947,NaN,-0.12911130101838764
2,-1,9.417439219604807,5.783466611421624,NaN,-0.12738413608658303
2,-1,9.354134097987961,5.716639822335118,NaN,-0.12564102331764326
2,-1,9.291311834783384,5.647847629239502,NaN,-0.1238805322605779
2,-1,9.229026700316153,5.576955716449442,NaN,-0.12210104969136827
2,-1,9.167342347118854,5.503813460710656,NaN,-0.12030074933221492
2,-1,9.106334045826397,5.428251174522015,NaN,-0.11847755582255062
2,-1,9.046091603279196,5.3500768031389185,NaN,-0.1166291019815035
2,-1,8.986723216055784,5.26907197964967,NaN,-0.11475267849253572
2,-1,8.928360622058756,5.184987352938359,NaN,-0.11284517556117976
2,-1,8.871166074329507,5.097537151628461,NaN,-0.11090301722651813
2,-1,8.815341899784443,5.006393079345386,NaN,-0.10892209162006314
2,-1,8.761143753874336,4.911177949275487,NaN,-0.10689768613398967
2,-1,8.708899174466152,4.811460159215386,NaN,-0.10482444836671008
2,-1,8.659033678417577,4.706751593400019,NaN,-0.10269641823024547
2,-1,8.612107297301794,4.596514636006685,NaN,-0.10050722609795483
2,-1,8.568864513803408,4.480190225727855,NaN,-0.09825064847706681
2,-1,8.53029809208019,4.357270645738487,NaN,-0.0959218879187287
2,-1,8.49771705185409,4.227459612756265,NaN,-0.09352020762701038
2,-1,8.472780035835816,4.090979772382488,NaN,-0.09105374061539084
2,-1,8.45739684832863,3.949056801707242,NaN,-0.08854664066814001
2,-1,8.453349080699663,3.804413557998359,NaN,-0.08604553072834342
2,-1,8.461608218007319,3.6612205914602973,NaN,-0.0836165342784771
2,-1,8.481771254657723,3.523966539182989,NaN,-0.08132582837493255
2,-1,8.51221605253103,3.3958624237885227,NaN,-0.07921534480134154
2,-1,8.55084827081804,3.2781828905143877,NaN,-0.07729527168425529
2,-1,8.595738464523285,3.170748227471395,NaN,-0.07555408492055948
2,-1,8.64535884834727,3.072678573300337,NaN,-0.07397129750974316
2,-1,8.698572975595432,2.982893450967656,NaN,-0.07252518171437636
2,-1,8.754551706455942,2.900344748495426,NaN,-0.07119598868664238
2,-1,8.812689700310415,2.824100176293331,NaN,-0.06996683575853142
2,-1,8.872540679253198,2.7533599746800115,NaN,-0.06882364568601712
2,-1,8.933771123933985,2.687447928483833,NaN,-0.06775477820986539
2,-1,8.996128038793096,2.6257945591908287,NaN,-0.06675061079948756
2,-1,9.059416621790344,2.5679196431498337,NaN,-0.065803158771304
2,-1,9.123484711401806,2.5134165825126806,NaN,-0.06490575816215252
2,-1,9.188211841020184,2.4619392583208572,NaN,-0.06405281009872703
2,-1,9.253501437706772,2.413191269963535,NaN,-0.06323957775022265
2,-1,9.319275186373922,2.3669172317306493,NaN,-0.06246202580433334
2,-1,9.385468902593598,2.3228957601170444,NaN,-0.06171669347844881
2,-1,9.45202946985912,2.280933820098619,NaN,-0.06100059369867514
2,-1,9.518912537719766,2.2408621529253514,NaN,-0.060311132636628684
2,-1,9.58608077081767,2.2025315618471084,NaN,-0.059646045103208326
2,-1,9.653502501797108,2.1658098788209847,NaN,-0.059003342338673215
2,-1,9.721150683848077,2.130579473285425,NaN,-0.05838126954237026
2,-1,9.789002068083317,2.0967351942261816,NaN,-0.057778271099168145
2,-1,9.857036551440329,2.064182660299156,NaN,-0.05719296192577753
2,-1,9.925236655233611,2.032836831039976,NaN,-0.056624103713948506
2,-1,9.993587104765512,2.0026208063349777,NaN,-0.05607058511670746
2,-1,10.062074487811318,1.9734648122916467,NaN,-0.05553140512930754
2,-1,10.13068697518659,1.9453053401670646,NaN,-0.05500565907425836
2,-1,10.199414090570082,1.918084411658608,NaN,-0.0544925267214168
2,-1,10.268246519699739,1.8917489490682105,NaN,-0.05399126216847253
2,-1,10.337175951265337,1.866250232950302,NaN,-0.05350118518075888
2,-1,10.406194943488677,1.8415434330964664,NaN,-0.053021673747086606
2,-1,10.475296811653047,1.817587201288891,NaN,-0.05255215765389512
2,-1,10.54447553281969,1.7943433163157847,NaN,-0.05209211291618899
2,-1,10.613725664724386,1.7717763733981633,NaN,-0.05164105693263952
2,-1,10.683042276435932,1.7498535115142972,NaN,-0.05119854425538801
2,-1,10.752420888820241,1.7285441731930253,NaN,-0.050764162883811886
2,-1,10.821857423218521,1.7078198922314647,NaN,-0.05033753100665794
2,-1,10.891348157037823,1.6876541055168925,NaN,-0.04991829412931355
2,-1,10.96088968518388,1.6680219857284633,NaN,-0.049506122533097344
2,-1,11.030478886452263,1.648900292186724,NaN,-0.04910070902176614
2,-1,11.1001128941443,1.6302672375272744,NaN,-0.048701766917297946
2,-1,11.169789070296236,1.612102368215276,NaN,-0.04830902827271925
2,-1,11.239504983009827,1.5943864572020339,NaN,-0.047922242274474385
2,-1,11.309258386454143,1.5771014072638139,NaN,-0.047541173810811896
2,-1,11.37904720317567,1.56023016376427,NaN,-0.04716560218598061
2,-1,11.448869508409338,1.5437566357520738,NaN,-0.0467953199628406
2,-1,11.518723516129306,1.527665624449707,NaN,-0.04643013191884875
2,-1,11.588607566616773,1.5119427583122331,NaN,-0.04606985410240278
2,-1,11.6585201153543,1.4965744339397813,NaN,-0.04571431297821976
2,-1,11.72845972308313,1.481547762217317,NaN,-0.04536334465189458
2,-1,11.798425046882768,1.4668505191324732,NaN,-0.04501679416502236
2,-1,11.868414832151334,1.45247110078866,NaN,-0.04467451485334701
2,-1,11.938427905381527,1.4383984821880977,NaN,-0.044336367761313014
2,-1,12.0084631676409,1.4246221794091303,NaN,-0.044002221107196995
2,-1,12.07851958867703,1.4111322148453838,NaN,-0.04367194979368205
2,-1,12.148596201578286,1.3979190852118841,NaN,-0.0433454349593352
2,-1,12.218692097929562,1.3849737320560005,NaN,-0.04302256356696807
2,-1,12.288806423409905,1.3722875145398319,NaN,-0.042703228025311596
2,-1,12.358938373785339,1.359852184285733,NaN,-0.042387325840832484
2,-1,12.429087191255809,1.3476598620987397,NaN,-0.042074759296867784
2,-1,12.49925216112002,1.3357030163991006,NaN,-0.041765435157546375
2,-1,12.56943260872611,1.3239744432153244,NaN,-0.04145926439425476
2,-1,12.639627896679771,1.3124672476031432,NaN,-0.04115616193261372
2,-1,12.709837422284663,1.3011748263693745,NaN,-0.040856046418159334
2,-1,12.78006061519269,1.2900908519914658,NaN,-0.04055883999910061
2,-1,12.85029693524422,1.2792092576341134,NaN,-0.04026446812468532
2,-1,12.92054587048043,1.26852422317374,NaN,-0.03997285935784663
2,-1,12.990806935311895,1.2580301621500551,NaN,-0.03968394520095121
2,-1,13.061079668829167,1.2477217095713833,NaN,-0.039397659933553736
2,-1,13.131363633242591,1.2375937105071917,NaN,-0.039113940461190946
2,-1,13.201658412439869,1.2276412094072262,NaN,-0.038832726174327835
2,-1,13.271963610651099,1.217859440092108,NaN,-0.03855395881664829
2,-1,13.34227885121198,1.2082438163650762,NaN,-0.03827758236196417
2,-1,13.412603775416812,1.198789923198917,NaN,-0.038003542899071735
2,-1,13.482938041453735,1.189493508456089,NaN,-0.03773178852395553
2,-1,13.553281323415357,1.1803504751035867,NaN,-0.03746226923878006
2,-1,13.623633310378581,1.1713568738873348,NaN,-0.03719493685717151
2,-1,13.693993705548031,1.1625088964337371,NaN,-0.036929744915314686
2,-1,13.76436222545794,1.1538028687487496,NaN,-0.036666648588462206
2,-1,13.834738599227911,1.1452352450871495,NaN,-0.0364056046124451
2,-1,13.905122567868299,1.1368026021668742,NaN,-0.036146571209844824
2,-1,13.975513883631388,1.1285016337053329,NaN,-0.03588950802049908
2,-1,14.045912309404866,1.1203291452562778,NaN,-0.035634376036028495
2,-1,14.116317618144372,1.1122820493275938,NaN,-0.03538113753812619
2,-1,14.186729592342225,1.1043573607617712,NaN,-0.03512975604033779
2,-1,14.257148023529629,1.0965521923622297,NaN,-0.03488019623311141
2,-1,14.327572711809928,1.0888637507499261,NaN,-0.03463242393189138
2,-1,14.398003465420642,1.0812893324357735,NaN,-0.03438640602805911
2,-1,14.468440100322233,1.0738263200955391,NaN,-0.03414211044253955
2,-1,14.538882439811719,1.06647217903473,NaN,-0.033899506081893314
2,-1,14.609330314159365,1.0592244538319873,NaN,-0.033658562796748295
2,-1,14.679783560266879,1.0520807651502169,NaN,-0.033419251342406676
2,-1,14.750242021345608,1.0450388067055114,NaN,-0.03318154334151424
2,-1,14.820705546613405,1.0380963423845568,NaN,-0.03294541124864136
2,-1,14.891173991008879,1.0312512035018508,NaN,-0.03271082831667581
2,-1,14.96164721492189,1.024501286188721,NaN,-0.03247776856490863
2,-1,15.03212508393921,1.0178445489065286,NaN,-0.03224620674871743
2,-1,15.102607468604361,1.011279010077114,NaN,-0.0320161183307476
2,-1,15.173094244190708,1.0048027458238389,NaN,-0.03178747945350499
2,-1,15.243585290486957,0.9984138878171437,NaN,-0.03156026691328062
2,-1,15.314080491594279,0.9921106212188301,NaN,-0.03133445813532765
2,-1,15.38457973573432,0.9858911827197139,NaN,-0.031110031150216717
2,-1,15.455082915067418,0.9797538586655994,NaN,-0.030886964571311022
2,-1,15.5255899255204,0.9736969832668471,NaN,-0.03066523757329068
2,-1,15.596100666623373,0.9677189368871129,NaN,-0.03044482987166946
2,-1,15.666615041354964,0.9618181444070925,NaN,-0.030225721703253966
2,-1,15.737132955995495,0.9559930736593673,NaN,-0.03000789380748794
2,-1,15.807654319987623,0.9502422339306787,NaN,-0.02979132740863736
2,-1,15.878179045804012,0.9445641745281936,NaN,-0.0295760041987704
2,-1,15.94870704882161,0.9389574834064842,NaN,-0.029361906321486636
2,-1,16.019238247202164,0.933420785852223,NaN,-0.029149016356366873
2,-1,16.0897725617786,0.9279527432236447,NaN,-0.028937317304088706
2,-1,16.160309915946936,0.9225520517421273,NaN,-0.028726792572189505
2,-1,16.230850235563434,0.9172174413333025,NaN,-0.02851742596143561
2,-1,16.301393448846653,0.9119476745152987,NaN,-0.028309201652766052
2,-1,16.37193948628419,0.90674154533183,NaN,-0.028102104194787862
2,-1,16.44248828054379,0.901597878328012,NaN,-0.02789611849178652
2,-1,16.513039766388633,0.8965155275668366,NaN,-0.02769122979223605
2,-1,16.583593880596535,0.8914933756844271,NaN,-0.027487423677774646
2,-1,16.65415056188288,0.8865303329822349,NaN,-0.027284686052630635
2,-1,16.724709750827074,0.881625336554486,NaN,-0.02708300313347077
2,-1,16.795271389802323,0.876777349449237,NaN,-0.026882361439655895
2,-1,16.865835422908578,0.8719853598615169,NaN,-0.02668274778388252
2,-1,16.936401795908452,0.8672483803570928,NaN,-0.026484149263187044
2,-1,17.006970456166016,0.862565447125498,NaN,-0.026286553250307702
2,-1,17.077541352588238,0.8579356192609907,NaN,-0.026089947385371896
2,-1,17.14811443556901,0.8533579780702295,NaN,-0.02589431956790856
2,-1,17.218689656935588,0.8488316264054755,NaN,-0.025699657949160314
2,-1,17.28926696989734,0.8443556880222159,NaN,-0.025505950924686584
2,-1,17.359846328996667,0.8399293069601395,NaN,-0.02531318712724429
2,-1,17.430427690062015,0.8355516469464686,NaN,-0.025121355419931345
2,-1,17.501011010162873,0.8312218908206935,NaN,-0.024930444889584014
2,-1,17.571596247566628,0.8269392399797798,NaN,-0.02474044484041319
2,-1,17.64218336169722,0.8227029138430182,NaN,-0.024551344787876378
2,-1,17.712772313095517,0.8185121493356748,NaN,-0.024363134452764192
2,-1,17.783363063381277,0.8143662003906548,NaN,-0.024175803755504037
2,-1,17.853955575216677,0.810264337467445,NaN,-0.023989342810659404
2,-1,17.924549812271316,0.8062058470876474,NaN,-0.02380374192163025
2,-1,17.995145739188604,0.8021900313863742,NaN,-0.023618991575531087
2,-1,18.065743321553498,0.7982162076789239,NaN,-0.02343508243825232
2,-1,18.136342525861515,0.7942837080420747,NaN,-0.023252005349689048
2,-1,18.20694331948896,0.790391878909445,NaN,-0.023069751319131915
2,-1,18.27754567066431,0.7865400806803465,NaN,-0.022888311520818307
2,-1,18.34814954844071,0.7827276873415981,NaN,-0.022707677289627463
2,-1,18.41875492266953,0.7789540861018014,NaN,-0.022527840116926073
2,-1,18.489361763974944,0.7752186770375853,NaN,-0.0223487916465476
2,-1,18.55997004372944,0.7715208727513595,NaN,-0.022170523670903365
2,-1,18.630579734030288,0.7678600980401379,NaN,-0.021993028127225443
2,-1,18.701190807676888,0.7642357895749992,NaN,-0.02181629709392726
2,-1,18.771803238148937,0.7606473955907987,NaN,-0.02164032278708415
2,-1,18.842416999585442,0.7570943755857172,NaN,-0.02146509755702628
2,-1,18.913032066764472,0.7535762000303136,NaN,-0.02129061388503802
2,-1,18.983648415083675,0.7500923500856893,NaN,-0.02111686438016524
2,-1,19.054266020541476,0.7466423173304637,NaN,-0.020943841776120742
2,-1,19.124884859718993,0.7432256034962029,NaN,-0.020771538928285635
2,-1,19.19550490976257,0.7398417202110137,NaN,-0.020599948810804628
2,-1,19.266126148366943,0.7364901887510087,NaN,-0.020429064513771595
2,-1,19.336748553759016,0.7331705397993238,NaN,-0.02025887924049806
2,-1,19.40737210468219,0.7298823132124738,NaN,-0.020089386304869263
2,-1,19.47799678038125,0.726625057793723,NaN,-0.019920579128773517
2,-1,19.54862256058779,0.7233983310732682,NaN,-0.019752451239616234
2,-1,19.619249425506123,0.7202016990949636,NaN,-0.019584996267901087
2,-1,19.689877355799684,0.7170347362093772,NaN,-0.01941820794488877
2,-1,19.760506332577915,0.7138970248729389,NaN,-0.019252080100317766
2,-1,19.831136337383573,0.7107881554529917,NaN,-0.019086606660197777
2,-1,19.901767352180475,0.7077077260385144,NaN,-0.018921781644663363
2,-1,19.972399359341672,0.7046553422563486,NaN,-0.018757599165892064
2,-1,20.043032341637993,0.7016306170927208,NaN,-0.018594053426080222
2,-1,20.113666282226987,0.6986331707198838,NaN,-0.01843113871547561
2,-1,20.184301164642235,0.6956626303277208,NaN,-0.018268849410468198
2,-1,20.254936972783,0.6927186299601193,NaN,-0.018107179971735443
2,-1,20.325573690904218,0.6898008103559733,NaN,-0.01794612494243114
2,-1,20.396211303606833,0.6869088187946557,NaN,-0.017785678946437858
2,-1,20.46684979582842,0.684042308945811,NaN,-0.017625836686655977
2,-1,20.537489152834134,0.6812009407233246,NaN,-0.017466592943344707
2,-1,20.608129360207926,0.6783843801433329,NaN,-0.01730794257250794
2,-1,20.678770403844055,0.6755922991861563,NaN,-0.017149880504324047
2,-1,20.74941226993887,0.6728243756619924,NaN,-0.01699240174161567
2,-1,20.820054944982836,0.6700802930802959,NaN,-0.016835501358362984
2,-1,20.89069841575283,0.6673597405226838,NaN,-0.01667917449825596
2,-1,20.961342669304663,0.6646624125192796,NaN,-0.016523416373283934
2,-1,21.031987692965835,0.6619880089283775,NaN,-0.01636822226236285
2,-1,21.102633474328528,0.6593362348193249,NaN,-0.01621358750999667
2,-1,21.17328000124279,0.6567068003585167,NaN,-0.016059507524978082
2,-1,21.24392726180996,0.6540994206984132,NaN,-0.015905977779117234
2,-1,21.31457524437626,0.6515138158694742,NaN,-0.015752993806007035
2,-1,21.385223937526597,0.6489497106749376,NaN,-0.015600551199816959
2,-1,21.455873330078553,0.6464068345883326,NaN,-0.015448645614120203
2,-1,21.52652341107656,0.64388492165366,NaN,-0.015297272760749457
2,-1,21.597174169786232,0.6413837103881572,NaN,-0.015146428408679188
2,-1,21.667825595688875,0.6389029436875566,NaN,-0.014996108382938515
2,-1,21.73847767847616,0.6364423687337736,NaN,-0.014846308563551812
2,-1,21.809130408044947,0.6340017369049527,NaN,-0.014697024884501163
2,-1,21.879783774492278,0.6315808036877901,NaN,-0.014548253332716865
2,-1,21.950437768110486,0.6291793285920738,NaN,-0.014399989947094696
2,-1,22.021092379382473,0.6267970750673704,NaN,-0.014252230817533372
2,-1,22.091747598977104,0.6244338104217998,NaN,-0.014104972083995734
2,-1,22.16240341774475,0.6220893057428355,NaN,-0.013958209935595236
2,-1,22.23305982671294,0.6197633358200628,NaN,-0.0138119406096981
2,-1,22.303716817082158,0.6174556790698502,NaN,-0.01366616039105819
2,-1,22.374374380221745,0.6151661174618749,NaN,-0.013520865610956119
2,-1,22.445032507665914,0.6128944364474372,NaN,-0.013376052646374238
2,-1,22.515691191109884,0.6106404248895336,NaN,-0.013231717919179157
2,-1,22.586350422406124,0.6084038749946228,NaN,-0.013087857895333867
2,-1,22.657010193560687,0.6061845822460262,NaN,-0.012944469084112856
2,-1,22.72767049672966,0.6039823453389611,NaN,-0.012801548037354605
2,-1,22.798331324215717,0.6017969661170995,NaN,-0.012659091348714992
2,-1,22.868992668464738,0.5996282495106542,NaN,-0.012517095652944267
2,-1,22.93965452206255,0.5974760034759361,NaN,-0.012375557625181464
2,-1,23.01031687773174,0.5953400389363346,NaN,-0.01223447398026221
2,-1,23.08097972832856,0.5932201697246938,NaN,-0.012093841472042094
2,-1,23.15164306683992,0.5911162125270365,NaN,-0.011953656892736756
2,-1,23.22230688638044,0.5890279868275995,NaN,-0.011813917072274693
2,-1,23.292971180189618,0.5869553148551556,NaN,-0.01167461887766575
2,-1,23.36363594162903,0.5848980215305689,NaN,-0.011535759212381539
2,-1,23.434301164179644,0.5828559344155683,NaN,-0.011397335015752678
2,-1,23.50496684143917,0.5808288836626874,NaN,-0.01125934326237489
2,-1,23.575632967119507,0.5788167019663631,NaN,-0.011121780961531463
2,-1,23.646299535044236,0.5768192245151289,NaN,-0.010984645156624999
2,-1,23.7169665391462,0.5748362889449198,NaN,-0.010847932924626748
2,-1,23.787633973465116,0.5728677352934025,NaN,-0.010711641375526704
2,-1,23.858301832145287,0.5709134059553554,NaN,-0.010575767651809329
2,-1,23.928970109433333,0.5689731456390409,NaN,-0.010440308927930991
2,-1,23.999638799676013,0.567046801323549,NaN,-0.010305262409809144
2,-1,24.070307897318077,0.565134222217095,NaN,-0.010170625334325119
2,-1,24.140977396900194,0.5632352597162389,NaN,-0.010036394968835374
2,-1,24.211647293056917,0.5613497673660051,NaN,-0.009902568610693444
2,-1,24.282317580514704,0.5594776008208734,NaN,-0.009769143586781777
2,-1,24.352988254089993,0.5576186178066339,NaN,-0.009636117253051343
2,-1,24.423659308687313,0.555772678083068,NaN,-0.009503486994073163
2,-1,24.494330739297453,0.5539396434074365,NaN,-0.009371250222598076
2,-1,24.56500254099568,0.5521193774987662,NaN,-0.009239404379123357
2,-1,24.635674708939977,0.5503117460029007,NaN,-0.009107946931471794
2,-1,24.70634723836936,0.5485166164583041,NaN,-0.008976875374375547
2,-1,24.77702012460221,0.5467338582625934,NaN,-0.00884618722907016
2,-1,24.84769336303464,0.5449633426397907,NaN,-0.008715880042896099
2,-1,24.91836694913893,0.5432049426082635,NaN,-0.008585951388908594
2,-1,24.989040878461985,0.5414585329493461,NaN,-0.008456398865494326
2,-1,25.059715146623812,0.539723990176624,NaN,-0.008327220095995253
2,-1,25.130389749316066,0.538001192505863,NaN,-0.00819841272834216
2,-1,25.20106468230061,0.5362900198255649,NaN,-0.008069974434690808
2,-1,25.271739941408118,0.5345903536681357,NaN,-0.007941902911070317
2,-1,25.342415522536694,0.5329020771816626,NaN,-0.007814195877035076
2,-1,25.413091421650552,0.5312250751022621,NaN,-0.007686851075323457
2,-1,25.483767634778705,0.5295592337270039,NaN,-0.007559866271523073
2,-1,25.554444158013695,0.5279044408873939,NaN,-0.007433239253742192
2,-1,25.625120987510343,0.5262605859233945,NaN,-0.007306967832290359
2,-1,25.695798119484543,0.524627559657979,NaN,-0.007181049839360527
2,-1,25.766475550212064,0.5230052543722006,NaN,-0.007055483128718239
2,-1,25.837153276027404,0.5213935637807686,NaN,-0.006930265575399108
2,-1,25.907831293322644,0.5197923830081126,NaN,-0.006805395075409192
2,-1,25.978509598546346,0.5182016085649346,NaN,-0.006680869545431713
2,-1,26.049188188202475,0.516621138325228,NaN,-0.006556686922540512
2,-1,26.11986705884934,0.5150508715037527,NaN,-0.006432845163913948
2,-1,26.19054620709856,0.5134907086339593,NaN,-0.0063093422465604065
2,-1,26.261225629614046,0.5119405515463593,NaN,-0.006186176167047225
2,-1,26.33190532311103,0.5104003033473089,NaN,-0.006063344941227455
2,-1,26.402585284355087,0.5088698683982209,NaN,-0.005940846603982038
2,-1,26.473265510161198,0.507349152295182,NaN,-0.005818679208960155
2,-1,26.54394599739282,0.5058380618489627,NaN,-0.005696840828323807
2,-1,26.614626742960997,0.5043365050654298,NaN,-0.0055753295525024366
2,-1,26.685307743823458,0.5028443911263262,NaN,-0.00545414348994383
2,-1,26.75598899698377,0.501361630370427,NaN,-0.005333280766877037
2,-1,26.826670499490493,0.4998881342750664,NaN,-0.005212739527074364
2,-1,26.897352248436345,0.49842381543800535,NaN,-0.0050925179316189464
2,-1,26.968034240957397,0.4969685875596636,NaN,-0.004972614158678126
2,-1,27.038716474232295,0.4955223654256729,NaN,-0.004853026403277602
2,-1,27.109398945481466,0.4940850648897836,NaN,-0.004733752877082234
2,-1,27.180081651966375,0.49265660285707147,NaN,-0.004614791808178472
2,-1,27.250764590988787,0.4912368972674814,NaN,-0.004496141440860298
2,-1,27.321447759890034,0.48982586707967507,NaN,-0.004377800035423519
2,-1,27.39213115605031,0.4884234322551769,NaN,-0.004259765867956532
2,-1,27.462814776887978,0.487029513742823,NaN,-0.004142037230138701
2,-1,27.533498619858882,0.48564403346350027,NaN,-0.004024612429041771
2,-1,27.6041826824557,0.48426691429516616,NaN,-0.00390748978693389
2,-1,27.674866962207272,0.4828980800581465,NaN,-0.0037906676410883536
2,-1,27.74555145667798,0.4815374555007093,NaN,-0.003674144343591937
2,-1,27.81623616346711,0.4801849662848971,NaN,-0.003557918261160302
2,-1,27.88692108020825,0.47884053897262874,NaN,-0.003441987774953928
2,-1,27.95760620456869,0.47750410101204804,NaN,-0.0033263512804016238
2,-1,28.028291534248837,0.47617558072412347,NaN,-0.0032110071870169316
2,-1,28.09897706698163,0.47485490728949287,NaN,-0.003095953918228346
2,-1,28.16966280053199,0.4735420107355463,NaN,-0.0029811899112069107
2,-1,28.240348732696273,0.4722368219237436,NaN,-0.002866713616697273
2,-1,28.31103486130171,0.4709392725371552,NaN,-0.0027525234988511962
2,-1,28.381721184205905,0.4696492950682378,NaN,-0.002638618035065328
2,-1,28.45240769929629,0.46836682280681147,NaN,-0.002524995715817626
2,-1,28.52309440448964,0.4670917898282712,NaN,-0.0024116550445140786
2,-1,28.593781297731564,0.4658241309819944,NaN,-0.002298594537325817
2,-1,28.664468376996023,0.4645637818799585,NaN,-0.0021858127230428744
2,-1,28.735155640284844,0.4633106788855621,NaN,-0.002073308142919686
2,-1,28.805843085627266,0.4620647591026378,NaN,-0.0019610793505260224
2,-1,28.876530711079464,0.46082596036466544,NaN,-0.001849124911602603
2,-1,28.947218514724117,0.4595942212241655,NaN,-0.0017374434039149622
2,-1,29.01790649466996,0.45836948094228563,NaN,-0.0016260334171131138
2,-1,29.088594649051338,0.45715167947856966,NaN,-0.001514893552593495
2,-1,29.15928297602781,0.4559407574808901,NaN,-0.001404022423357399
2,-1,29.229971473783717,0.45473665627557486,NaN,-0.0012934186538775087
2,-1,29.300660140527768,0.4535393178576906,NaN,-0.001183080879967477
2,-1,29.37134897449266,0.452348684881499,NaN,-0.0010730077486447928
2,-1,29.442037973934664,0.45116470065107395,NaN,-0.0009631979180073358
2,-1,29.51272713713327,0.4499873091110812,NaN,-0.0008536500571015258
2,-1,29.583416462390772,0.44881645483771504,NaN,-0.0007443628457991305
2,-1,29.654105948031944,0.4476520830297908,NaN,-0.0006353349746729825
2,-1,29.724795592403634,0.4464941394999828,NaN,-0.0005265651448747299
2,-1,29.79548539387444,0.44534257066621763,NaN,-0.00041805206801618505
2,-1,29.866175350834347,0.44419732354320873,NaN,-0.00030979446605092914
2,-1,29.936865461694385,0.4430583457341336,NaN,-0.00020179107115531753
2,-1,30.0075557248863,0.4419255854224484,NaN,-9.404062561742255e-5
2,-1,30.069388255931653,0.44093982324815767,NaN,1.7205740374115486e-9
2,-1,30.140078800332176,0.4398185812116475,NaN,0.00010728131724255241
2,-1,30.21076949288078,0.43870341087153264,NaN,0.00021431152513557566
2,-1,30.281460331874342,0.4375942625886448,NaN,0.00032109356351607554
2,-1,30.352151315840977,0.4364910872623675,NaN,0.0004276286424043131
2,-1,30.42284244332766,0.43539383632697065,NaN,0.000533917962349327
2,-1,30.493533712899932,0.43430246174431314,NaN,0.0006399627145385056
2,-1,30.564225123141615,0.4332169159966688,NaN,0.0007457640808956924
2,-1,30.63491667265453,0.4321371520796688,NaN,0.0008513232341830976
2,-1,30.705608360058214,0.43106312349536036,NaN,0.0009566413381005834
2,-1,30.776300183989648,0.4299947842453738,NaN,0.0010617195473865693
2,-1,30.846992143102987,0.4289320888242046,NaN,0.0011665590079094137
2,-1,30.917684236069302,0.42787499221260444,NaN,0.001271160856766606
2,-1,30.988376461576312,0.4268234498710773,NaN,0.0013755262223785689
2,-1,31.059068818328136,0.4257774177334755,NaN,0.0014796562245806347
2,-1,31.12976130504504,0.4247368522007085,NaN,0.0015835519747141279
2,-1,31.200453920463197,0.4237017101345448,NaN,0.0016872145757154955
2,-1,31.27114666333444,0.4226719488515116,NaN,0.0017906451222104852
2,-1,31.34183953242603,0.42164752611689865,NaN,0.0018938447005936998
2,-1,31.412532526520415,0.420628400138852,NaN,0.001996814389121665
2,-1,31.48322564441502,0.4196145295625592,NaN,0.0020995552579961482
2,-1,31.553918884922,0.4186058734645337,NaN,0.0022020683694452606
2,-1,31.624612246868036,0.41760239134697813,NaN,0.002304354777813454
2,-1,31.695305729094116,0.41660404313225047,NaN,0.002406415529635591
2,-1,31.765999330455323,0.415610789157401,NaN,0.0025082516637226562
2,-1,31.836693049820614,0.41462259016880787,NaN,0.002609864211240584
2,-1,31.907386886072636,0.41363940731688625,NaN,0.0027112541957884234
2,-1,31.978080838107505,0.4126612021508872,NaN,0.0028124226334742333
2,-1,32.04877490483462,0.41168793661377207,NaN,0.0029133705329964232
2,-1,32.11946908517647,0.410719573037166,NaN,0.003014098895712778
2,-1,32.190163378068426,0.4097560741363957,NaN,0.003114608715720335
2,-1,32.26085778245857,0.40879740300559,NaN,0.003214900979926952
2,-1,32.33155229730751,0.4078435231128722,NaN,0.0033149766681244627
2,-1,32.402246921588194,0.4068943982956137,NaN,0.003414836753059664
2,-1,32.47294165428572,0.40594999275576404,NaN,0.0035144822005033355
2,-1,32.54363649439718,0.4050102710552498,NaN,0.003613913969324381
2,-1,32.61433144093147,0.40407519811145054,NaN,0.0037131330115555278
2,-1,32.68502649290916,0.4031447391927304,NaN,0.003812140272461191
2,-1,32.75572164936226,0.4022188599140495,NaN,0.003910936690607457
2,-1,32.82641690933411,0.4012975262326345,NaN,0.00400952319792397
2,-1,32.8971122718792,0.4003807044437148,NaN,0.004107900719773079
2,-1,32.96780773606304,0.39946836117632517,NaN,0.004206070175013767
2,-1,33.03850330096193,0.39856046338916745,NaN,0.004304032476062085
2,-1,33.10919896566289,0.3976569783665379,NaN,0.004401788528960095
2,-1,33.179894729263474,0.3967578737143106,NaN,0.004499339233432306
2,-1,33.25059059087161,0.3958631173559837,NaN,0.004596685482949753
2,-1,33.32128654960548,0.39497267752878257,NaN,0.00469382816479148
2,-1,33.39198260459336,0.3940865227798213,NaN,0.004790768160100142
2,-1,33.46267875497348,0.39320462196231937,NaN,0.004887506343948654
2,-1,33.5333749998939,0.39232694423187586,NaN,0.00498404358538912
2,-1,33.604071338512355,0.39145345904279155,NaN,0.005080380747519365
2,-1,33.67476776999613,0.39058413614445897,NaN,0.005176518687533042
2,-1,33.74546429352193,0.38971894557778886,NaN,0.005272458256778474
2,-1,33.81616090827574,0.38885785767169695,NaN,0.005368200300816257
2,-1,33.886857613452726,0.38800084303964083,NaN,0.00546374565946986
2,-1,33.957554408257074,0.38714787257620575,NaN,0.005559095166885054
2,-1,34.02825129190188,0.3862989174537435,NaN,0.005654249651576522
2,-1,34.09894826360904,0.3854539491190471,NaN,0.005749209936487573
2,-1,34.169645322609114,0.3846129392900942,NaN,0.005843976839037902
2,-1,34.240342468141215,0.3837758599528164,NaN,0.0059385511711759
2,-1,34.3110396994529,0.382942683357925,NaN,0.00603293373943322
2,-1,34.38173701580004,0.3821133820177847,NaN,0.006127125344968613
2,-1,34.452434416446735,0.38128792870332023,NaN,0.006221126783622868
2,-1,34.52313190066517,0.38046629644097946,NaN,0.0063149388459676215
2,-1,34.593829467735524,0.3796484585097326,NaN,0.006408562317349875
2,-1,34.66452711694588,0.3788343884381127,NaN,0.006501997977944207
2,-1,34.73522484759207,0.37802406000130195,NaN,0.006595246602799726
2,-1,34.80592265897764,0.37721744721825695,NaN,0.006688308961883868
2,-1,34.8766205504137,0.3764145243488738,NaN,0.006781185820130792
2,-1,34.94731852121881,0.37561526589119204,NaN,0.0068738779374884484
2,-1,35.01801657071894,0.37481964657864064,NaN,0.006966386068961855
2,-1,35.08871469824734,0.37402764137731703,NaN,0.007058710964658002
2,-1,35.159412903144414,0.37323922548331395,NaN,0.007150853369829305
2,-1,35.23011118475768,0.3724543743200658,NaN,0.00724281402492058
2,-1,35.300809542441655,0.37167306353575247,NaN,0.007334593665606612
2,-1,35.371507975557755,0.37089526900072267,NaN,0.007426193022841671
2,-1,35.44220648347421,0.3701209668049583,NaN,0.007517612822896369
2,-1,35.51290506556598,0.36935013325557986,NaN,0.007608853787398687
2,-1,35.58360372121468,0.36858274487437287,NaN,0.0076999166333813485
2,-1,35.654302449808455,0.3678187783953589,NaN,0.007790802073315367
2,-1,35.72500125074194,0.3670582107623956,NaN,0.007881510815156215
2,-1,35.79570012341615,0.3663010191268093,NaN,0.007972043562378767
2,-1,35.8663990672384,0.3655471808450582,NaN,0.00806240101402024
2,-1,35.93709808162224,0.36479667347643213,NaN,0.008152583864716179
2,-1,36.00779716598736,0.36404947478077804,NaN,0.008242592804742085
2,-1,36.07849631975953,0.36330556271626013,NaN,0.008332428520048243
2,-1,36.14919554237049,0.3625649154371428,NaN,0.008422091692299419
2,-1,36.219894833257904,0.3618275112916158,NaN,0.008511582998911839
2,-1,36.290594191865274,0.36109332881963585,NaN,0.008600903113088615
2,-1,36.36129361764186,0.36036234675080475,NaN,0.008690052703857074
2,-1,36.43199311004264,0.35963454400227357,NaN,0.008779032436105477
2,-1,36.50269266852818,0.35890989967667186,NaN,0.008867842970616852
2,-1,36.57339229256461,0.35818839306006983,NaN,0.008956484964104484
2,-1,36.64409198162356,0.3574700036199615,NaN,0.009044959069250035
2,-1,36.71479173518205,0.35675471100328104,NaN,0.009133265934729927
2,-1,36.78549155272245,0.3560424950344382,NaN,0.009221406205258798
2,-1,36.85619143373241,0.35533333571338405,NaN,0.009309380521618331
2,-1,36.926891377704806,0.3546272132137017,NaN,0.009397189520687771
2,-1,36.99759138413765,0.35392410788071915,NaN,0.009484833835484152
2,-1,37.06829145253404,0.35322400022964945,NaN,0.00957231409518787
2,-1,37.1389915824021,0.352526870943757,NaN,0.009659630925179234
2,-1,37.20969177325492,0.35183270087253976,NaN,0.009746784947067488
2,-1,37.280392024610485,0.3511414710299439,NaN,0.009833776778725281
2,-1,37.35109233599162,0.3504531625925974,NaN,0.009920607034315819
2,-1,37.42179270692594,0.3497677568980651,NaN,0.010007276324327762
2,-1,37.49249313694578,0.34908523544312914,NaN,0.010093785255604379
2,-1,37.563193625588134,0.3484055798820908,NaN,0.01018013443137128
2,-1,37.63389417239461,0.3477287720250915,NaN,0.010266324451270278
2,-1,37.70459477691137,0.3470547938364599,NaN,0.010352355911385336
2,-1,37.77529543868908,0.34638362743307405,NaN,0.010438229404274552
2,-1,37.84599615728284,0.3457152550827517,NaN,0.010523945518997359
2,-1,37.91669693225216,0.3450496592026543,NaN,0.010609504841144021
2,-1,37.98739776316086,0.34438682235771456,NaN,0.010694907952862112
2,-1,38.05809864957707,0.34372672725908426,NaN,0.010780155432887892
2,-1,38.12879959107315,0.3430693567625992,NaN,0.010865247856572141
2,-1,38.199500587225636,0.3424146938672685,NaN,0.010950185795905017
2,-1,38.270201637615216,0.34176272171377337,NaN,0.011034969819548629
2,-1,38.34090274182665,0.34111342358299646,NaN,0.011119600492858477
2,-1,38.41160389944875,0.3404667828945612,NaN,0.011204078377915108
2,-1,38.48230511007429,0.33982278320539316,NaN,0.011288404033545585
2,-1,38.55300637330003,0.33918140820829634,NaN,0.011372578015352817
2,-1,38.62370768872658,0.3385426417305509,NaN,0.011456600875740394
2,-1,38.694409055958445,0.3379064677325263,NaN,0.011540473163936499
2,-1,38.7651104746039,0.33727287030630976,NaN,0.011624195426023352
2,-1,38.835811944275,0.3366418336743572,NaN,0.011707768204956656
2,-1,38.90651346458752,0.33601334218815265,NaN,0.01179119204059434
2,-1,38.977215035160896,0.33538738032689247,NaN,0.011874467469720387
2,-1,39.04791665561821,0.3347639326961812,NaN,0.011957595026066137
2,-1,39.11861832558613,0.33414298402674236,NaN,0.012040575240339677
2,-1,39.18932004469485,0.3335245191731488,NaN,0.012123408640244582
2,-1,39.26002181257812,0.3329085231125657,NaN,0.01220609575050545
2,-1,39.3307236288731,0.33229498094350973,NaN,0.0122886370928907
2,-1,39.40142549322042,0.33168387788462345,NaN,0.01237103318623771
2,-1,39.47212740526408,0.33107519927346474,NaN,0.012453284546471752
2,-1,39.54282936465143,0.3304689305653084,NaN,0.012535391686631023
2,-1,39.613531371033126,0.32986505733196814,NaN,0.012617355116889849
2,-1,39.68423342406311,0.32926356526062567,NaN,0.012699175344578081
2,-1,39.754935523398544,0.32866444015267954,NaN,0.012780852874205502
2,-1,39.8256376686998,0.3280676679226017,NaN,0.01286238820748168
2,-1,39.89633985963041,0.3274732345968174,NaN,0.012943781843338928
2,-1,39.96704209585703,0.32688112631258653,NaN,0.013025034277951764
2,-1,40.037744377049414,0.3262913293169085,NaN,0.013106146004760635
2,-1,40.10844670288037,0.32570382996543307,NaN,0.013187117514490143
2,-1,40.17914907302573,0.32511861472138925,NaN,0.01326794929517039
2,-1,40.2498514871643,0.3245356701545248,NaN,0.013348641832159114
2,-1,40.32055394497786,0.32395498294005565,NaN,0.013429195608158861
2,-1,40.391256446151104,0.3233765398576306,NaN,0.01350961110324106
2,-1,40.46195899037162,0.32280032779031254,NaN,0.01358988879486158
2,-1,40.53266157732985,0.3222263337235612,NaN,0.013670029157882443
2,-1,40.60336420671906,0.3216545447442355,NaN,0.01375003266459126
2,-1,40.67406687823531,0.32108494803960713,NaN,0.013829899784722696
2,-1,40.74476959157743,0.3205175308963825,NaN,0.01390963098547205
2,-1,40.81547234644698,0.3199522806997384,NaN,0.01398922673151886
2,-1,40.886175142548225,0.3193891849323692,NaN,0.01406868748504525
2,-1,40.95687797958809,0.31882823117354125,NaN,0.014148013705751653
2,-1,41.02758085727616,0.3182694070981666,NaN,0.014227205850878208
2,-1,41.09828377532463,0.31771270047587574,NaN,0.014306264375220326
2,-1,41.16898673344828,0.3171580991701123,NaN,0.01438518973115123
2,-1,41.23968973136444,0.31660559113723075,NaN,0.01446398236863243
2,-1,41.310392768792994,0.31605516442560766,NaN,0.014542642735239697
2,-1,41.3810958454563,0.31550680717476465,NaN,0.014621171276171657
2,-1,41.45179896107921,0.3149605076144942,NaN,0.014699568434278165
2,-1,41.52250211538903,0.31441625406400536,NaN,0.014777834650067559
2,-1,41.593205308115465,0.3138740349310717,NaN,0.014855970361728102
2,-1,41.66390853899063,0.3133338387111933,NaN,0.01493397600514454
2,-1,41.734611807749026,0.3127956539867669,NaN,0.015011852013913668
2,-1,41.80531511412747,0.31225946942626165,NaN,0.015089598819363836
2,-1,41.87601845786511,0.31172527378341236,NaN,0.015167216850567267
2,-1,41.9467218387034,0.3111930558964141,NaN,0.015244706534360553
2,-1,42.01742525638605,0.31066280468713187,NaN,0.015322068295355477
2,-1,42.08812871065903,0.31013450916031315,NaN,0.01539930255596065
2,-1,42.15883220127052,0.3096081584028147,NaN,0.015476409736393408
2,-1,42.229535727970905,0.3090837415828349,NaN,0.015553390254698499
2,-1,42.30023929051275,0.30856124794915674,NaN,0.015630244526758486
2,-1,42.37094288865076,0.3080406668303976,NaN,0.01570697296631536
2,-1,42.44164652214178,0.3075219876342672,NaN,0.01578357598498325
2,-1,42.51235019074476,0.30700519984683544,NaN,0.015860053992262063
2,-1,42.58305389422074,0.3064902930318086,NaN,0.01593640739555255
2,-1,42.65375763233281,0.3059772568298104,NaN,0.016012636600173435
2,-1,42.724461404846124,0.30546608095767397,NaN,0.016088742009376232
2,-1,42.79516521152783,0.3049567552077414,NaN,0.016164724024356487
2,-1,42.86586905214709,0.3044492694471705,NaN,0.01624058304426932
2,-1,42.93657292647505,0.3039436136172485,NaN,0.01631631946624744
2,-1,43.0072768342848,0.3034397777327142,NaN,0.016391933685410746
2,-1,43.077980775351385,0.30293775188108707,NaN,0.016467426094881603
2,-1,43.148684749451746,0.30243752622200476,NaN,0.016542797085800587
2,-1,43.219388756364744,0.30193909098656707,NaN,0.016618047047336604
2,-1,43.2900927958711,0.30144243647668484,NaN,0.016693176366705732
2,-1,43.3607968677534,0.3009475530644409,NaN,0.016768185429180286
2,-1,43.431500971796076,0.30045443119145404,NaN,0.016843074618104387
2,-1,43.50220510778537,0.29996306136825085,NaN,0.01691784431490506
2,-1,43.57290927550934,0.29947343417364575,NaN,0.016992494899110283
2,-1,43.643613474757814,0.2989855402541248,NaN,0.017067026748356487
2,-1,43.714317705322394,0.2984993703232389,NaN,0.017141440238403284
2,-1,43.785021966996425,0.2980149151610029,NaN,0.017215735743150364
2,-1,43.85572625957498,0.2975321656133001,NaN,0.017289913634642273
2,-1,43.926430582854856,0.2970511125912939,NaN,0.017363974283089667
2,-1,43.99713493663453,0.2965717470708472,NaN,0.01743791805687582
2,-1,44.06783932071417,0.2960940600919431,NaN,0.01751174532257089
2,-1,44.13854373489559,0.29561804275811915,NaN,0.017585456444943415
2,-1,44.209248178982264,0.29514368623590187,NaN,0.017659051786976104
2,-1,44.27995265277928,0.29467098175424866,NaN,0.017732531709872393
2,-1,44.35065715609335,0.2941999206039968,NaN,0.017805896573073535
2,-1,44.421361688732766,0.2937304941373173,NaN,0.017879146734265453
2,-1,44.49206625050741,0.29326269376717606,NaN,0.01795228254939432
2,-1,44.56277084122873,0.29279651096679643,NaN,0.018025304372679102
2,-1,44.63347546070971,0.2923319372691342,NaN,0.018098212556618032
2,-1,44.704180108764874,0.2918689642663518,NaN,0.018171007452005512
2,-1,44.77488478521026,0.2914075836093018,NaN,0.018243689407939218
2,-1,44.845589489863414,0.29094778700701424,NaN,0.01831625877183586
2,-1,44.91629422254336,0.29048956622618965,NaN,0.018388715889437253
2,-1,44.98699898307059,0.29003291309069823,NaN,0.018461061104824997
2,-1,45.057703771267086,0.2895778194810824,NaN,0.018533294760430176
2,-1,45.12840858695623,0.28912427733406704,NaN,0.01860541719704603
2,-1,45.199113429962864,0.28867227864207085,NaN,0.018677428753834976
2,-1,45.269818300113236,0.28822181545272935,NaN,0.018749329768344425
2,-1,45.34052319723499,0.28777287986841477,NaN,0.018821120576510572
2,-1,45.41122812115716,0.28732546404576736,NaN,0.018892801512676943
2,-1,45.48193307171016,0.2868795601952289,NaN,0.018964372909598154
2,-1,45.55263804872576,0.2864351605805797,NaN,0.019035835098454967
2,-1,45.623343052037086,0.2859922575184842,NaN,0.01910718840886025
2,-1,45.694048081478584,0.2855508433780369,NaN,0.019178433168873854
2,-1,45.764753136886036,0.28511091058031635,NaN,0.019249569705009607
2,-1,45.83545821809652,0.2846724515979429,NaN,0.019320598342244782
2,-1,45.906163324948416,0.2842354589546377,NaN,0.019391519404033705
2,-1,45.97686845728139,0.2837999252247903,NaN,0.019462333212313727
2,-1,46.047573614936375,0.28336584303303314,NaN,0.019533040087514927
2,-1,46.11827879775557,0.2829332050538092,NaN,0.01960364034857473
2,-1,46.18898400558241,0.28250200401095715,NaN,0.019674134312942307
2,-1,46.25968923826158,0.28207223267729215,NaN,0.019744522296590294
2,-1,46.33039449563896,0.28164388387419487,NaN,0.019814804614024045
2,-1,46.40109977756168,0.2812169504712035,NaN,0.019884981578289787
2,-1,46.471805083878046,0.28079142538560764,NaN,0.019955053500986725
2,-1,46.54251041443755,0.2803673015820508,NaN,0.020025020692274617
2,-1,46.61321576909088,0.2799445720721352,NaN,0.020094883460880217
2,-1,46.683921147689865,0.2795232299140266,NaN,0.020164642114112757
2,-1,46.754626550087515,0.27910326821206904,NaN,0.020234296957866563
2,-1,46.82533197613797,0.27868468011639996,NaN,0.020303848296633613
2,-1,46.89603742569649,0.2782674588225697,NaN,0.020373296433511837
2,-1,46.96674289861949,0.27785159757116557,NaN,0.02044264167021065
2,-1,47.037448394764475,0.2774370896474386,NaN,0.020511884307066686
2,-1,47.10815391399006,0.27702392838093404,NaN,0.02058102464304644
2,-1,47.17885945615594,0.2766121071451287,NaN,0.02065006297575609
2,-1,47.249565021122905,0.2762016193570654,NaN,0.020718999601450863
2,-1,47.32027060875281,0.27579245847699674,NaN,0.02078783481504362
2,-1,47.39097621890856,0.27538461800803105,NaN,0.020856568910112172
2,-1,47.461681851454145,0.2749780914957807,NaN,0.020925202178909245
2,-1,47.53238750625456,0.2745728725280127,NaN,0.020993734912368042
2,-1,47.603093183175844,0.2741689547343073,NaN,0.02106216740011406
2,-1,47.67379888208506,0.273766331785716,NaN,0.021130499930469546
2,-1,47.744504602850284,0.27336499739442244,NaN,0.021198732790464817
2,-1,47.8152103453406,0.2729649453134099,NaN,0.02126686626584206
2,-1,47.885916109426084,0.2725661693361303,NaN,0.021334900641069188
2,-1,47.956621894977786,0.2721686632961757,NaN,0.021402836199341073
2,-1,48.02732770186774,0.271772421066953,NaN,0.021470673222591843
2,-1,48.09803352996895,0.27137743656136354,NaN,0.02153841199150315
2,-1,48.168739379155376,0.2709837037314861,NaN,0.02160605278550866
2,-1,48.23944524930192,0.2705912165682578,NaN,0.021673595882800406
2,-1,48.31015114028445,0.2701999691011663,NaN,0.021741041560344676
2,-1,48.380857051979724,0.269809955397936,NaN,0.021808390093878485
2,-1,48.45156298426546,0.26942116956422685,NaN,0.021875641757925265
2,-1,48.52226893702027,0.2690336057433272,NaN,0.021942796825798014
2,-1,48.592974910123694,0.26864725811585416,NaN,0.022009855569609535
2,-1,48.66368090345615,0.26826212089945767,NaN,0.022076818260277145
2,-1,48.73438691689895,0.2678781883485236,NaN,0.02214368516752991
2,-1,48.8050929503343,0.2674954547538838,NaN,0.022210456559918407
2,-1,48.87579900364527,0.26711391444252686,NaN,0.022277132704819264
2,-1,48.94650507671581,0.26673356177731,NaN,0.022343713868441792
2,-1,49.01721116943071,0.266354391156677,NaN,0.022410200315840872
2,-1,49.08791728167562,0.26597639701437786,NaN,0.02247659231091375
2,-1,49.15862341333704,0.2655995738191884,NaN,0.022542890116415526
2,-1,49.2293295643023,0.2652239160746367,NaN,0.02260909399396159
2,-1,49.300035734459556,0.2648494183187292,NaN,0.022675204204038298
2,-1,49.370741923697786,0.26447607512367977,NaN,0.02274122100600326
2,-1,49.44144813190679,0.26410388109564364,NaN,0.022807144658099347
2,-1,49.51215435897717,0.26373283087444976,NaN,0.022872975417456226
2,-1,49.582860604800324,0.2633629191333392,NaN,0.02293871354009778
2,-1,49.653566869268445,0.26299414057870385,NaN,0.023004359280952028
2,-1,49.72427315227451,0.2626264899498307,NaN,0.02306991289385235
2,-1,49.79497945371228,0.26225996201864243,NaN,0.02313537463154826
2,-1,49.86568577347628,0.261894551589448,NaN,0.023200744745709004
2,-1,49.93639211146181,0.26153025349868986,NaN,0.02326602348693181
2,-1,50.00709846756491,0.26116706261469513,NaN,0.023331211104747097
2,-1,50.07780484168239,0.2608049738374305,NaN,0.023396307847624503
2,-1,50.14851123371181,0.2604439820982576,NaN,0.023461313962980943
2,-1,50.21921764355144,0.2600840823596911,NaN,0.023526229697183376
2,-1,50.2899240711003,0.2597252696151613,NaN,0.02359105529555841
2,-1,50.36063051625815,0.25936753888877384,NaN,0.023655791002395704
2,-1,50.43133697892544,0.2590108852350758,NaN,0.023720437060956473
2,-1,50.502043459003346,0.25865530373882495,NaN,0.023784993713477053
2,-1,50.57274995639376,0.25830078951475566,NaN,0.023849461201176328
2,-1,50.643456470999254,0.25794733770735156,NaN,0.023913839764260328
2,-1,50.71416300272312,0.25759494349062134,NaN,0.02397812964193012
2,-1,50.78486955146931,0.25724360206786956,NaN,0.02404233107238528
2,-1,50.85557611714249,0.25689330867147836,NaN,0.02410644429283125
2,-1,50.92628269964798,0.25654405856268575,NaN,0.024170469539483472
2,-1,50.996989298891776,0.25619584703136605,NaN,0.024234407047577067
2,-1,51.06769591478054,0.2558486693958146,NaN,0.024298257051364777
2,-1,51.1384025472216,0.25550252100253396,NaN,0.024362019784132133
2,-1,51.20910919612293,0.25515739722601954,NaN,0.024425695478194474
2,-1,51.27981586139316,0.2548132934685511,NaN,0.024489284364907826
2,-1,51.35052254294155,0.2544702051599822,NaN,0.024552786674671756
2,-1,51.421229240678,0.2541281277575344,NaN,0.024616202636937694
2,-1,51.49193595451307,0.2537870567455927,NaN,0.024679532480208828
2,-1,51.5626426843579,0.2534469876355012,NaN,0.02474277643205186
2,-1,51.63334943012428,0.2531079159653624,NaN,0.024805934719097124
2,-1,51.70405619172461,0.25276983729983865,NaN,0.02486900756704906
2,-1,51.77476296907191,0.25243274722995257,NaN,0.024931995200685203
2,-1,51.84546976207979,0.25209664137289356,NaN,0.02499489784386548
2,-1,51.916176570662465,0.2517615153718213,NaN,0.025057715719538506
2,-1,51.98688339473475,0.2514273648956736,NaN,0.02512044904974363
2,-1,52.05759023421204,0.2510941856389775,NaN,0.025183098055614223
2,-1,52.12829708901034,0.2507619733216585,NaN,0.02524566295739146
2,-1,52.19900395904621,0.2504307236888538,NaN,0.025308143974417253
2,-1,52.26971084423679,0.25010043251072644,NaN,0.025370541325149917
2,-1,52.3404177444998,0.24977109558228108,NaN,0.025432855227162647
2,-1,52.411124659753526,0.2494427087231823,NaN,0.025495085897150577
2,-1,52.4818315899168,0.2491152677775718,NaN,0.025557233550936337
2,-1,52.55253853490903,0.2487887686138931,NaN,0.025619298403473253
2,-1,52.62324549465016,0.24846320712470873,NaN,0.025681280668849234
2,-1,52.693952469060704,0.24813857922652824,NaN,0.025743180560297757
2,-1,52.764659458061686,0.24781488085963116,NaN,0.025804998290193712
2,-1,52.835366461574694,0.24749210798789598,NaN,0.025866734070064165
2,-1,52.906073479521844,0.24717025659862635,NaN,0.02592838811059131
2,-1,52.97678051182578,0.2468493227023831,NaN,0.025989960621616855
2,-1,53.04748755840967,0.246529302332814,NaN,0.026051451812147776
2,-1,53.118194619197205,0.24621019154648854,NaN,0.026112861890358982
2,-1,53.18890169411259,0.24589198642272964,NaN,0.026174191063597488
2,-1,53.259608783080544,0.24557468306345234,NaN,0.02623543953839169
2,-1,53.3303158860263,0.24525827759299992,NaN,0.02629660752045116
2,-1,53.401023002875576,0.24494276615798097,NaN,0.026357695214669852
2,-1,53.471730133554615,0.24462814492711163,NaN,0.026418702825135906
2,-1,53.542437277990146,0.2443144100910554,NaN,0.02647963055513207
2,-1,53.61314443610939,0.24400155786226752,NaN,0.026540478607142086
2,-1,53.68385160784004,0.24368958447483774,NaN,0.026601247182851645
2,-1,53.7545587931103,0.24337848618433555,NaN,0.02666193648315878
2,-1,53.82526599184883,0.2430682592676584,NaN,0.026722546708170494
2,-1,53.89597320398479,0.24275890002287898,NaN,0.026783078057214832
2,-1,53.96668042944779,0.24245040476909432,NaN,0.02684353072883717
2,-1,54.03738766816792,0.24214276984627603,NaN,0.02690390492081121
2,-1,54.108094920075736,0.2418359916151249,NaN,0.026964200830137883
2,-1,54.17880218510225,0.24153006645691918,NaN,0.027024418653057103
2,-1,54.249509463178924,0.24122499077337506,NaN,0.02708455858504085
2,-1,54.32021675423769,0.24092076098649726,NaN,0.02714462082080424
2,-1,54.39092405821092,0.24061737353843882,NaN,0.02720460555431311
2,-1,54.46163137503143,0.2403148248913585,NaN,0.02726451297877599
2,-1,54.53233870463249,0.24001311152727953,NaN,0.027324343286659572
2,-1,54.603046046947796,0.23971222994795,NaN,0.027384096669689925
2,-1,54.67375340191149,0.2394121766747067,NaN,0.027443773318851117
2,-1,54.744460769458136,0.23911294824833515,NaN,0.02750337342439417
2,-1,54.81516814952274,0.23881454122893472,NaN,0.02756289717584237
2,-1,54.88587554204072,0.2385169521957844,NaN,0.02762234476199018
2,-1,54.956582946947925,0.23822017774720805,NaN,0.027681716370907876
2,-1,55.027290364180615,0.23792421450044327,NaN,0.027741012189949815
2,-1,55.097997793675475,0.2376290590915074,NaN,0.02780023240575303
2,-1,55.1687052353696,0.23733470817506905,NaN,0.02785937720424625
2,-1,55.239412689200485,0.23704115842431878,NaN,0.027918446770646588
2,-1,55.310120155106034,0.23674840653084075,NaN,0.027977441289468705
2,-1,55.380827633024566,0.23645644920448383,NaN,0.028036360944527515
2,-1,55.45153512289478,0.23616528317323726,NaN,0.028095205918941282
2,-1,55.52224262465579,0.2358749051831059,NaN,0.02815397639513538
2,-1,55.592950138247076,0.23558531199798444,NaN,0.028212672554844692
2,-1,55.66365766360854,0.23529650039953648,NaN,0.02827129457911829
2,-1,55.73436520068045,0.2350084671870699,NaN,0.028329842648323965
2,-1,55.80507274940347,0.23472120917741807,NaN,0.028388316942151146
2,-1,55.875780309718635,0.23443472320481934,NaN,0.028446717639612193
2,-1,55.946487881567364,0.2341490061207974,NaN,0.028505044919048955
2,-1,56.01719546489145,0.23386405479404462,NaN,0.02856329895813286
2,-1,56.08790305963306,0.23357986611030174,NaN,0.028621479933875663
2,-1,56.15861066573471,0.2332964369722462,NaN,0.028679588022620557
2,-1,56.22931828313932,0.23301376429937368,NaN,0.028737623400057866
2,-1,56.300025911790144,0.23273184502788558,NaN,0.02879558624122197
2,-1,56.370733551630806,0.23245067611057407,NaN,0.02885347672049368
2,-1,56.44144120260529,0.23217025451671178,NaN,0.028911295011608315
2,-1,56.51214886465793,0.23189057723193893,NaN,0.02896904128765635
2,-1,56.58285653773343,0.2316116412581527,NaN,0.029026715721086865
2,-1,56.65356422177681,0.2313334436133984,NaN,0.02908431848370646
2,-1,56.72427191673347,0.23105598133176058,NaN,0.029141849746693115
2,-1,56.794979622549135,0.23077925146325387,NaN,0.029199309680590375
2,-1,56.86568733916988,0.23050325107371808,NaN,0.029256698455311453
2,-1,56.93639506654212,0.2302279772447101,NaN,0.02931401624014686
2,-1,57.00710280461259,0.2299534270733993,NaN,0.029371263203763612
2,-1,57.07781055332839,0.22967959767246426,NaN,0.029428439514208822
2,-1,57.148518312636924,0.2294064861699858,NaN,0.029485545338917132
2,-1,57.21922608248594,0.22913408970934893,NaN,0.02954258084470584
2,-1,57.28993386282351,0.2288624054491364,NaN,0.029599546197785633
2,-1,57.36064165359802,0.22859143056303133,NaN,0.029656441563758393
2,-1,57.4313494547582,0.22832116223971227,NaN,0.029713267107625355
2,-1,57.50205726625307,0.22805159768275982,NaN,0.029770022993781342
2,-1,57.572765088031986,0.22778273411055194,NaN,0.02982670938603088
2,-1,57.643472920044616,0.22751456875616946,NaN,0.029883326447577588
2,-1,57.71418076224094,0.2272470988672982,NaN,0.029939874341037787
2,-1,57.784888614571244,0.22698032170613153,NaN,0.029996353228436107
2,-1,57.85559647698612,0.22671423454927614,NaN,0.030052763271211022
2,-1,57.92630434943648,0.226448834687656,NaN,0.03010910463022269
2,-1,57.99701223187351,0.22618411942641845,NaN,0.030165377465745047
2,-1,58.06772012424872,0.22592008608484251,NaN,0.03022158193747862
2,-1,58.13842802651392,0.2256567319962433,NaN,0.030277718204548124
2,-1,58.209135938621195,0.22539405450788086,NaN,0.03033378642550756
2,-1,58.279843860522945,0.2251320509808723,NaN,0.030389786758343126
2,-1,58.35055179217185,0.22487071879009604,NaN,0.03044571936047201
2,-1,58.421259733520884,0.22461005532410544,NaN,0.030501584388750842
2,-1,58.49196768452331,0.22435005798503913,NaN,0.030557381999475983
2,-1,58.56267564513267,0.22409072418853213,NaN,0.03061311234838393
2,-1,58.63338361530279,0.22383205136362777,NaN,0.030668775590659156
2,-1,58.70409159498779,0.22357403695269262,NaN,0.030724371880931967
2,-1,58.774799584142045,0.2233166784113271,NaN,0.030779901373283236
2,-1,58.84550758272023,0.2230599732082825,NaN,0.03083536422124898
2,-1,58.91621559067728,0.22280391882537479,NaN,0.03089076057781929
2,-1,58.986923607968414,0.22254851275740048,NaN,0.03094609059544142
2,-1,59.05763163454912,0.22229375251205202,NaN,0.031001354426027847
2,-1,59.128339670375134,0.22203963560983742,NaN,0.031056552220951703
2,-1,59.19904771540249,0.22178615958399428,NaN,0.031111684131051996
2,-1,59.269755769587476,0.22153332198041067,NaN,0.031166750306639512
2,-1,59.34046383288663,0.22128112035754255,NaN,0.031221750897493815
2,-1,59.411171905256765,0.22102955228633497,NaN,0.031276686052870185
2,-1,59.48187998665495,0.22077861535013912,NaN,0.031331555921499346
2,-1,59.552588077038514,0.22052830714463653,NaN,0.031386360651591325
2,-1,59.62329617636503,0.22027862527775854,NaN,0.03144110039083902
2,-1,59.69400428459234,0.22002956736960785,NaN,0.031495775286417074
2,-1,59.76471240167852,0.21978113105238234,NaN,0.03155038548498901
2,-1,59.835420527581924,0.21953331397029716,NaN,0.03160493113270412
2,-1,59.906128662261125,0.21928611377950857,NaN,0.03165941237520989
2,-1,59.97683680567496,0.21903952814803926,NaN,0.031713829357637946
2,-1,60.04754495778249,0.21879355475570203,NaN,0.031768182224624214
2,-1,60.11825311854305,0.2185481912940253,NaN,0.031822471120299865
2,-1,60.1889612879162,0.21830343546617928,NaN,0.03187669618829714
2,-1,60.25966946586173,0.2180592849869044,NaN,0.03193085757175171
2,-1,60.33037765233968,0.2178157375824335,NaN,0.0319849554133073
2,-1,60.40108584731032,0.21757279099042573,NaN,0.032038989855112554
2,-1,60.47179405073416,0.2173304429598902,NaN,0.032092961038828235
2,-1,60.54250226257194,0.21708869125111663,NaN,0.03214686910562775
2,-1,60.61321048278462,0.2168475336356039,NaN,0.032200714196199215
2,-1,60.68391871133342,0.21660696789599088,NaN,0.03225449645074697
2,-1,60.754626948179755,0.2163669918259856,NaN,0.03230821600899876
2,-1,60.82533519328528,0.2161276032302962,NaN,0.03236187301020105
2,-1,60.89604344661187,0.2158887999245643,NaN,0.03241546759312307
2,-1,60.96675170812163,0.21565057973529417,NaN,0.03246899989606437
2,-1,61.03745997777688,0.21541294049978585,NaN,0.03252247005685001
2,-1,61.10816825554016,0.21517588006607033,NaN,0.03257587821283718
2,-1,61.17887654137423,0.21493939629283987,NaN,0.03262922450091441
2,-1,61.24958483524207,0.21470348704938275,NaN,0.03268250905750872
2,-1,61.320293137106866,0.2144681502155198,NaN,0.03273573201858107
2,-1,61.39100144693203,0.21423338368153663,NaN,0.03278889351963202
2,-1,61.461709764681174,0.21399918534811985,NaN,0.03284199369570659
2,-1,61.532418090318124,0.2137655531262937,NaN,0.03289503268139019
2,-1,61.60312642380692,0.2135324849373553,NaN,0.032948010610815405
2,-1,61.673834765111806,0.2132999787128123,NaN,0.03300092761766459
2,-1,61.744543114197235,0.21306803239431943,NaN,0.03305378383516536
2,-1,61.815251471027864,0.2128366439336165,NaN,0.03310657939610283
2,-1,61.88595983556854,0.21260581129246695,NaN,0.033159314432812476
2,-1,61.95666820778434,0.21237553244259622,NaN,0.03321198907718897
2,-1,62.02737658764051,0.21214580536563077,NaN,0.03326460346068076
2,-1,62.09808497510252,0.2119166280530371,NaN,0.03331715771430113
2,-1,62.16879337013603,0.211687998506063,NaN,0.0333696519686233
2,-1,62.23950177270689,0.2114599147356768,NaN,0.033422086353784665
2,-1,62.31021018278114,0.21123237476250925,NaN,0.03347446099949079
2,-1,62.38091860032504,0.21100537661679342,NaN,0.03352677603501379
2,-1,62.451627025305015,0.21077891833830817,NaN,0.03357903158919542
2,-1,62.522335457687696,0.21055299797631813,NaN,0.033631227790451655
2,-1,62.5930438974399,0.21032761358951885,NaN,0.03368336476677083
2,-1,62.663752344528625,0.21010276324597701,NaN,0.03373544264571835
2,-1,62.73446079892107,0.20987844502307668,NaN,0.03378746155443745
2,-1,62.805169260584606,0.2096546570074606,NaN,0.03383942161965209
2,-1,62.875877729486795,0.2094313972949754,NaN,0.033891322967664686
2,-1,62.94658620559539,0.20920866399061788,NaN,0.033943165724364864
2,-1,63.01729468887831,0.20898645520847614,NaN,0.033994950015226545
2,-1,63.08800317930366,0.2087647690716783,NaN,0.03404667596531266
2,-1,63.158711676839744,0.20854360371233727,NaN,0.03409834369927309
2,-1,63.22942018145501,0.2083229572714967,NaN,0.034149953341349314
2,-1,63.30012869311811,0.20810282789907836,NaN,0.03420150501537597
2,-1,63.37083721179786,0.2078832137538281,NaN,0.03425299884478383
2,-1,63.44154573746326,0.2076641130032631,NaN,0.03430443495259772
2,-1,63.51225427008346,0.20744552382362091,NaN,0.03435581346144517
2,-1,63.582962809627816,0.20722744439980612,NaN,0.03440713449354926
2,-1,63.65367135606583,0.2070098729253409,NaN,0.034458398170737106
2,-1,63.72437990936719,0.2067928076023098,NaN,0.03450960461444136
2,-1,63.795088469501735,0.2065762466413137,NaN,0.03456075394569631
2,-1,63.86579703643949,0.20636018826141628,NaN,0.03461184628514602
2,-1,63.93650561015063,0.20614463069009525,NaN,0.03466288175304469
2,-1,64.00721419060554,0.2059295721634376,NaN,0.0347138604691737
2,-1,64.07792277777467,0.20571501092510594,NaN,0.03476478255317253
2,-1,64.14863137162874,0.20550094522776832,NaN,0.03481564812404997
2,-1,64.21933997213857,0.20528737333206415,NaN,0.0348664573005109
2,-1,64.29004857927518,0.20507429350679923,NaN,0.03491721020088104
2,-1,64.36075719300972,0.2048617040289009,NaN,0.03496790694310295
2,-1,64.43146581331351,0.2046496031833693,NaN,0.0350185476447413
2,-1,64.50217444015802,0.20443798926322984,NaN,0.035069132422983276
2,-1,64.57288307351489,0.2042268605694866,NaN,0.03511966139464
2,-1,64.6435917133559,0.20401621541107537,NaN,0.035170134676148324
2,-1,64.71430035965301,0.20380605210481756,NaN,0.03522055238357419
2,-1,64.78500901237831,0.203596368975374,NaN,0.03527091463261166
2,-1,64.85571767150405,0.2033871643552001,NaN,0.03532122153858476
2,-1,64.92642633700264,0.20317843658449872,NaN,0.035371473216450344
2,-1,64.99713500884661,0.20297018401117636,NaN,0.03542166978080319
2,-1,65.06784368700869,0.20276240499079878,NaN,0.03547181134586966
2,-1,65.13855237146171,0.20255509788654605,NaN,0.03552189802551167
2,-1,65.2092610621787,0.2023482610691678,NaN,0.03557192993323664
2,-1,65.27996975913277,0.2021418929169405,NaN,0.03562190718218575
2,-1,65.35067846229722,0.20193599181562272,NaN,0.0356718298851464
2,-1,65.4213871716455,0.20173055615841423,NaN,0.03572169815454809
2,-1,65.4920958871512,0.20152558434591022,NaN,0.035771512102464334
2,-1,65.56280460878801,0.2013210747860609,NaN,0.035821271840617314
2,-1,65.63351333652982,0.2011170258941275,NaN,0.0358709774803756
2,-1,65.70422207035062,0.20091343609264192,NaN,0.03592062913275877
2,-1,65.77493081022457,0.20071030381136365,NaN,0.0359702269084374
2,-1,65.84563955612596,0.20050762748723952,NaN,0.036019770917732966
2,-1,65.9163483080292,0.20030540556436086,NaN,0.03606926127062346
2,-1,65.98705706590886,0.20010363649392462,NaN,0.036118698076742006
2,-1,66.05776582973962,0.19990231873419165,NaN,0.036168081445376865
2,-1,66.12847459949634,0.19970145075044604,NaN,0.03621741148547822
2,-1,66.19918337515398,0.19950103101495612,NaN,0.036266688305653494
2,-1,66.26989215668763,0.19930105800693362,NaN,0.03631591201417263
2,-1,66.34060094407253,0.19910153021249577,NaN,0.03636508271896888
2,-1,66.41130973728406,0.19890244612462432,NaN,0.036414200527638704
2,-1,66.4820185362977,0.19870380424312697,NaN,0.03646326554744703
2,-1,66.5527273410891,0.1985056030746001,NaN,0.03651227788532274
2,-1,66.623436151634,0.198307841132388,NaN,0.03656123764786577
2,-1,66.6941449679083,0.19811051693654735,NaN,0.036610144941344513
2,-1,66.76485378988802,0.19791362901380702,NaN,0.03665899987170024
2,-1,66.83556261754929,0.1977171758975309,NaN,0.03670780254454595
2,-1,66.90627145086837,0.19752115612768295,NaN,0.036756553065169076
2,-1,66.97698028982168,0.19732556825078565,NaN,0.036805251538532424
2,-1,67.04768913438573,0.19713041081988747,NaN,0.03685389806927783
2,-1,67.11839798453717,0.19693568239452278,NaN,0.036902492761723624
2,-1,67.18910684025275,0.19674138154067766,NaN,0.03695103571986699
2,-1,67.25981570150937,0.19654750683075334,NaN,0.03699952704738803
2,-1,67.33052456828403,0.1963540568435301,NaN,0.03704796684764805
2,-1,67.40123344055387,0.1961610301641301,NaN,0.03709635522369359
2,-1,67.47194231829613,0.19596842538398504,NaN,0.037144692278253996
2,-1,67.5426512014882,0.1957762411007991,NaN,0.03719297811374565
2,-1,67.61336009010755,0.19558447591851238,NaN,0.03724121283227458
2,-1,67.6840689841318,0.1953931284472705,NaN,0.03728939653563394
2,-1,67.75477788353867,0.19520219730338617,NaN,0.0373375293253069
2,-1,67.82548678830598,0.1950116811093063,NaN,0.03738561130246984
2,-1,67.89619569841172,0.19482157849357837,NaN,0.03743364256798992
2,-1,67.96690461383393,0.19463188809081716,NaN,0.03748162322243015
2,-1,68.03761353455081,0.19444260854166837,NaN,0.03752955336604773
2,-1,68.10832246054066,0.19425373849277883,NaN,0.03757743309879748
2,-1,68.17903139178188,0.1940652765967612,NaN,0.03762526252033141
2,-1,68.249740328253,0.19387722151216225,NaN,0.0376730417300007
2,-1,68.32044926993264,0.19368957190342714,NaN,0.03772077082685836
2,-1,68.39115821679955,0.19350232644087262,NaN,0.037768449909656956
2,-1,68.4618671688326,0.1933154838006494,NaN,0.03781607907685365
2,-1,68.53257612601074,0.19312904266471279,NaN,0.03786365842660784
2,-1,68.60328508831303,0.19294300172078943,NaN,0.037911188056786005
2,-1,68.67399405571867,0.19275735966234805,NaN,0.03795866806496111
2,-1,68.74470302820693,0.19257211518856526,NaN,0.03800609854841225
2,-1,68.81541200575721,0.1923872670042955,NaN,0.03805347960412883
2,-1,68.886120988349,0.19220281382004084,NaN,0.03810081132881023
2,-1,68.95682997596192,0.19201875435191826,NaN,0.038148093818866635
2,-1,69.02753896857567,0.19183508732163113,NaN,0.038195327170421345
2,-1,69.09824796617006,0.19165181145643836,NaN,0.038242511479310154
2,-1,69.16895696872501,0.19146892548912187,NaN,0.038289646841084546
2,-1,69.23966597622054,0.1912864281579599,NaN,0.03833673335101401
2,-1,69.31037498863675,0.19110431820669477,NaN,0.03838377110408202
2,-1,69.38108400595388,0.1909225943845052,NaN,0.03843076019498988
2,-1,69.45179302815225,0.19074125544597423,NaN,0.038477700718161756
2,-1,69.52250205521229,0.19056030015106365,NaN,0.038524592767740534
2,-1,69.5932110871145,0.19037972726508143,NaN,0.0385714364375907
2,-1,69.6639201238395,0.19019953555865493,NaN,0.03861823182129839
2,-1,69.73462916536803,0.19001972380770205,NaN,0.038664979012177414
2,-1,69.80533821168089,0.18984029079340087,NaN,0.0387116781032632
2,-1,69.876047262759,0.18966123530216472,NaN,0.03875832918731788
2,-1,69.94675631858337,0.18948255612561002,NaN,0.0388049323568328
2,-1,70.01746537913509,0.18930425206053297,NaN,0.038851487704025384
2,-1,70.08817444439538,0.18912632190887727,NaN,0.03889799532084372
2,-1,70.15888351434552,0.18894876447770922,NaN,0.03894445529896794
2,-1,70.22959258896691,0.18877157857919022,NaN,0.038990867729803216
2,-1,70.30030166824102,0.1885947630305479,NaN,0.03903723270449884
2,-1,70.37101075214943,0.1884183166540515,NaN,0.039083550313926615
2,-1,70.44171984067381,0.1882422382769821,NaN,0.039129820648701616
2,-1,70.51242893379593,0.18806652673160934,NaN,0.03917604379916663
2,-1,70.58313803149763,0.18789118085516113,NaN,0.03922221985541183
2,-1,70.65384713376085,0.18771619948980048,NaN,0.039268348907255266
2,-1,70.72455624056762,0.18754158148259686,NaN,0.03931443104425987
2,-1,70.79526535190007,0.18736732568550274,NaN,0.039360466355726625
2,-1,70.8659744677404,0.18719343095532495,NaN,0.03940645493069947
2,-1,70.93668358807092,0.18701989615370102,NaN,0.039452396857961924
2,-1,71.00739271287402,0.18684672014707301,NaN,0.0394982922260424
2,-1,71.07810184213217,0.18667390180666135,NaN,0.039544141123214235
2,-1,71.14881097582793,0.18650144000844085,NaN,0.03958994363749267
2,-1,71.21952011394394,0.1863293336331156,NaN,0.039635699856642226
2,-1,71.29022925646294,0.18615758156609227,NaN,0.03968140986817574
2,-1,71.36093840336774,0.18598618269745762,NaN,0.0397270737593485
2,-1,71.43164755464126,0.1858151359219535,NaN,0.039772691617172284
2,-1,71.50235671026648,0.18564444013895093,NaN,0.039818263528403675
2,-1,71.57306587022649,0.18547409425242692,NaN,0.03986378957955304
2,-1,71.64377503450442,0.1853040971709407,NaN,0.03990926985688158
2,-1,71.71448420308352,0.18513444780760932,NaN,0.03995470444640398
2,-1,71.7851933759471,0.18496514508008316,NaN,0.04000009343389156
2,-1,71.8559025530786,0.18479618791052346,NaN,0.0400454369048652
2,-1,71.92661173446146,0.18462757522557835,NaN,0.0400907349446067
2,-1,71.99732092007928,0.18445930595635854,NaN,0.04013598763815342
2,-1,72.06803010991567,0.18429137903841633,NaN,0.04018119507029849
2,-1,72.13873930395438,0.18412379341171953,NaN,0.040226357325597886
2,-1,72.20944850217921,0.18395654802063086,NaN,0.040271474488363934
2,-1,72.28015770457405,0.1837896418138851,NaN,0.04031654664267012
2,-1,72.35086691112285,0.18362307374456452,NaN,0.04036157387235487
2,-1,72.42157612180966,0.183456842770078,NaN,0.040406556261014304
2,-1,72.49228533661861,0.18329094785213895,NaN,0.04045149389201125
2,-1,72.56299455553386,0.18312538795674108,NaN,0.04049638684847212
2,-1,72.63370377853971,0.18296016205413862,NaN,0.0405412352132903
2,-1,72.70441300562051,0.182795269118823,NaN,0.04058603906912203
2,-1,72.77512223676068,0.1826307081295012,NaN,0.040630798498392795
2,-1,72.84583147194472,0.18246647806907423,NaN,0.04067551358329562
2,-1,72.9165407111572,0.18230257792461604,NaN,0.040720184405792406
2,-1,72.98724995438276,0.18213900668735117,NaN,0.04076481104761662
2,-1,73.05795920160614,0.18197576335263357,NaN,0.04080939359026925
2,-1,73.12866845281214,0.18181284691992683,NaN,0.04085393211502554
2,-1,73.19937770798562,0.18165025639278098,NaN,0.040898426702930785
2,-1,73.27008696711152,0.18148799077881353,NaN,0.040942877434806874
2,-1,73.34079623017487,0.18132604908968758,NaN,0.040987284391246964
2,-1,73.41150549716075,0.1811644303410917,NaN,0.04103164765262002
2,-1,73.4822147680543,0.1810031335527178,NaN,0.04107596729907112
2,-1,73.55292404284079,0.18084215774824475,NaN,0.04112024341052199
2,-1,73.62363332150548,0.18068150195531282,NaN,0.04116447606667492
2,-1,73.69434260403376,0.1805211652055082,NaN,0.0412086653470046
2,-1,73.76505189041107,0.18036114653433977,NaN,0.041252811330769565
2,-1,73.83576118062292,0.18020144498122107,NaN,0.041296914097007476
2,-1,73.9064704746549,0.18004205958944913,NaN,0.041340973724537905
2,-1,73.97717977249263,0.1798829894061865,NaN,0.041384990291958856
2,-1,74.04788907412185,0.17972423348244043,NaN,0.04142896387765467
2,-1,74.11859837952835,0.17956579087304342,NaN,0.04147289455979106
2,-1,74.18930768869797,0.17940766063663352,NaN,0.04151678241631991
2,-1,74.26001700161662,0.17924984183563863,NaN,0.04156062752497662
2,-1,74.3307263182703,0.17909233353625167,NaN,0.04160442996328248
2,-1,74.40143563864504,0.17893513480841652,NaN,0.041648189808545705
2,-1,74.47214496272697,0.17877824472580678,NaN,0.04169190713786239
2,-1,74.54285429050229,0.1786216623658074,NaN,0.04173558202811714
2,-1,74.61356362195723,0.17846538680949622,NaN,0.04177921455598435
2,-1,74.68427295707811,0.17830941714162582,NaN,0.04182280479792547
2,-1,74.7549822958513,0.17815375245060475,NaN,0.0418663528301942
2,-1,74.82569163826325,0.17799839182847924,NaN,0.04190985872883836
2,-1,74.89640098430047,0.17784333437091523,NaN,0.0419533225696941
2,-1,74.96711033394952,0.17768857917717978,NaN,0.04199674442839188
2,-1,75.03781968719703,0.17753412535012358,NaN,0.04204012438035647
2,-1,75.1085290440297,0.17737997199616404,NaN,0.04208346250080808
2,-1,75.17923840443429,0.1772261182252651,NaN,0.04212675886475989
2,-1,75.2499477683976,0.17707256315092187,NaN,0.042170013547023474
2,-1,75.32065713590654,0.17691930589014224,NaN,0.04221322662220449
2,-1,75.39136650694803,0.1767663455634292,NaN,0.042256398164709996
2,-1,75.46207588150908,0.1766136812947645,NaN,0.04229952824874328
2,-1,75.53278525957676,0.1764613122115898,NaN,0.0423426169483055
2,-1,75.60349464113818,0.17630923744479135,NaN,0.04238566433719987
2,-1,75.67420402618053,0.17615745612868183,NaN,0.042428670489028875
2,-1,75.74491341469106,0.17600596740098337,NaN,0.0424716354771979
2,-1,75.81562280665706,0.17585477040281136,NaN,0.04251455937491225
2,-1,75.8863322020659,0.17570386427865836,NaN,0.042557442255181654
2,-1,75.95704160090499,0.17555324817637516,NaN,0.04260028419081828
2,-1,76.02775100316181,0.17540292124715703,NaN,0.04264308525444008
2,-1,76.0984604088239,0.17525288264552488,NaN,0.04268584551846784
2,-1,76.16916981787885,0.17510313152931115,NaN,0.04272856505513013
2,-1,76.23987923031432,0.1749536670596414,NaN,0.04277124393646117
2,-1,76.31058864611799,0.17480448840091997,NaN,0.04281388223430049
2,-1,76.38129806527766,0.17465559472081377,NaN,0.04285648002029807
2,-1,76.45200748778113,0.1745069851902342,NaN,0.042899037365911344
2,-1,76.52271691361628,0.1743586589833247,NaN,0.04294155434240779
2,-1,76.59342634277104,0.17421061527744205,NaN,0.04298403102086265
2,-1,76.66413577523339,0.17406285325314227,NaN,0.043026467472162155
2,-1,76.73484521099138,0.1739153720941645,NaN,0.04306886376700858
2,-1,76.80555465003312,0.1737681709874163,NaN,0.043111219975909915
2,-1,76.87626409234673,0.17362124912295715,NaN,0.04315353616918796
2,-1,76.94697353792044,0.1734746056939833,NaN,0.04319581241698177
2,-1,77.0176829867425,0.17332823989681367,NaN,0.04323804878924027
2,-1,77.08839243880122,0.17318215093087308,NaN,0.0432802453557303
2,-1,77.15910189408498,0.17303633799867937,NaN,0.043322402186030576
2,-1,77.22981135258219,0.17289080030582604,NaN,0.04336451934953936
2,-1,77.30052081428133,0.1727455370609689,NaN,0.04340659691546889
2,-1,77.3712302791709,0.17260054747581124,NaN,0.04344863495285006
2,-1,77.4419397472395,0.17245583076508814,NaN,0.04349063353053226
2,-1,77.51264921847576,0.1723113861465532,NaN,0.043532592717182406
2,-1,77.58335869286834,0.17216721284096329,NaN,0.04357451258128728
2,-1,77.65406817040599,0.17202331007206398,NaN,0.04361639319115279
2,-1,77.72477765107747,0.1718796770665754,NaN,0.043658234614908545
2,-1,77.79548713487164,0.17173631305417866,NaN,0.04370003692050134
2,-1,77.86619662177735,0.17159321726750001,NaN,0.04374180017570303
2,-1,77.93690611178356,0.17145038894209833,NaN,0.043783524448105224
2,-1,78.00761560487923,0.1713078273164503,NaN,0.043825209805126344
2,-1,78.07832510105342,0.1711655316319367,NaN,0.04386685631400537
2,-1,78.1490346002952,0.1710235011328284,NaN,0.04390846404180607
2,-1,78.21974410259368,0.17088173506627335,NaN,0.04395003305541985
2,-1,78.29045360793806,0.1707402326822812,NaN,0.04399156342156016
2,-1,78.36116311631757,0.1705989932337111,NaN,0.04403305520677017
2,-1,78.43187262772148,0.17045801597625762,NaN,0.04407450847741984
2,-1,78.5025821421391,0.17031730016843782,NaN,0.04411592329970279
2,-1,78.57329165955983,0.17017684507157702,NaN,0.044157299739644856
2,-1,78.64400117997307,0.17003664994979595,NaN,0.04419863786309919
2,-1,78.7147107033683,0.16989671406999754,NaN,0.044239937735748
2,-1,78.78542022973501,0.1697570367018536,NaN,0.04428119942310371
2,-1,78.85612975906278,0.16961761711779175,NaN,0.04432242299051023
2,-1,78.92683929134122,0.1694784545929825,NaN,0.04436360850314176
2,-1,78.99754882655998,0.169339548405326,NaN,0.04440475602600458
2,-1,79.06825836470874,0.16920089783544,NaN,0.04444586562393692
2,-1,79.13896790577726,0.16906250216664565,NaN,0.04448693736160994
2,-1,79.20967744975533,0.16892436068495645,NaN,0.04452797130352994
2,-1,79.28038699663279,0.1687864726790641,NaN,0.04456896751403494
2,-1,79.3510965463995,0.16864883744032672,NaN,0.04460992605729938
2,-1,79.4218060990454,0.16851145426275632,NaN,0.044650846997333765
2,-1,79.49251565456045,0.16837432244300596,NaN,0.044691730397980495
2,-1,79.56322521293467,0.1682374412803579,NaN,0.0447325763229252
2,-1,79.63393477415812,0.1681008100767108,NaN,0.04477338483568223
2,-1,79.7046443382209,0.1679644281365682,NaN,0.04481415599961129
2,-1,79.77535390511315,0.16782829476702477,NaN,0.04485488987790562
2,-1,79.84606347482506,0.16769240927775633,NaN,0.04489558653359804
2,-1,79.91677304734687,0.16755677098100683,NaN,0.044936246029562116
2,-1,79.98748262266884,0.16742137919157593,NaN,0.04497686842850922
2,-1,80.05819220078129,0.16728623322680733,NaN,0.04501745379299363
2,-1,80.12890178167459,0.16715133240657784,NaN,0.04505800218540762
2,-1,80.19961136533912,0.16701667605328455,NaN,0.04509851366798728
2,-1,80.27032095176536,0.16688226349183333,NaN,0.04513898830281013
2,-1,80.34103054094376,0.16674809404962804,NaN,0.04517942615179557
2,-1,80.41174013286486,0.1666141670565578,NaN,0.04521982727670665
2,-1,80.48244972751922,0.16648048184498612,NaN,0.045260191739151676
2,-1,80.55315932489746,0.16634703774973902,NaN,0.045300519600581235
2,-1,80.62386892499023,0.1662138341080945,NaN,0.04534081092229178
2,-1,80.69457852778821,0.16608087025977078,NaN,0.04538106576542408
2,-1,80.76528813328214,0.16594814554691448,NaN,0.0454212841909646
2,-1,80.83599774146279,0.16581565931409037,NaN,0.045461466259748895
2,-1,80.90670735232096,0.16568341090826916,NaN,0.045501612032455244
2,-1,80.97741696584751,0.16555139967881838,NaN,0.045541721569613516
2,-1,81.04812658203333,0.16541962497748847,NaN,0.04558179493159807
2,-1,81.11883620086935,0.1652880861584051,NaN,0.04562183217863537
2,-1,81.18954582234653,0.165156782578055,NaN,0.045661833370797295
2,-1,81.26025544645589,0.16502571359527832,NaN,0.04570179856800667
2,-1,81.33096507318847,0.16489487857125504,NaN,0.04574172783003749
2,-1,81.40167470253536,0.16476427686949674,NaN,0.0457816212165139
2,-1,81.47238433448769,0.16463390785583348,NaN,0.045821478786909786
2,-1,81.5430939690366,0.16450377089840612,NaN,0.04586130060055012
2,-1,81.6138036061733,0.16437386536765264,NaN,0.04590108671661655
2,-1,81.68451324588904,0.16424419063630025,NaN,0.04594083719413647
2,-1,81.75522288817508,0.1641147460793531,NaN,0.04598055209199625
2,-1,81.82593253302274,0.16398553107408406,NaN,0.046020231468932735
2,-1,81.89664218042336,0.16385654500002156,NaN,0.046059875383538215
2,-1,81.96735183036833,0.16372778723894243,NaN,0.04609948389425904
2,-1,82.03806148284909,0.16359925717485874,NaN,0.04613905705939478
2,-1,82.10877113785708,0.16347095419401023,NaN,0.046178594937105105
2,-1,82.17948079538381,0.16334287768485264,NaN,0.046218097585401935
2,-1,82.2501904554208,0.16321502703804855,NaN,0.04625756506215517
2,-1,82.32090011795964,0.1630874016464568,NaN,0.04629699742509073
2,-1,82.3916097829919,0.16296000090512236,NaN,0.046336394731792324
2,-1,82.46231945050926,0.16283282421126788,NaN,0.04637575703970409
2,-1,82.53302912050336,0.1627058709642825,NaN,0.0464150844061251
2,-1,82.60373879296593,0.16257914056571254,NaN,0.04645437688821433
2,-1,82.67444846788871,0.16245263241925123,NaN,0.04649363454299481
2,-1,82.74515814526349,0.1623263459307306,NaN,0.0465328574273393
2,-1,82.81586782508208,0.1622002805081102,NaN,0.04657204559799086
2,-1,82.88657750733633,0.1620744355614688,NaN,0.04661119911154965
2,-1,82.95728719201811,0.1619488105029944,NaN,0.04665031802447729
2,-1,83.02799687911937,0.1618234047469736,NaN,0.04668940239309423
2,-1,83.09870656863205,0.16169821770978499,NaN,0.046728452273588544
2,-1,83.16941626054813,0.161573248809887,NaN,0.04676746772200843
2,-1,83.24012595485964,0.16144849746781031,NaN,0.046806448794263156
2,-1,83.31083565155862,0.1613239631061479,NaN,0.04684539554612875
2,-1,83.38154535063717,0.16119964514954604,NaN,0.04688430803324457
2,-1,83.45225505208741,0.1610755430246957,NaN,0.04692318631111239
2,-1,83.5229647559015,0.16095165616032203,NaN,0.046962030435102
2,-1,83.59367446207162,0.16082798398717646,NaN,0.047000840460448126
2,-1,83.66438417058998,0.16070452593802817,NaN,0.04703961644224888
2,-1,83.73509388144885,0.16058128144765382,NaN,0.04707835843546948
2,-1,83.8058035946405,0.16045824995282812,NaN,0.047117066494945375
2,-1,83.87651331015725,0.16033543089231872,NaN,0.04715574067537426
2,-1,83.94722302799146,0.16021282370687223,NaN,0.04719438103132603
2,-1,84.0179327481355,0.16009042783920993,NaN,0.04723298761723235
2,-1,84.08864247058177,0.15996824273401555,NaN,0.04727156048740004
2,-1,84.15935219532274,0.1598462678379297,NaN,0.04731009969600203
2,-1,84.23006192235087,0.15972450259953808,NaN,0.04734860529708165
2,-1,84.30077165165868,0.15960294646936618,NaN,0.04738707734454925
2,-1,84.37148138323869,0.15948159889986852,NaN,0.047425515892187964
2,-1,84.44219111708347,0.1593604593454198,NaN,0.04746392099365099
2,-1,84.51290085318563,0.1592395272623092,NaN,0.04750229270246169
2,-1,84.58361059153779,0.15911880210872897,NaN,0.04754063107201695
2,-1,84.65432033213263,0.1589982833447678,NaN,0.04757893615558484
2,-1,84.72503007496282,0.1588779704324016,NaN,0.04761720800630455
2,-1,84.79573982002108,0.15875786283548676,NaN,0.04765544667718709
2,-1,84.86644956730018,0.15863796001974945,NaN,0.04769365222112254
2,-1,84.93715931679289,0.15851826145278006,NaN,0.04773182469086648
2,-1,85.00786906849201,0.15839876660402302,NaN,0.047769964139054516
2,-1,85.0785788223904,0.15827947494476993,NaN,0.04780807061819328
2,-1,85.1492885784809,0.1581603859481511,NaN,0.04784614418066656
2,-1,85.21999833675645,0.1580414990891271,NaN,0.04788418487873272
2,-1,85.29070809720994,0.1579228138444824,NaN,0.04792219276452521
2,-1,85.36141785983435,0.15780432969281488,NaN,0.04796016789005149
2,-1,85.43212762462265,0.15768604611453038,NaN,0.04799811030720083
2,-1,85.50283739156787,0.15756796259183348,NaN,0.04803602006773369
2,-1,85.57354716066304,0.15745007860872018,NaN,0.048073897223291556
2,-1,85.64425693190124,0.1573323936509694,NaN,0.048111741825393725
2,-1,85.71496670527557,0.1572149072061371,NaN,0.04814955392543181
2,-1,85.78567648077916,0.1570976187635467,NaN,0.04818733357468512
2,-1,85.85638625840515,0.15698052781428198,NaN,0.04822508082430271
2,-1,85.92709603814674,0.15686363385117982,NaN,0.048262795725321286
2,-1,85.99780581999714,0.15674693636882273,NaN,0.04830047832864831
2,-1,86.06851560394958,0.15663043486353073,NaN,0.04833812868507918
2,-1,86.13922538999732,0.1565141288333536,NaN,0.048375746845285006
2,-1,86.20993517813368,0.15639801777806553,NaN,0.0484133328598183
2,-1,86.28064496835196,0.15628210119915498,NaN,0.04845088677911402
2,-1,86.35135476064552,0.1561663785998189,NaN,0.048488408653488135
2,-1,86.42206455500772,0.15605084948495546,NaN,0.048525898533138295
2,-1,86.49277435143198,0.15593551336115535,NaN,0.048563356468144664
2,-1,86.56348414991172,0.1558203697366963,NaN,0.04860078250847044
2,-1,86.63419395044038,0.155705418121535,NaN,0.048638176703959785
2,-1,86.70490375301146,0.15559065802729988,NaN,0.04867553910434405
2,-1,86.77561355761847,0.15547608896728424,NaN,0.04871286975923375
2,-1,86.84632336425493,0.15536171045643862,NaN,0.04875016871812882
2,-1,86.9170331729144,0.15524752201136457,NaN,0.0487874360304076
2,-1,86.98774298359048,0.1551335231503068,NaN,0.04882467174534019
2,-1,87.05845279627677,0.15501971339314718,NaN,0.048861875912074915
2,-1,87.12916261096692,0.15490609226139584,NaN,0.048899048579651036
2,-1,87.19987242765457,0.15479265927818633,NaN,0.048936189796994156
2,-1,87.27058224633342,0.15467941396826876,NaN,0.048973299612911414
2,-1,87.34129206699718,0.1545663558580006,NaN,0.04901037807609786
2,-1,87.4120018896396,0.1544534844753425,NaN,0.04904742523513979
2,-1,87.48271171425444,0.15434079934984998,NaN,0.04908444113850671
2,-1,87.55342154083547,0.15422830001266635,NaN,0.049121425834560126
2,-1,87.62413136937653,0.15411598599651824,NaN,0.04915837937154431
2,-1,87.69484119987143,0.1540038568357066,NaN,0.049195301797595126
2,-1,87.76555103231405,0.15389191206610042,NaN,0.049232193160738624
2,-1,87.83626086669827,0.15378015122513097,NaN,0.04926905350888543
2,-1,87.906970703018,0.1536685738517854,NaN,0.04930588288984175
2,-1,87.97768054126719,0.15355717948659872,NaN,0.04934268135129685
2,-1,88.04839038143977,0.1534459676716479,NaN,0.04937944894083715
2,-1,88.11910022352976,0.15333493795054748,NaN,0.04941618570593517
2,-1,88.18981006753113,0.15322408986843913,NaN,0.04945289169395535
2,-1,88.26051991343793,0.15311342297198804,NaN,0.049489566952155506
2,-1,88.33122976124422,0.15300293680937643,NaN,0.04952621152768018
2,-1,88.40193961094405,0.15289263093029662,NaN,0.049562825467571126
2,-1,88.47264946253155,0.152782504885944,NaN,0.04959940881876021
2,-1,88.54335931600083,0.15267255822901224,NaN,0.0496359616280707
2,-1,88.61406917134605,0.15256279051368582,NaN,0.04967248394222079
2,-1,88.68477902856137,0.15245320129563428,NaN,0.049708975807819925
2,-1,88.75548888764098,0.15234379013200597,NaN,0.04974543727137504
2,-1,88.8261987485791,0.1522345565814222,NaN,0.049781868379282584
2,-1,88.89690861136998,0.15212550020397073,NaN,0.0498182691778367
2,-1,88.96761847600787,0.15201662056119997,NaN,0.04985463971322268
2,-1,89.03832834248706,0.151907917216112,NaN,0.049890980031523466
2,-1,89.10903821080186,0.15179938973315776,NaN,0.04992729017871593
2,-1,89.17974808094658,0.1516910376782305,NaN,0.04996357020067552
2,-1,89.2504579529156,0.15158286061865928,NaN,0.049999820143169935
2,-1,89.32116782670326,0.15147485812320446,NaN,0.05003604005186309
2,-1,89.39187770230399,0.15136702976205021,NaN,0.05007222997231717
2,-1,89.46258757971218,0.1512593751067994,NaN,0.05010838994999267
2,-1,89.53329745892228,0.15115189373046783,NaN,0.05014452003024425
2,-1,89.60400733992874,0.15104458520747768,NaN,0.050180620258324315
2,-1,89.67471722272606,0.15093744911365253,NaN,0.05021669067938586
2,-1,89.74542710730873,0.15083048502621144,NaN,0.05025273133847681
2,-1,89.81613699367128,0.15072369252376258,NaN,0.05028874228054814
2,-1,89.88684688180825,0.1506170711862983,NaN,0.0503247235504424
2,-1,89.95755677171422,0.15051062059518835,NaN,0.05036067519290588
2,-1,90.02826666338377,0.15040434033317637,NaN,0.0503965972525896
2,-1,90.09897655681151,0.15029822998437145,NaN,0.050432489774028866
2,-1,90.16968645199206,0.15019228913424473,NaN,0.05046835280167644
2,-1,90.24039634892009,0.15008651736962214,NaN,0.050504186379873
2,-1,90.31110624759026,0.14998091427868085,NaN,0.050539990552866676
2,-1,90.38181614799727,0.14987547945094182,NaN,0.05057576536480313
2,-1,90.45252605013583,0.14977021247726502,NaN,0.050611510859731604
2,-1,90.52323595400067,0.1496651129498446,NaN,0.05064722708159833
2,-1,90.59394585958654,0.14956018046220218,NaN,0.05068291407426023
2,-1,90.66465576688822,0.14945541460918316,NaN,0.05071857188146622
2,-1,90.7353656759005,0.1493508149869488,NaN,0.050754200546873934
2,-1,90.80607558661819,0.14924638119297337,NaN,0.05078980011404269
2,-1,90.87678549903613,0.1491421128260376,NaN,0.0508253706264328
2,-1,90.94749541314917,0.14903800948622364,NaN,0.050860912127408994
2,-1,91.01820532895219,0.14893407077490942,NaN,0.0508964246602403
2,-1,91.08891524644008,0.14883029629476377,NaN,0.05093190826810062
2,-1,91.15962516560775,0.14872668564974087,NaN,0.050967362994066095
2,-1,91.23033508645013,0.1486232384450759,NaN,0.051002788881116035
2,-1,91.30104500896216,0.14851995428727804,NaN,0.05103818597213973
2,-1,91.37175493313883,0.14841683278412818,NaN,0.0510735543099263
2,-1,91.44246485897513,0.14831387354467013,NaN,0.05110889393717179
2,-1,91.51317478646605,0.14821107617920867,NaN,0.051144204896478196
2,-1,91.58388471560664,0.1481084402993034,NaN,0.05117948723035512
2,-1,91.65459464639194,0.14800596551776277,NaN,0.05121474098121537
2,-1,91.725304578817,0.14790365144863984,NaN,0.05124996619138103
2,-1,91.79601451287692,0.14780149770722797,NaN,0.05128516290307743
2,-1,91.8667244485668,0.14769950391005457,NaN,0.05132033115844001
2,-1,91.93743438588176,0.14759766967487659,NaN,0.05135547099951186
2,-1,92.00814432481694,0.1474959946206762,NaN,0.05139058246824024
2,-1,92.0788542653675,0.1473944783676546,NaN,0.051425665606484566
2,-1,92.14956420752861,0.14729312053722823,NaN,0.051460720456011355
2,-1,92.22027415129547,0.14719192075202395,NaN,0.05149574705848925
2,-1,92.2909840966633,0.14709087863587328,NaN,0.05153074545550612
2,-1,92.36169404362731,0.1469899938138076,NaN,0.05156571568855099
2,-1,92.43240399218277,0.14688926591205517,NaN,0.05160065779902409
2,-1,92.50311394232494,0.1467886945580336,NaN,0.05163557182823929
2,-1,92.57382389404911,0.1466882793803478,NaN,0.05167045781741415
2,-1,92.64453384735057,0.146588020008783,NaN,0.0517053158076792
2,-1,92.71524380222466,0.14648791607430167,NaN,0.05174014584007547
2,-1,92.78595375866671,0.14638796720903755,NaN,0.05177494795555357
2,-1,92.85666371667206,0.14628817304629202,NaN,0.05180972219497637
2,-1,92.9273736762361,0.14618853322052916,NaN,0.051844468599116594
2,-1,92.99808363735421,0.14608904736737086,NaN,0.05187918720865761
2,-1,93.0687936000218,0.1459897151235924,NaN,0.051913878064198005
2,-1,93.1395035642343,0.14589053612711772,NaN,0.05194854120624451
2,-1,93.21021352998714,0.14579151001701526,NaN,0.05198317667521764
2,-1,93.2809234972758,0.14569263643349353,NaN,0.05201778451145235
2,-1,93.35163346609573,0.1455939150178954,NaN,0.052052364755188665
2,-1,93.42234343644245,0.14549534541269526,NaN,0.052086917446589914
2,-1,93.49305340831144,0.14539692726149298,NaN,0.05212144262572663
2,-1,93.56376338169825,0.14529866020901133,NaN,0.05215594033258311
2,-1,93.6344733565984,0.14520054390108983,NaN,0.052190410607057425
2,-1,93.70518333300748,0.14510257798468093,NaN,0.05222485348896397
2,-1,93.77589331092105,0.14500476210784602,NaN,0.05225926901802978
2,-1,93.8466032903347,0.14490709591975018,NaN,0.052293657233897145
2,-1,93.91731327124403,0.1448095790706599,NaN,0.052328018176117985
2,-1,93.98802325364467,0.1447122112119348,NaN,0.05236235188416863
2,-1,94.05873323753227,0.14461499199602887,NaN,0.05239665839743193
2,-1,94.12944322290248,0.14451792107647995,NaN,0.05243093775521308
2,-1,94.20015320975098,0.14442099810791115,NaN,0.052465189996726086
2,-1,94.27086319807346,0.14432422274602272,NaN,0.05249941516110587
2,-1,94.34157318786562,0.14422759464759002,NaN,0.05253361328740486
2,-1,94.41228317912318,0.14413111347045796,NaN,0.052567784414587204
2,-1,94.48299317184188,0.14403477887353758,NaN,0.052601928581535534
2,-1,94.55370316601747,0.14393859051680188,NaN,0.052636045827050934
2,-1,94.62441316164572,0.14384254806128122,NaN,0.05267013618984931
2,-1,94.69512315872241,0.1437466511690596,NaN,0.052704199708564645
2,-1,94.76583315724335,0.14365089950327045,NaN,0.05273823642175156
2,-1,94.83654315720435,0.14355529272809242,NaN,0.052772246367879624
2,-1,94.90725315860124,0.14345983050874567,NaN,0.052806229585337705
2,-1,94.97796316142986,0.14336451251148738,NaN,0.05284018611242994
2,-1,95.04867316568607,0.14326933840360784,NaN,0.05287411598738345
2,-1,95.11938317136575,0.14317430785342683,NaN,0.05290801924834254
2,-1,95.19009317846479,0.14307942053028902,NaN,0.052941895933369995
2,-1,95.2608031869791,0.14298467610456103,NaN,0.0529757460804485
2,-1,95.3315131969046,0.14289007424762523,NaN,0.05300956972748094
2,-1,95.40222320823722,0.1427956146318792,NaN,0.0530433669122896
2,-1,95.4729332209729,0.1427012969307288,NaN,0.05307713767261385
2,-1,95.54364323510764,0.14260712081858523,NaN,0.05311088204612027
2,-1,95.61435325063738,0.14251308597086257,NaN,0.05314460007038657
2,-1,95.68506326755814,0.14241919206397188,NaN,0.05317829178292009
2,-1,95.75577328586591,0.14232543877531784,NaN,0.053211957221144385
2,-1,95.82648330555675,0.14223182578329574,NaN,0.05324559642240556
2,-1,95.89719332662666,0.1421383527672875,NaN,0.053279209423969034
2,-1,95.96790334907172,0.1420450194076572,NaN,0.0533127962630236
2,-1,96.03861337288797,0.14195182538574738,NaN,0.05334635697668123
2,-1,96.10932339807151,0.1418587703838763,NaN,0.053379891601973706
2,-1,96.18003342461843,0.14176585408533277,NaN,0.053413400175854636
2,-1,96.25074345252483,0.14167307617437405,NaN,0.053446882735203066
2,-1,96.32145348178685,0.14158043633622036,NaN,0.053480339316818656
2,-1,96.39216351240061,0.14148793425705258,NaN,0.0535137699574247
2,-1,96.46287354436228,0.1413955696240077,NaN,0.05354717469366682
2,-1,96.53358357766803,0.14130334212517662,NaN,0.053580553562114275
2,-1,96.60429361231401,0.14121125144959754,NaN,0.05361390659926138
2,-1,96.67500364829644,0.14111929728725633,NaN,0.0536472338415243
2,-1,96.7457136856115,0.1410274793290796,NaN,0.05368053532524569
2,-1,96.81642372425544,0.1409357972669326,NaN,0.05371381108669038
2,-1,96.88713376422447,0.14084425079361526,NaN,0.053747061162046736
2,-1,96.95784380551486,0.14075283960285934,NaN,0.053780285587431115
2,-1,97.02855384812284,0.14066156338932412,NaN,0.053813484398882505
2,-1,97.09926389204472,0.14057042184859272,NaN,0.05384665763236392
2,-1,97.16997393727675,0.14047941467716946,NaN,0.05387980532376853
2,-1,97.24068398381526,0.14038854157247582,NaN,0.05391292750891015
2,-1,97.31139403165655,0.14029780223284682,NaN,0.05394602422353023
2,-1,97.38210408079695,0.14020719635752799,NaN,0.05397909550329484
2,-1,97.4528141312328,0.1401167236466713,NaN,0.054012141383797785
2,-1,97.52352418296046,0.14002638380133292,NaN,0.05404516190056104
2,-1,97.59423423597629,0.13993617652346846,NaN,0.05407815708902866
2,-1,97.66494429027667,0.13984610151593024,NaN,0.054111126984575805
2,-1,97.735654345858,0.1397561584824643,NaN,0.05414407162249869
2,-1,97.80636440271667,0.1396663471277057,NaN,0.054176991038029254
2,-1,97.8770744608491,0.13957666715717704,NaN,0.054209885266321395
2,-1,97.94778452025173,0.1394871182772832,NaN,0.05424275434245539
2,-1,98.018494580921,0.1393977001953099,NaN,0.05427559830144421
2,-1,98.08920464285337,0.13930841261941848,NaN,0.05430841717822356
2,-1,98.1599147060453,0.13921925525864412,NaN,0.054341211007660636
2,-1,98.23062477049328,0.1391302278228918,NaN,0.05437397982455244
2,-1,98.30133483619379,0.13904133002293395,NaN,0.05440672366362194
2,-1,98.37204490314335,0.1389525615704055,NaN,0.054439442559518436
2,-1,98.44275497133846,0.13886392217780208,NaN,0.054472136546827365
2,-1,98.51346504077567,0.13877541155847714,NaN,0.054504805660053335
2,-1,98.58417511145151,0.13868702942663644,NaN,0.054537449933645524
2,-1,98.65488518336255,0.13859877549733787,NaN,0.05457006940196804
2,-1,98.72559525650534,0.1385106494864862,NaN,0.05460266409931956
2,-1,98.79630533087646,0.13842265111083063,NaN,0.05463523405993077
2,-1,98.86701540647252,0.13833478008796124,NaN,0.05466777931796396
2,-1,98.9377254832901,0.13824703613630748,NaN,0.05470029990750444
2,-1,99.00843556132583,0.1381594189751316,NaN,0.05473279586257784
2,-1,99.07914564057633,0.13807192832453,NaN,0.05476526721713343
2,-1,99.14985572103824,0.1379845639054264,NaN,0.054797714005052484
2,-1,99.22056580270821,0.1378973254395705,NaN,0.05483013626015035
2,-1,99.29127588558289,0.137810212649535,NaN,0.05486253401616928
2,-1,99.36198596965897,0.13772322525871178,NaN,0.05489490730679171
2,-1,99.43269605493315,0.1376363629913097,NaN,0.05492725616561918
2,-1,99.5034061414021,0.1375496255723511,NaN,0.05495958062619627
2,-1,99.57411622906253,0.1374630127276685,NaN,0.05499188072199322
2,-1,99.64482631791117,0.1373765241839022,NaN,0.055024156486416315
2,-1,99.71553640794475,0.13729015966849686,NaN,0.055056407952801784
2,-1,99.78624649916001,0.13720391890969882,NaN,0.055088635154418225
2,-1,99.85695659155371,0.13711780163655393,NaN,0.05512083812446929
2,-1,99.92766668512262,0.13703180757890207,NaN,0.055153016896092755
2,-1,99.9983767798635,0.1369459364673774,NaN,0.055185171502353456
2,-1,100.06908687577315,0.13686018803340314,NaN,0.05521730197625628
2,-1,100.13979697284837,0.13677456200918964,NaN,0.05524940835073788
2,-1,100.21050707108597,0.13668905812773133,NaN,0.055281490658665944
2,-1,100.28121717048276,0.13660367612280397,NaN,0.05531354893284418
2,-1,100.35192727103559,0.13651841572896145,NaN,0.05534558320601286
2,-1,100.42263737274129,0.13643327668153354,NaN,0.055377593510840706
2,-1,100.49334747559672,0.13634825871662193,NaN,0.05540957987993697
2,-1,100.56405757959874,0.1362633615710989,NaN,0.055441542345840825
2,-1,100.63476768474423,0.13617858498260296,NaN,0.05547348094103022
2,-1,100.70547779103008,0.1360939286895374,NaN,0.05550539569791563
2,-1,100.77618789845317,0.13600939243106705,NaN,0.05553728664884312
2,-1,100.84689800701044,0.1359249759471149,NaN,0.05556915382609476
2,-1,100.91760811669877,0.1358406789783602,NaN,0.055600997261888246
2,-1,100.98831822751512,0.1357565012662345,NaN,0.0556328169883762
2,-1,101.05902833945642,0.135672442552921,NaN,0.05566461303764683
2,-1,101.12973845251962,0.13558850258134947,NaN,0.055696385441726476
2,-1,101.20044856670168,0.13550468109519523,NaN,0.05572813423257664
2,-1,101.27115868199958,0.1354209778388759,NaN,0.0557598594420938
2,-1,101.34186879841029,0.13533739255754804,NaN,0.05579156110211206
2,-1,101.41257891593081,0.13525392499710548,NaN,0.055823239244404035
2,-1,101.48328903455813,0.1351705749041763,NaN,0.05585489390067712
2,-1,101.55399915428927,0.1350873420261197,NaN,0.05588652510257694
2,-1,101.62470927512126,0.13500422611102447,NaN,0.055918132881685206
2,-1,101.69541939705113,0.13492122690770506,NaN,0.05594971726952089
2,-1,101.7661295200759,0.13483834416569956,NaN,0.05598127829754679
2,-1,101.83683964419266,0.1347555776352673,NaN,0.05601281599715022
2,-1,101.90754976939846,0.1346729270673859,NaN,0.05604433039967022
2,-1,101.97825989569037,0.13459039221374913,NaN,0.056075821536375886
2,-1,102.04897002306548,0.134507972826763,NaN,0.05610728943847766
2,-1,102.11968015152087,0.1344256686595458,NaN,0.05613873413712449
2,-1,102.19039028105365,0.1343434794659226,NaN,0.05617015566340222
2,-1,102.26110041166093,0.13426140500042463,NaN,0.05620155404833686
2,-1,102.33181054333984,0.13417944501828594,NaN,0.05623292932289173
2,-1,102.4025206760875,0.13409759927544138,NaN,0.056264281517971526
2,-1,102.47323080990107,0.1340158675285235,NaN,0.05629561066442054
2,-1,102.54394094477769,0.13393424953486036,NaN,0.05632691679302014
2,-1,102.61465108071452,0.1338527450524737,NaN,0.05635819993448912
2,-1,102.68536121770875,0.1337713538400747,NaN,0.05638946011949485
2,-1,102.75607135575753,0.13369007565706353,NaN,0.05642069737863492
2,-1,102.82678149485807,0.13360891026352562,NaN,0.056451911742453634
2,-1,102.89749163500755,0.1335278574202292,NaN,0.056483103241431076
2,-1,102.96820177620322,0.1334469168886238,NaN,0.05651427190599248
2,-1,103.03891191844225,0.13336608843083742,NaN,0.05654541776649738
2,-1,103.10962206172191,0.13328537180967295,NaN,0.05657654085325006
2,-1,103.18033220603941,0.13320476678860751,NaN,0.05660764119649701
2,-1,103.251042351392,0.13312427313178962,NaN,0.05663871882642346
2,-1,103.32175249777694,0.13304389060403563,NaN,0.05666977377315523
2,-1,103.3924626451915,0.13296361897082856,NaN,0.05670080606676195
2,-1,103.46317279363295,0.13288345799831583,NaN,0.05673181573725196
2,-1,103.53388294309858,0.13280340745330546,NaN,0.05676280281457774
2,-1,103.60459309358566,0.13272346710326563,NaN,0.05679376732863005
2,-1,103.67530324509153,0.13264363671632126,NaN,0.05682470930924671
2,-1,103.74601339761347,0.13256391606125192,NaN,0.05685562878620434
2,-1,103.8167235511488,0.1324843049074886,NaN,0.056886525789221015
2,-1,103.88743370569486,0.13240480302511354,NaN,0.056917400347962
2,-1,103.95814386124898,0.13232541018485566,NaN,0.056948252492027104
2,-1,104.02885401780851,0.1322461261580897,NaN,0.05697908225096794
2,-1,104.0995641753708,0.13216695071683351,NaN,0.05700988965427259
2,-1,104.17027433393322,0.132087883633746,NaN,0.057040674731376
2,-1,104.24098449349314,0.13200892468212413,NaN,0.05707143751165143
2,-1,104.31169465404795,0.13193007363590145,NaN,0.05710217802441975
2,-1,104.38240481559504,0.13185133026964588,NaN,0.05713289629894715
2,-1,104.4531149781318,0.1317726943585569,NaN,0.0571635923644353
2,-1,104.52382514165562,0.1316941656784638,NaN,0.05719426625004005
2,-1,104.59453530616395,0.1316157440058228,NaN,0.05722491798485185
2,-1,104.66524547165419,0.1315374291177165,NaN,0.05725554759791032
2,-1,104.73595563812378,0.13145922079184894,NaN,0.05728615511820012
2,-1,104.80666580557018,0.1313811188065471,NaN,0.05731674057464628
2,-1,104.87737597399082,0.13130312294075452,NaN,0.05734730399612098
2,-1,104.94808614338316,0.13122523297403263,NaN,0.05737784541144118
2,-1,105.01879631374467,0.13114744868655698,NaN,0.05740836484936747
2,-1,105.08950648507283,0.1310697698591154,NaN,0.057438862338605845
2,-1,105.16021665736513,0.13099219627310496,NaN,0.05746933790780834
2,-1,105.23092683061904,0.13091472771053211,NaN,0.05749979158556942
2,-1,105.30163700483207,0.1308373639540081,NaN,0.057530223400433775
2,-1,105.37234718000174,0.13076010478674865,NaN,0.05756063338088524
2,-1,105.44305735612555,0.13068294999257019,NaN,0.05759102155535949
2,-1,105.51376753320103,0.13060589935588962,NaN,0.05762138795223262
2,-1,105.58447771122572,0.130528952661721,NaN,0.05765173259983282
2,-1,105.65518789019715,0.13045210969567325,NaN,0.05768205552642772
2,-1,105.72589807011289,0.1303753702439495,NaN,0.057712356760234895
2,-1,105.79660825097048,0.13029873409334347,NaN,0.057742636329419506
2,-1,105.86731843276748,0.13022220103123855,NaN,0.05777289426208916
2,-1,105.93802861550147,0.13014577084560505,NaN,0.05780313058630032
2,-1,106.00873879917003,0.1300694433249986,NaN,0.05783334533005688
2,-1,106.07944898377076,0.12999321825855736,NaN,0.05786353852130907
2,-1,106.15015916930125,0.12991709543600177,NaN,0.057893710187953557
2,-1,106.22086935575909,0.12984107464762998,NaN,0.05792386035783595
2,-1,106.2915795431419,0.1297651556843184,NaN,0.057953989058746144
2,-1,106.36228973144732,0.12968933833751786,NaN,0.05798409631842416
2,-1,106.43299992067296,0.12961362239925306,NaN,0.05801418216455517
2,-1,106.50371011081646,0.12953800766211812,NaN,0.05804424662477739
2,-1,106.57442030187546,0.12946249391927872,NaN,0.05807428972666831
2,-1,106.64513049384762,0.1293870809644663,NaN,0.05810431149776121
2,-1,106.71584068673059,0.1293117685919775,NaN,0.058134311965533314
2,-1,106.78655088052204,0.12923655659667305,NaN,0.05816429115741194
2,-1,106.85726107521965,0.12916144477397493,NaN,0.05819424910077131
2,-1,106.92797127082109,0.12908643291986419,NaN,0.05822418582293429
2,-1,106.99868146732406,0.12901152083087947,NaN,0.05825410135117619
2,-1,107.06939166472625,0.1289367083041155,NaN,0.05828399571271456
2,-1,107.14010186302536,0.12886199513722024,NaN,0.05831386893472279
2,-1,107.2108120622191,0.1287873811283945,NaN,0.058343721044315774
2,-1,107.2815222623052,0.1287128660763876,NaN,0.0583735520685629
2,-1,107.35223246328138,0.128638449780498,NaN,0.05840336203448343
2,-1,107.42294266514538,0.12856413204057016,NaN,0.05843315096904182
2,-1,107.49365286789494,0.1284899126569929,NaN,0.05846291889915617
2,-1,107.5643630715278,0.12841579143069723,NaN,0.05849266585169262
2,-1,107.63507327604171,0.12834176816315523,NaN,0.05852239185346557
2,-1,107.70578348143445,0.12826784265637767,NaN,0.05855209693124262
2,-1,107.77649368770379,0.12819401471291228,NaN,0.058581781111737286
2,-1,107.8472038948475,0.1281202841358421,NaN,0.05861144442161936
2,-1,107.91791410286335,0.128046650728783,NaN,0.05864108688750315
2,-1,107.98862431174915,0.12797311429588332,NaN,0.05867070853595481
2,-1,108.05933452150269,0.1278996746418202,NaN,0.058700309393491495
2,-1,108.13004473212179,0.12782633157179873,NaN,0.05872988948658511
2,-1,108.20075494360424,0.12775308489155124,NaN,0.058759448841650755
2,-1,108.27146515594787,0.12767993440733352,NaN,0.05878898748506001
2,-1,108.34217536915051,0.12760687992592387,NaN,0.05881850544313476
2,-1,108.41288558320998,0.12753392125462132,NaN,0.05884800274214598
2,-1,108.48359579812414,0.12746105820124518,NaN,0.05887747940831842
2,-1,108.55430601389082,0.12738829057413087,NaN,0.058906935467824495
2,-1,108.6250162305079,0.1273156181821295,NaN,0.0589363709467937
2,-1,108.6957264479732,0.1272430408346064,NaN,0.05896578587130295
2,-1,108.76643666628462,0.12717055834143892,NaN,0.05899518026738254
2,-1,108.83714688544002,0.12709817051301434,NaN,0.05902455416101539
2,-1,108.90785710543729,0.12702587716022926,NaN,0.05905390757813467
2,-1,108.97856732627432,0.12695367809448715,NaN,0.059083240544625965
2,-1,109.04927754794899,0.12688157312769605,NaN,0.05911255308632957
2,-1,109.11998777045922,0.12680956207226843,NaN,0.05914184522903505
2,-1,109.1906979938029,0.1267376447411175,NaN,0.05917111699848633
2,-1,109.26140821797796,0.1266658209476581,NaN,0.05920036842037937
2,-1,109.3321184429823,0.12659409050580264,NaN,0.05922959952036494
2,-1,109.40282866881388,0.1265224532299605,NaN,0.05925881032404105
2,-1,109.47353889547061,0.12645090893503577,NaN,0.05928800085696685
2,-1,109.54424912295043,0.1263794574364272,NaN,0.0593171711446466
2,-1,109.6149593512513,0.12630809855002464,NaN,0.05934632121254231
2,-1,109.68566958037117,0.12623683209220815,NaN,0.05937545108607212
2,-1,109.75637981030799,0.12616565787984657,NaN,0.059404560790599054
2,-1,109.82709004105975,0.1260945757302955,NaN,0.05943365035144685
2,-1,109.8978002726244,0.1260235854613963,NaN,0.05946271979389084
2,-1,109.96851050499993,0.12595268689147354,NaN,0.059491769143162065
2,-1,110.03922073818433,0.12588187983933444,NaN,0.05952079842443811
2,-1,110.10993097217558,0.12581116412426605,NaN,0.05954980766286104
2,-1,110.18064120697169,0.12574053956603498,NaN,0.05957879688351991
2,-1,110.25135144257067,0.12567000598488448,NaN,0.05960776611146272
2,-1,110.32206167897051,0.12559956320153423,NaN,0.05963671537168558
2,-1,110.39277191616925,0.12552921103717773,NaN,0.059665644689146285
2,-1,110.46348215416491,0.1254589493134813,NaN,0.059694554088752266
2,-1,110.5341923929555,0.12538877785258173,NaN,0.0597234435953673
2,-1,110.60490263253908,0.12531869647708588,NaN,0.059752313233809584
2,-1,110.67561287291367,0.1252487050100678,NaN,0.05978116302885414
2,-1,110.74632311407734,0.1251788032750687,NaN,0.05980999300522846
2,-1,110.81703335602813,0.12510899109609455,NaN,0.05983880318761589
2,-1,110.88774359876412,0.1250392682976138,NaN,0.059867593600657604
2,-1,110.95845384228335,0.12496963470455771,NaN,0.059896364268946206
2,-1,111.0291640865839,0.1249000901423167,NaN,0.05992511521703153
2,-1,111.09987433166387,0.12483063443674076,NaN,0.05995384646941965
2,-1,111.17058457752131,0.1247612674141367,NaN,0.05998255805057198
2,-1,111.24129482415434,0.12469198890126677,NaN,0.06001124998490687
2,-1,111.31200507156103,0.12462279872534862,NaN,0.06003992229679389
2,-1,111.3827153197395,0.12455369671405121,NaN,0.0600685750105662
2,-1,111.45342556868786,0.12448468269549529,NaN,0.06009720815050659
2,-1,111.52413581840423,0.12441575649825118,NaN,0.06012582174085551
2,-1,111.59484606888672,0.12434691795133794,NaN,0.060154415805815764
2,-1,111.66555632013346,0.12427816688422136,NaN,0.06018299036953506
2,-1,111.73626657214257,0.12420950312681182,NaN,0.06021154545612861
2,-1,111.8069768249122,0.124140926509464,NaN,0.060240081089664305
2,-1,111.87768707844047,0.12407243686297581,NaN,0.06026859729416453
2,-1,111.94839733272556,0.12400403401858473,NaN,0.060297094093612946
2,-1,112.01910758776562,0.12393571780796897,NaN,0.06032557151194398
2,-1,112.08981784355879,0.12386748806324396,NaN,0.06035402957305677
2,-1,112.16052810010325,0.1237993446169624,NaN,0.06038246830080429
2,-1,112.23123835739717,0.12373128730211229,NaN,0.06041088771899228
2,-1,112.30194861543873,0.12366331595211479,NaN,0.06043928785139219
2,-1,112.37265887422612,0.12359543040082441,NaN,0.06046766872172715
2,-1,112.44336913375751,0.1235276304825257,NaN,0.06049603035368134
2,-1,112.51407939403111,0.12345991603193368,NaN,0.060524372770891455
2,-1,112.58478965504511,0.12339228688419096,NaN,0.060552695996957645
2,-1,112.65549991679772,0.1233247428748675,NaN,0.06058100005543807
2,-1,112.72621017928715,0.12325728383995856,NaN,0.06060928496984397
2,-1,112.79692044251162,0.12318990961588282,NaN,0.06063755076364866
2,-1,112.86763070646934,0.12312262003948266,NaN,0.060665797460280835
2,-1,112.93834097115855,0.12305541494802125,NaN,0.06069402508313307
2,-1,113.00905123657748,0.12298829417918136,NaN,0.060722233655549296
2,-1,113.07976150272435,0.12292125757106534,NaN,0.06075042320083668
2,-1,113.15047176959743,0.12285430496219209,NaN,0.060778593742259385
2,-1,113.22118203719496,0.12278743619149625,NaN,0.06080674530303859
2,-1,113.29189230551519,0.12272065109832746,NaN,0.060834877906360135
2,-1,113.36260257455638,0.12265394952244843,NaN,0.06086299157536179
2,-1,113.43331284431679,0.12258733130403375,NaN,0.06089108633314605
2,-1,113.5040231147947,0.12252079628366888,NaN,0.0609191622027693
2,-1,113.5747333859884,0.12245434430234772,NaN,0.06094721920725121
2,-1,113.64544365789614,0.12238797520147258,NaN,0.060975257369571684
2,-1,113.71615393051621,0.12232168882285296,NaN,0.06100327671266326
2,-1,113.78686420384692,0.12225548500870245,NaN,0.06103127725942506
2,-1,113.85757447788654,0.12218936360163948,NaN,0.06105925903271481
2,-1,113.9282847526334,0.12212332444468504,NaN,0.061087222055345336
2,-1,113.99899502808579,0.12205736738126174,NaN,0.06111516635009326
2,-1,114.06970530424202,0.12199149225519132,NaN,0.06114309193969725
2,-1,114.14041558110041,0.12192569891069571,NaN,0.06117099884684998
2,-1,114.2111258586593,0.1218599871923935,NaN,0.061198887094208426
2,-1,114.281836136917,0.12179435694530008,NaN,0.0612267567043874
2,-1,114.35254641587183,0.12172880801482525,NaN,0.0612546076999641
2,-1,114.42325669552214,0.12166334024677349,NaN,0.06128244010347533
2,-1,114.49396697586629,0.12159795348734082,NaN,0.06131025393741943
2,-1,114.5646772569026,0.12153264758311506,NaN,0.061338049224251845
2,-1,114.63538753862943,0.12146742238107436,NaN,0.06136582598639201
2,-1,114.70609782104513,0.12140227772858501,NaN,0.06139358424622102
2,-1,114.77680810414809,0.12133721347340064,NaN,0.061421324026075586
2,-1,114.84751838793665,0.12127222946366219,NaN,0.06144904534825868
2,-1,114.91822867240919,0.1212073255478946,NaN,0.061476748235031686
2,-1,114.98893895756407,0.12114250157500739,NaN,0.06150443270861977
2,-1,115.0596492433997,0.1210777573942926,NaN,0.06153209879120447
2,-1,115.13035952991446,0.1210130928554229,NaN,0.06155974650493312
2,-1,115.20106981710673,0.12094850780845269,NaN,0.061587375871912486
2,-1,115.27178010497491,0.12088400210381332,NaN,0.061614986914212605
2,-1,115.34249039351741,0.12081957559231613,NaN,0.06164257965386066
2,-1,115.41320068273262,0.12075522812514725,NaN,0.06167015411285107
2,-1,115.48391097261897,0.12069095955386935,NaN,0.061697710313138365
2,-1,115.55462126317487,0.12062676973041865,NaN,0.06172524827663489
2,-1,115.62533155439873,0.12056265850710511,NaN,0.06175276802522109
2,-1,115.69604184628898,0.12049862573660937,NaN,0.061780269580736596
2,-1,115.76675213884405,0.120434671271984,NaN,0.061807752964981866
2,-1,115.83746243206238,0.1203707949666508,NaN,0.06183521819972029
2,-1,115.9081727259424,0.12030699667439944,NaN,0.06186266530667897
2,-1,115.97888302048257,0.12024327624938717,NaN,0.06189009430754869
2,-1,116.0495933156813,0.12017963354613682,NaN,0.06191750522397793
2,-1,116.12030361153708,0.12011606841953684,NaN,0.0619448980775788
2,-1,116.19101390804836,0.12005258072483875,NaN,0.061972272889933455
2,-1,116.2617242052136,0.11998917031765709,NaN,0.06199962968257497
2,-1,116.33243450303125,0.11992583705396766,NaN,0.06202696847701017
2,-1,116.4031448014998,0.1198625807901065,NaN,0.06205428929470161
2,-1,116.47385510061773,0.11979940138276929,NaN,0.06208159215707587
2,-1,116.5445654003835,0.119736298689009,NaN,0.062108877085527175
2,-1,116.61527570079562,0.11967327256623629,NaN,0.062136144101409996
2,-1,116.68598600185256,0.11961032287221723,NaN,0.06216339322603695
2,-1,116.75669630355281,0.11954744946507262,NaN,0.062190624480694234
2,-1,116.8274066058949,0.11948465220327698,NaN,0.06221783788662458
2,-1,116.89811690887728,0.11942193094565735,NaN,0.06224503346503496
2,-1,116.96882721249851,0.11935928555139237,NaN,0.062272211237097086
2,-1,117.03953751675706,0.11929671588001028,NaN,0.0622993712239468
2,-1,117.11024782165147,0.11923422179138923,NaN,0.06232651344668269
2,-1,117.18095812718026,0.11917180314575547,NaN,0.06235363792636717
2,-1,117.25166843334195,0.11910945980368175,NaN,0.06238074468402846
2,-1,117.32237874013506,0.11904719162608698,NaN,0.06240783374065423
2,-1,117.39308904755814,0.11898499847423533,NaN,0.06243490511720301
2,-1,117.46379935560971,0.11892288020973463,NaN,0.062461958834594156
2,-1,117.53450966428832,0.11886083669453486,NaN,0.062488994913707435
2,-1,117.60521997359253,0.11879886779092852,NaN,0.06251601337539342
2,-1,117.67593028352086,0.11873697336154858,NaN,0.0625430142404626
2,-1,117.74664059407188,0.1186751532693668,NaN,0.06256999752969558
2,-1,117.81735090524415,0.11861340737769428,NaN,0.06259696326382846
2,-1,117.88806121703625,0.11855173555017948,NaN,0.06262391146357033
2,-1,117.95877152944672,0.11849013765080654,NaN,0.06265084214959227
2,-1,118.0,0.11845425634369987,NaN,0.06266653632480879
